study_id,doi,crossref_title,crossref_first_author,crossref_year,crossref_container,verified_crossref,fulltext_read,fulltext_file,fulltext_obtained_by,label,crop,crop_group,trait,trait_class,tool,tool_class,manual_reference,setting,unit_of_observation,metric,reported_value,r,n,n_basis,fisher_z,se_z,r_ci_low,r_ci_high,h2_image,h2_manual,h2_ratio_image_over_manual,errvar_ratio_image_over_manual,analysis_set,period,region,location,flags,study_note,note
Lasdun2024,10.1016/j.agsy.2024.104054,Participatory AI for inclusive crop improvement,Lasdun,2024,Agricultural Systems,True,True,Lasdun2024_Participatory.md,"legal full-text retrieval",Lasdun2024 stand count Colorado multiple-plant images,bean (breeding plots; crop not stated per table cell),legume (inferred),plant stand count,plant count,"smartphone CV model, multiple-plant images",smartphone,in-field ground-truth stand count,field (breeder plots 4 m x 5 m),plot,Pearson r,r = 0.84,0.8400,,n not reported in text,1.2212,,,,,,,,primary_no_n,,Colorado,"Table 1 (Section 3.1, Materials and methods)",n missing; crop per cell not stated (text: common bean trials in Tanzania/Colombia); 3 capture modes x 3 sites not independent,,"Text (Sec. 3.1): ""Pearson Correlation values between 0.88 and 0.95 with ground truth data"" (summary statement)"
Lasdun2024,10.1016/j.agsy.2024.104054,Participatory AI for inclusive crop improvement,Lasdun,2024,Agricultural Systems,True,True,Lasdun2024_Participatory.md,"legal full-text retrieval",Lasdun2024 stand count Colorado whole-plot image,bean (breeding plots; crop not stated per table cell),legume (inferred),plant stand count,plant count,"smartphone CV model, whole-plot image",smartphone,in-field ground-truth stand count,field (breeder plots 4 m x 5 m),plot,Pearson r,r = 0.96,0.9600,,n not reported in text,1.9459,,,,,,,,primary_no_n,,Colorado,"Table 1 (Section 3.1, Materials and methods)",n missing; crop per cell not stated (text: common bean trials in Tanzania/Colombia); 3 capture modes x 3 sites not independent,,"Text (Sec. 3.1): ""Pearson Correlation values between 0.88 and 0.95 with ground truth data"" (summary statement)"
Lasdun2024,10.1016/j.agsy.2024.104054,Participatory AI for inclusive crop improvement,Lasdun,2024,Agricultural Systems,True,True,Lasdun2024_Participatory.md,"legal full-text retrieval",Lasdun2024 stand count Tanzania multiple-plant images,bean (breeding plots; crop not stated per table cell),legume (inferred),plant stand count,plant count,"smartphone CV model, multiple-plant images",smartphone,in-field ground-truth stand count,field (breeder plots 4 m x 5 m),plot,Pearson r,r = 0.99,0.9900,,n not reported in text,2.6467,,,,,,,,primary_no_n,,Tanzania,"Table 1 (Section 3.1, Materials and methods)",n missing; crop per cell not stated (text: common bean trials in Tanzania/Colombia); 3 capture modes x 3 sites not independent,,"Text (Sec. 3.1): ""Pearson Correlation values between 0.88 and 0.95 with ground truth data"" (summary statement)"
Lasdun2024,10.1016/j.agsy.2024.104054,Participatory AI for inclusive crop improvement,Lasdun,2024,Agricultural Systems,True,True,Lasdun2024_Participatory.md,"legal full-text retrieval",Lasdun2024 stand count Tanzania whole-plot image,bean (breeding plots; crop not stated per table cell),legume (inferred),plant stand count,plant count,"smartphone CV model, whole-plot image",smartphone,in-field ground-truth stand count,field (breeder plots 4 m x 5 m),plot,Pearson r,r = 0.85,0.8500,,n not reported in text,1.2562,,,,,,,,primary_no_n,,Tanzania,"Table 1 (Section 3.1, Materials and methods)",n missing; crop per cell not stated (text: common bean trials in Tanzania/Colombia); 3 capture modes x 3 sites not independent,,"Text (Sec. 3.1): ""Pearson Correlation values between 0.88 and 0.95 with ground truth data"" (summary statement)"
Lasdun2024,10.1016/j.agsy.2024.104054,Participatory AI for inclusive crop improvement,Lasdun,2024,Agricultural Systems,True,True,Lasdun2024_Participatory.md,"legal full-text retrieval",Lasdun2024 stand count Tanzania panorama,bean (breeding plots; crop not stated per table cell),legume (inferred),plant stand count,plant count,"smartphone CV model, panorama",smartphone,in-field ground-truth stand count,field (breeder plots 4 m x 5 m),plot,Pearson r,r = 0.96,0.9600,,n not reported in text,1.9459,,,,,,,,primary_no_n,,Tanzania,"Table 1 (Section 3.1, Materials and methods)",n missing; crop per cell not stated (text: common bean trials in Tanzania/Colombia); 3 capture modes x 3 sites not independent,,"Text (Sec. 3.1): ""Pearson Correlation values between 0.88 and 0.95 with ground truth data"" (summary statement)"
Lasdun2024,10.1016/j.agsy.2024.104054,Participatory AI for inclusive crop improvement,Lasdun,2024,Agricultural Systems,True,True,Lasdun2024_Participatory.md,"legal full-text retrieval",Lasdun2024 stand count Colombia multiple-plant images,bean (breeding plots; crop not stated per table cell),legume (inferred),plant stand count,plant count,"smartphone CV model, multiple-plant images",smartphone,in-field ground-truth stand count,field (breeder plots 4 m x 5 m),plot,Pearson r,r = 0.85,0.8500,,n not reported in text,1.2562,,,,,,,,primary_no_n,,Colombia,"Table 1 (Section 3.1, Materials and methods)",n missing; crop per cell not stated (text: common bean trials in Tanzania/Colombia); 3 capture modes x 3 sites not independent,,"Text (Sec. 3.1): ""Pearson Correlation values between 0.88 and 0.95 with ground truth data"" (summary statement)"
Lasdun2024,10.1016/j.agsy.2024.104054,Participatory AI for inclusive crop improvement,Lasdun,2024,Agricultural Systems,True,True,Lasdun2024_Participatory.md,"legal full-text retrieval",Lasdun2024 stand count Colombia panorama,bean (breeding plots; crop not stated per table cell),legume (inferred),plant stand count,plant count,"smartphone CV model, panorama",smartphone,in-field ground-truth stand count,field (breeder plots 4 m x 5 m),plot,Pearson r,r = 0.72,0.7200,,n not reported in text,0.9076,,,,,,,,primary_no_n,,Colombia,"Table 1 (Section 3.1, Materials and methods)",n missing; crop per cell not stated (text: common bean trials in Tanzania/Colombia); 3 capture modes x 3 sites not independent,,"Text (Sec. 3.1): ""Pearson Correlation values between 0.88 and 0.95 with ground truth data"" (summary statement)"
Volpato2023_preprint,10.21203/rs.3.rs-3160633/v1,"Digital Phenotyping in Plant Breeding: Evaluating Relative Maturity, Stand Count, and Plant Height in Dry Beans (Phaseolus vulgaris L.) via RGB Drone-Based Imagery and Deep Learning Approaches",Volpato,2023,,True,True,Volpato2023_Digital.md,"legal full-text retrieval",Volpato dry bean stand count Faster R-CNN 7 m vs manual,dry bean,legume,plant stand count,plant count,UAV RGB (7 m) + Faster R-CNN,UAV-RGB+DL,manual stand count (VC stage plants with unifoliate leaves),field (breeder plots),plot,Pearson r,r = 0.79 (R2 = 0.63),0.7900,132,132 field plots with ground-truth SC (2022 SVREC reps 1-2),1.0714,0.0880,0.7157,0.8466,,,,,primary,2022,"Michigan, USA","Results, stand count section, Fig. 4 and Table 3",preprint; n inferred from 132 GT plots; manual-annotation boxes vs GT r=0.80 (human annotation vs field count),Research Square preprint of Plant Phenomics 2024 (10.34133/plantphenomics.0278); published version full text not obtainable through legal channels; numbers may differ in published version,
Volpato2023_preprint,10.21203/rs.3.rs-3160633/v1,"Digital Phenotyping in Plant Breeding: Evaluating Relative Maturity, Stand Count, and Plant Height in Dry Beans (Phaseolus vulgaris L.) via RGB Drone-Based Imagery and Deep Learning Approaches",Volpato,2023,,True,True,Volpato2023_Digital.md,"legal full-text retrieval",Volpato dry bean annotation boxes vs manual stand count (human-vs-human reference),dry bean,legume,plant stand count,plant count,manual annotation of drone image (bounding boxes),manual image annotation,manual stand count in field,field,plot,Pearson r,r = 0.80 (R2 = 0.63),0.8000,132,132 GT plots,1.0986,0.0880,0.7287,0.8541,,,,,context_manual_reliability,2022,"Michigan, USA","Results, stand count section (annotation boxes vs GT)",human image-annotation vs human field count; shows ceiling for image-vs-field agreement,Research Square preprint of Plant Phenomics 2024 (10.34133/plantphenomics.0278); published version full text not obtainable through legal channels; numbers may differ in published version,
Volpato2023_preprint,10.21203/rs.3.rs-3160633/v1,"Digital Phenotyping in Plant Breeding: Evaluating Relative Maturity, Stand Count, and Plant Height in Dry Beans (Phaseolus vulgaris L.) via RGB Drone-Based Imagery and Deep Learning Approaches",Volpato,2023,,True,True,Volpato2023_Digital.md,"legal full-text retrieval",Volpato dry bean plant height point-cloud vs manual (mean of 5 environments),dry bean,legume,plant height,height,UAV RGB point cloud (SfM),UAV-RGB,meter-stick height of representative plants,field,plot,Pearson r,mean r = 0.55 across 5 environments (range 0.39-0.79); CSM/DSM mean 0.52,0.5500,,n per environment not stated in text (Table 4 values are in figure-like table),0.6184,,,,,,,,primary_no_n,2020-2022,"Michigan, USA","Results, plant height section, Table 4",preprint; mean of 5 environment-level r (not Fisher-averaged by authors); n missing,Research Square preprint of Plant Phenomics 2024 (10.34133/plantphenomics.0278); published version full text not obtainable through legal channels; numbers may differ in published version,
Volpato2023_preprint,10.21203/rs.3.rs-3160633/v1,"Digital Phenotyping in Plant Breeding: Evaluating Relative Maturity, Stand Count, and Plant Height in Dry Beans (Phaseolus vulgaris L.) via RGB Drone-Based Imagery and Deep Learning Approaches",Volpato,2023,,True,True,Volpato2023_Digital.md,"legal full-text retrieval",Volpato dry bean relative maturity CNN-LSTM vs visual maturity date 2020 SVREC,dry bean,legume,relative maturity (days),maturity,UAV RGB time series + CNN-LSTM,UAV-RGB+DL,"visual plot maturity date (technicians, twice weekly)",field,plot,Pearson r,r = 0.98 (test),0.9800,,held-out test partition (20% of plots) size per environment not stated,2.2976,,,,,,,,secondary_model_based,2020,"Michigan, USA","Results, relative maturity section and Table 2",model-based held-out r; n missing; 2020 SVREC r inflated by two planting dates (authors); 2021 SVREC r=0.32 poor,Research Square preprint of Plant Phenomics 2024 (10.34133/plantphenomics.0278); published version full text not obtainable through legal channels; numbers may differ in published version,
Volpato2023_preprint,10.21203/rs.3.rs-3160633/v1,"Digital Phenotyping in Plant Breeding: Evaluating Relative Maturity, Stand Count, and Plant Height in Dry Beans (Phaseolus vulgaris L.) via RGB Drone-Based Imagery and Deep Learning Approaches",Volpato,2023,,True,True,Volpato2023_Digital.md,"legal full-text retrieval",Volpato dry bean relative maturity CNN-LSTM vs visual maturity date 2021 SVREC,dry bean,legume,relative maturity (days),maturity,UAV RGB time series + CNN-LSTM,UAV-RGB+DL,"visual plot maturity date (technicians, twice weekly)",field,plot,Pearson r,"r = 0.32 (test, 6 flights, 512x128)",0.3200,,held-out test partition (20% of plots) size per environment not stated,0.3316,,,,,,,,secondary_model_based,2021,"Michigan, USA","Results, relative maturity section and Table 2",model-based held-out r; n missing; 2020 SVREC r inflated by two planting dates (authors); 2021 SVREC r=0.32 poor,Research Square preprint of Plant Phenomics 2024 (10.34133/plantphenomics.0278); published version full text not obtainable through legal channels; numbers may differ in published version,
Volpato2023_preprint,10.21203/rs.3.rs-3160633/v1,"Digital Phenotyping in Plant Breeding: Evaluating Relative Maturity, Stand Count, and Plant Height in Dry Beans (Phaseolus vulgaris L.) via RGB Drone-Based Imagery and Deep Learning Approaches",Volpato,2023,,True,True,Volpato2023_Digital.md,"legal full-text retrieval",Volpato dry bean relative maturity CNN-LSTM vs visual maturity date 2021 HURON,dry bean,legume,relative maturity (days),maturity,UAV RGB time series + CNN-LSTM,UAV-RGB+DL,"visual plot maturity date (technicians, twice weekly)",field,plot,Pearson r,r = 0.82 (test),0.8200,,held-out test partition (20% of plots) size per environment not stated,1.1568,,,,,,,,secondary_model_based,2021,"Michigan, USA","Results, relative maturity section and Table 2",model-based held-out r; n missing; 2020 SVREC r inflated by two planting dates (authors); 2021 SVREC r=0.32 poor,Research Square preprint of Plant Phenomics 2024 (10.34133/plantphenomics.0278); published version full text not obtainable through legal channels; numbers may differ in published version,
Volpato2023_preprint,10.21203/rs.3.rs-3160633/v1,"Digital Phenotyping in Plant Breeding: Evaluating Relative Maturity, Stand Count, and Plant Height in Dry Beans (Phaseolus vulgaris L.) via RGB Drone-Based Imagery and Deep Learning Approaches",Volpato,2023,,True,True,Volpato2023_Digital.md,"legal full-text retrieval",Volpato dry bean relative maturity CNN-LSTM vs visual maturity date 2022 SVREC,dry bean,legume,relative maturity (days),maturity,UAV RGB time series + CNN-LSTM,UAV-RGB+DL,"visual plot maturity date (technicians, twice weekly)",field,plot,Pearson r,"r = 0.79 (test, 512x128)",0.7900,,held-out test partition (20% of plots) size per environment not stated,1.0714,,,,,,,,secondary_model_based,2022,"Michigan, USA","Results, relative maturity section and Table 2",model-based held-out r; n missing; 2020 SVREC r inflated by two planting dates (authors); 2021 SVREC r=0.32 poor,Research Square preprint of Plant Phenomics 2024 (10.34133/plantphenomics.0278); published version full text not obtainable through legal channels; numbers may differ in published version,
Mohammadi2024,10.1007/s11119-024-10121-4,Enhancing phenotyping efficiency in faba bean breeding: integrating UAV imaging and machine learning,Mohammadi,2024,Precision Agriculture,True,True,Mohammadi2024_Enhancing.md,"legal full-text retrieval","Mohammadi faba bean plant height UAV vs manual DAS 87 (BBCH 70, pre-lodging)",faba bean,legume,plant height,height,UAV RGB photogrammetry,UAV-RGB,manual ruler plant height,"field (RCBD, 38 cultivars x 4 reps)",plot,Pearson r,r = 0.93 at DAS 79 and DAS 87,0.9300,152,152 plots,1.6584,0.0819,0.9048,0.9487,,,,,primary,2022,Norway,Results (Plant height) paragraph; Fig. 4a,highest single-date r (DAS 79 and 87 equal 0.93); earlier dates lower,,
Mohammadi2024,10.1007/s11119-024-10121-4,Enhancing phenotyping efficiency in faba bean breeding: integrating UAV imaging and machine learning,Mohammadi,2024,Precision Agriculture,True,True,Mohammadi2024_Enhancing.md,"legal full-text retrieval",Mohammadi faba bean plant height UAV vs manual DAS 47 (earliest),faba bean,legume,plant height,height,UAV RGB photogrammetry,UAV-RGB,manual ruler plant height,field,plot,Pearson r,r = 0.35 at DAS 47,0.3500,152,152 plots,0.3654,0.0819,0.2021,0.4823,,,,,secondary_nonindependent,2022,Norway,Results (Plant height) paragraph; Discussion,"same plots as primary row, early stage (uneven germination)",,
Mohammadi2024,10.1007/s11119-024-10121-4,Enhancing phenotyping efficiency in faba bean breeding: integrating UAV imaging and machine learning,Mohammadi,2024,Precision Agriculture,True,True,Mohammadi2024_Enhancing.md,"legal full-text retrieval",Mohammadi faba bean plant height UAV vs manual pooled over 6 dates,faba bean,legume,plant height,height,UAV RGB photogrammetry,UAV-RGB,manual ruler plant height,field,plot-date,Pearson r,"overall r = 0.97, RMSE 6 cm",0.9700,912,152 plots x 6 dates (derived),2.0923,0.0332,0.9659,0.9736,,,,,secondary_nonindependent,2022,Norway,Results (Plant height) paragraph; Fig. 4a,"pooled over dates inflates r (authors: single-date variation low); abstract calls 0.97 ""R2""; n derived",,
Guo2025,10.3389/fpls.2025.1583526,DLML-PC: an automated deep learning and metric learning approach for precise soybean pod classification and counting in intact plants,Guo,2025,Frontiers in Plant Science,True,True,Guo2025_Dlml.md,"legal full-text retrieval",Guo2025 soybean total pod count (fusion DL+metric learning) vs manual count,soybean,legume,pod number per plant,seed/pod count,iPhone 13 images in LED studio + YOLOX/Siamese network,smartphone+DL,manual pod counts on the same plants,field-grown mature plants imaged in studio,plant,Pearson r,R = 0.9664 (total pods),0.9664,50,50 reference plants (Sec. 2.1),2.0347,0.1459,0.9412,0.9809,,,,,primary,,,Abstract; Results Table 3,plants imaged in a studio box (not in-field); n=50 stated for reference plants,,
Guo2025,10.3389/fpls.2025.1583526,DLML-PC: an automated deep learning and metric learning approach for precise soybean pod classification and counting in intact plants,Guo,2025,Frontiers in Plant Science,True,True,Guo2025_Dlml.md,"legal full-text retrieval",Guo2025 soybean one-seed pod count vs manual,soybean,legume,one-seed pods per plant,seed/pod count,iPhone 13 images + YOLOX/Siamese,smartphone+DL,manual counts,studio imaging of field plants,plant,Pearson r,R = 0.9265,0.9265,50,50 reference plants,1.6331,0.1459,0.8734,0.9578,,,,,secondary_nonindependent,,,Table 3,same 50 plants as total-pod row,,
Guo2025,10.3389/fpls.2025.1583526,DLML-PC: an automated deep learning and metric learning approach for precise soybean pod classification and counting in intact plants,Guo,2025,Frontiers in Plant Science,True,True,Guo2025_Dlml.md,"legal full-text retrieval",Guo2025 soybean two-seed pod count vs manual,soybean,legume,two-seed pods per plant,seed/pod count,iPhone 13 images + YOLOX/Siamese,smartphone+DL,manual counts,studio imaging of field plants,plant,Pearson r,R = 0.9517,0.9517,50,50 reference plants,1.8495,0.1459,0.9160,0.9724,,,,,secondary_nonindependent,,,Table 3,same 50 plants as total-pod row,,
Guo2025,10.3389/fpls.2025.1583526,DLML-PC: an automated deep learning and metric learning approach for precise soybean pod classification and counting in intact plants,Guo,2025,Frontiers in Plant Science,True,True,Guo2025_Dlml.md,"legal full-text retrieval",Guo2025 soybean three-seed pod count vs manual,soybean,legume,three-seed pods per plant,seed/pod count,iPhone 13 images + YOLOX/Siamese,smartphone+DL,manual counts,studio imaging of field plants,plant,Pearson r,R = 0.969,0.9690,50,50 reference plants,2.0756,0.1459,0.9457,0.9824,,,,,secondary_nonindependent,,,Table 3,same 50 plants as total-pod row,,
Guo2025,10.3389/fpls.2025.1583526,DLML-PC: an automated deep learning and metric learning approach for precise soybean pod classification and counting in intact plants,Guo,2025,Frontiers in Plant Science,True,True,Guo2025_Dlml.md,"legal full-text retrieval",Guo2025 soybean four-seed pod count vs manual,soybean,legume,four-seed pods per plant,seed/pod count,iPhone 13 images + YOLOX/Siamese,smartphone+DL,manual counts,studio imaging of field plants,plant,Pearson r,R = 0.9493,0.9493,50,50 reference plants,1.8246,0.1459,0.9119,0.9711,,,,,secondary_nonindependent,,,Table 3,same 50 plants as total-pod row,,
Guo2025,10.3389/fpls.2025.1583526,DLML-PC: an automated deep learning and metric learning approach for precise soybean pod classification and counting in intact plants,Guo,2025,Frontiers in Plant Science,True,True,Guo2025_Dlml.md,"legal full-text retrieval",Guo2025 soybean total pod count (object detection only) vs manual,soybean,legume,pod number per plant,seed/pod count,iPhone 13 images + YOLOX only,smartphone+DL,manual counts,studio imaging of field plants,plant,Pearson r,R = 0.8856,0.8856,50,50 reference plants,1.4012,0.1459,0.8059,0.9338,,,,,secondary_nonindependent,,,Table 3,"weaker algorithm variant, same plants",,
McDonald2022,10.1186/s13007-022-00934-7,"Automated, image-based disease measurement for phenotyping resistance to soybean frogeye leaf spot",McDonald,2022,Plant Methods,True,True,McDonald2022_Automated.md,"legal full-text retrieval",McDonald soybean frogeye leaf spot: % diseased leaf area vs 1-5 visual scale (single rater),soybean,legume,frogeye leaf spot severity (% leaf area),disease severity,"automated image analysis (RGB, colour thresholding)",camera image pipeline,"visual 1-5 ordinal scale (standard area diagram), one rater","greenhouse (RCBD, breeding screening)",plant,Spearman rho,rho = 0.85,0.8500,2096,2096 plants,1.2562,0.0219,0.8377,0.8615,,,,,primary,,"Georgia, USA","Results, last paragraph before Discussion",Spearman rank correlation used as r; ordinal 1-5 reference; greenhouse not field,,
McDonald2022,10.1186/s13007-022-00934-7,"Automated, image-based disease measurement for phenotyping resistance to soybean frogeye leaf spot",McDonald,2022,Plant Methods,True,True,McDonald2022_Automated.md,"legal full-text retrieval",McDonald soybean frogeye: lesion number vs 1-5 visual scale,soybean,legume,frogeye lesion count,disease severity,automated image analysis,camera image pipeline,visual 1-5 ordinal scale,greenhouse,plant,Spearman rho,rho = 0.83,0.8300,2096,2096 plants,1.1881,0.0219,0.8162,0.8429,,,,,secondary_nonindependent,,"Georgia, USA",Results,same plants as severity row,,
McDonald2022,10.1186/s13007-022-00934-7,"Automated, image-based disease measurement for phenotyping resistance to soybean frogeye leaf spot",McDonald,2022,Plant Methods,True,True,McDonald2022_Automated.md,"legal full-text retrieval",McDonald soybean frogeye: % diseased leaf area automatic vs manually corrected,soybean,legume,frogeye leaf spot severity (% leaf area),disease severity,automated image analysis,camera image pipeline,manual correction of detected lesions in ImageJ,greenhouse,image,Pearson r,r = 0.998,0.9980,75,75 images,3.4534,0.1179,0.9968,0.9987,,,,,secondary_circular,,"Georgia, USA","Results, Fig. 3",reference is a manual correction of the automated output (partly circular),,
McDonald2022,10.1186/s13007-022-00934-7,"Automated, image-based disease measurement for phenotyping resistance to soybean frogeye leaf spot",McDonald,2022,Plant Methods,True,True,McDonald2022_Automated.md,"legal full-text retrieval",McDonald soybean frogeye: lesion number automatic vs manually corrected,soybean,legume,frogeye lesion count,disease severity,automated image analysis,camera image pipeline,manual correction in ImageJ,greenhouse,image,Pearson r,r = 0.997,0.9970,75,75 images,3.2504,0.1179,0.9952,0.9981,,,,,secondary_circular,,"Georgia, USA","Results, Fig. 3",circular reference,,
Liu2021,10.3389/fpls.2021.770217,PocketMaize: An Android-Smartphone Application for Maize Plant Phenotyping,Liu,2021,Frontiers in Plant Science,True,True,Liu2021_Pocketmaize.md,"legal full-text retrieval",Liu2021 PocketMaize in-field plant height,maize,non-legume,plant height,height,Android smartphone app (DeepLabV3+ + trait algorithms),smartphone,manual plant height,in-field,plant,R2 -> r,R2 = 0.958,0.9788,90,"""Ninety maize plants were planted in a plastic pot and in the field"" (Materials; approximate)",2.2681,0.1072,0.9679,0.9860,,,,,primary,2015,"Wuhan, China",Results Fig. 8-10 text (pp. 9-10),R2 of regression model (biomass/leaf area models fitted with stepwise regression; possible in-sample fit); n approximate,,
Liu2021,10.3389/fpls.2021.770217,PocketMaize: An Android-Smartphone Application for Maize Plant Phenotyping,Liu,2021,Frontiers in Plant Science,True,True,Liu2021_Pocketmaize.md,"legal full-text retrieval",Liu2021 PocketMaize in-field leaf area,maize,non-legume,leaf area,leaf area,Android smartphone app (DeepLabV3+ + trait algorithms),smartphone,high-throughput leaf scoring (HLS) leaf area,in-field,plant,R2 -> r,R2 = 0.79,0.8888,90,"""Ninety maize plants were planted in a plastic pot and in the field"" (Materials; approximate)",1.4162,0.1072,0.8355,0.9255,,,,,secondary_other_trait,2015,"Wuhan, China",Results Fig. 8-10 text (pp. 9-10),R2 of regression model (biomass/leaf area models fitted with stepwise regression; possible in-sample fit); n approximate,,
Liu2021,10.3389/fpls.2021.770217,PocketMaize: An Android-Smartphone Application for Maize Plant Phenotyping,Liu,2021,Frontiers in Plant Science,True,True,Liu2021_Pocketmaize.md,"legal full-text retrieval",Liu2021 PocketMaize in-field leaf dry weight,maize,non-legume,leaf dry weight,biomass,Android smartphone app (DeepLabV3+ + trait algorithms),smartphone,manual leaf dry weight,in-field,plant,R2 -> r,R2 = 0.77,0.8775,90,"""Ninety maize plants were planted in a plastic pot and in the field"" (Materials; approximate)",1.3648,0.1072,0.8193,0.9178,,,,,secondary_other_trait,2015,"Wuhan, China",Results Fig. 8-10 text (pp. 9-10),R2 of regression model (biomass/leaf area models fitted with stepwise regression; possible in-sample fit); n approximate,,
Liu2021,10.3389/fpls.2021.770217,PocketMaize: An Android-Smartphone Application for Maize Plant Phenotyping,Liu,2021,Frontiers in Plant Science,True,True,Liu2021_Pocketmaize.md,"legal full-text retrieval",Liu2021 PocketMaize in-field stem dry weight,maize,non-legume,stem dry weight,biomass,Android smartphone app (DeepLabV3+ + trait algorithms),smartphone,manual stem dry weight,in-field,plant,R2 -> r,R2 = 0.88,0.9381,90,"""Ninety maize plants were planted in a plastic pot and in the field"" (Materials; approximate)",1.7220,0.1072,0.9073,0.9589,,,,,secondary_other_trait,2015,"Wuhan, China",Results Fig. 8-10 text (pp. 9-10),R2 of regression model (biomass/leaf area models fitted with stepwise regression; possible in-sample fit); n approximate,,
Liu2021,10.3389/fpls.2021.770217,PocketMaize: An Android-Smartphone Application for Maize Plant Phenotyping,Liu,2021,Frontiers in Plant Science,True,True,Liu2021_Pocketmaize.md,"legal full-text retrieval",Liu2021 PocketMaize potted plant height,maize,non-legume,plant height,height,Android smartphone app,smartphone,manual measurement,potted plants (not field),plant,R2 -> r,R2 = 0.928,0.9633,90,"approx., 90 potted plants",1.9898,0.1072,0.9447,0.9757,,,,,secondary_pot,2015,"Wuhan, China",Results Fig. 8-10 text,potted not field; n approximate,,
Liu2021,10.3389/fpls.2021.770217,PocketMaize: An Android-Smartphone Application for Maize Plant Phenotyping,Liu,2021,Frontiers in Plant Science,True,True,Liu2021_Pocketmaize.md,"legal full-text retrieval",Liu2021 PocketMaize potted leaf area,maize,non-legume,leaf area,leaf area,Android smartphone app,smartphone,manual measurement,potted plants (not field),plant,R2 -> r,R2 = 0.61,0.7810,90,"approx., 90 potted plants",1.0479,0.1072,0.6846,0.8505,,,,,secondary_pot,2015,"Wuhan, China",Results Fig. 8-10 text,potted not field; n approximate,,
Liu2021,10.3389/fpls.2021.770217,PocketMaize: An Android-Smartphone Application for Maize Plant Phenotyping,Liu,2021,Frontiers in Plant Science,True,True,Liu2021_Pocketmaize.md,"legal full-text retrieval",Liu2021 PocketMaize potted leaf dry weight,maize,non-legume,leaf dry weight,biomass,Android smartphone app,smartphone,manual measurement,potted plants (not field),plant,R2 -> r,R2 = 0.46,0.6782,90,"approx., 90 potted plants",0.8258,0.1072,0.5481,0.7763,,,,,secondary_pot,2015,"Wuhan, China",Results Fig. 8-10 text,potted not field; n approximate,,
Liu2021,10.3389/fpls.2021.770217,PocketMaize: An Android-Smartphone Application for Maize Plant Phenotyping,Liu,2021,Frontiers in Plant Science,True,True,Liu2021_Pocketmaize.md,"legal full-text retrieval",Liu2021 PocketMaize potted stem dry weight,maize,non-legume,stem dry weight,biomass,Android smartphone app,smartphone,manual measurement,potted plants (not field),plant,R2 -> r,R2 = 0.64,0.8000,90,"approx., 90 potted plants",1.0986,0.1072,0.7106,0.8640,,,,,secondary_pot,2015,"Wuhan, China",Results Fig. 8-10 text,potted not field; n approximate,,
Zang2023,10.1186/s13007-023-01012-2,Field-measured canopy height may not be as accurate and heritable as believed: evidence from advanced 3D sensing,Zang,2023,Plant Methods,True,True,Zang2023_Field.md,"legal full-text retrieval",Zang2023 wheat canopy height DAP (drone RGB photogrammetry) vs field ruler,wheat,non-legume,canopy height,height,UAV RGB digital aerial photogrammetry (H99),UAV-RGB,ruler field measurement (FM),"field (480 plots, 4 growth stages)",plot-stage,Pearson r,r = 0.83,0.8300,1920,1920 plot x stage observations (480 plots x 4 stages),1.1881,0.0228,0.8155,0.8434,,,,,primary,,"Nanjing, China","Results, ""Comparing different 3D sensing..."": best correlations 0.89/0.89/0.82/0.83 (Fig. 5)",repeated stages on same plots (non-independent),,
Zang2023,10.1186/s13007-023-01012-2,Field-measured canopy height may not be as accurate and heritable as believed: evidence from advanced 3D sensing,Zang,2023,Plant Methods,True,True,Zang2023_Field.md,"legal full-text retrieval","Zang2023 wheat canopy height TLS (laser, not image) vs field ruler",wheat,non-legume,canopy height,height,TLS LiDAR laser scanning,LiDAR (not image-based),ruler FM,field,plot-stage,Pearson r,r = 0.89,0.8900,1920,1920 plot-stage obs.,1.4219,0.0228,0.8803,0.8989,,,,,secondary_non_image,,"Nanjing, China",Results (Fig. 5),LiDAR not image-based; kept for context,,
Zang2023,10.1186/s13007-023-01012-2,Field-measured canopy height may not be as accurate and heritable as believed: evidence from advanced 3D sensing,Zang,2023,Plant Methods,True,True,Zang2023_Field.md,"legal full-text retrieval","Zang2023 wheat canopy height BLS (laser, not image) vs field ruler",wheat,non-legume,canopy height,height,BLS LiDAR laser scanning,LiDAR (not image-based),ruler FM,field,plot-stage,Pearson r,r = 0.89,0.8900,1920,1920 plot-stage obs.,1.4219,0.0228,0.8803,0.8989,,,,,secondary_non_image,,"Nanjing, China",Results (Fig. 5),LiDAR not image-based; kept for context,,
Zang2023,10.1186/s13007-023-01012-2,Field-measured canopy height may not be as accurate and heritable as believed: evidence from advanced 3D sensing,Zang,2023,Plant Methods,True,True,Zang2023_Field.md,"legal full-text retrieval","Zang2023 wheat canopy height GLS (laser, not image) vs field ruler",wheat,non-legume,canopy height,height,GLS LiDAR laser scanning,LiDAR (not image-based),ruler FM,field,plot-stage,Pearson r,r = 0.82,0.8200,1365,1365 plots (height < 0.82 m),1.1568,0.0271,0.8018,0.8367,,,,,secondary_non_image,,"Nanjing, China",Results (Fig. 5),LiDAR not image-based; kept for context,,
Zang2023,10.1186/s13007-023-01012-2,Field-measured canopy height may not be as accurate and heritable as believed: evidence from advanced 3D sensing,Zang,2023,Plant Methods,True,True,Zang2023_Field.md,"legal full-text retrieval",Zang2023 wheat canopy height H2: DAP vs FM (growth-stage groups),wheat,non-legume,canopy height,height,UAV RGB photogrammetry,UAV-RGB,ruler FM,field,plot,H2 pair,"H2 DAP 0.79 vs FM 0.77 (mean over growth-stage groups); TLS 0.89, BLS 0.85, GLS 0.81",,480,480 plots x 4 stages; H2 by GS group,,,,,0.7900,0.7700,1.0260,0.8899,primary_h2,,"Nanjing, China","Results, ""Comparing the broad sense heritability..."" and Table 6",H2 on same plots; broad-sense incl. G x N-treatment interaction,,
Zang2023,10.1186/s13007-023-01012-2,Field-measured canopy height may not be as accurate and heritable as believed: evidence from advanced 3D sensing,Zang,2023,Plant Methods,True,True,Zang2023_Field.md,"legal full-text retrieval",Zang2023 wheat canopy height H2: DAP vs FM (canopy-height groups),wheat,non-legume,canopy height,height,UAV RGB photogrammetry,UAV-RGB,ruler FM,field,plot,H2 pair,H2 DAP 0.66 vs FM 0.60 (mean over CH groups),,480,480 plots,,,,,0.6600,0.6000,1.1000,0.7727,secondary_nonindependent,,"Nanjing, China","Results heritability paragraph, Table 6",sub-grouping of same data,,
Zang2023,10.1186/s13007-023-01012-2,Field-measured canopy height may not be as accurate and heritable as believed: evidence from advanced 3D sensing,Zang,2023,Plant Methods,True,True,Zang2023_Field.md,"legal full-text retrieval",Zang2023 wheat canopy height H2: DAP vs FM (LAI groups),wheat,non-legume,canopy height,height,UAV RGB photogrammetry,UAV-RGB,ruler FM,field,plot,H2 pair,H2 DAP 0.84 vs FM 0.83 (mean over LAI groups),,480,480 plots,,,,,0.8400,0.8300,1.0120,0.9300,secondary_nonindependent,,"Nanjing, China","Results heritability paragraph, Table 6",sub-grouping of same data,,
Zang2022_preprint,10.21203/rs.3.rs-1469702/v1,Estimation of plant density and plant height of winter wheat breeding material based on UAV digital images,zang,2022,,True,True,zang2022_Estimation.md,"legal full-text retrieval",Zang2022 wheat plant height UAV DSM vs measured (jointing-grain filling),winter wheat,non-legume,plant height,height,UAV RGB DSM,UAV-RGB,ground-measured plant height,field breeding material (501 plots),plot-stage,R2 -> r,"R2 = 0.9554, RMSE 6.32 cm",0.9774,2004,501 plots x 4 stages = 2004 heights,2.2358,0.0224,0.9754,0.9793,,,,,primary,2020-2021,"Henan, China",Results; Abstract,preprint; R2 of calibrated model; non-independent stages,Research Square preprint (not peer reviewed),
Zang2022_preprint,10.21203/rs.3.rs-1469702/v1,Estimation of plant density and plant height of winter wheat breeding material based on UAV digital images,zang,2022,,True,True,zang2022_Estimation.md,"legal full-text retrieval",Zang2022 wheat plant density from UAV canopy coverage vs manual density,winter wheat,non-legume,plant density (seedling),plant count,UAV RGB coverage -> density regression,UAV-RGB,manual plant density (two 0.5 m sample points per plot),field,plot,R2 -> r,R2 = 0.8205,0.9058,501,501 plots (assumed one density value per plot),1.5036,0.0448,0.8887,0.9204,,,,,secondary_proxy,2020,"Henan, China",Results Fig. 5; Abstract,preprint; coverage is a proxy regressed on density (indirect); n assumed,Research Square preprint (not peer reviewed),
Banerjee2021,10.3390/rs13152918,Machine Learning Regression Analysis for Estimation of Crop Emergence Using Multispectral UAV Imagery,Banerjee,2021,Remote Sensing,True,True,Banerjee2021_Machine.md,"legal full-text retrieval","Banerjee wheat seedling emergence count from multispectral UAV (GPR, held-out test) vs manual count",wheat,non-legume,seedling emergence count,plant count,UAV multispectral + Gaussian process regression,UAV-multispectral+ML,manual seedling count per row-plot,field (20 genotypes x 4 reps x 5 rows),row-plot,R2 -> r,"R2 = 0.86 (RMSE 4.07, MAE 3.21), 20% hold-out",0.9274,80,20% of 400 row-plots (derived from stated 80/20 split),1.6395,0.1140,0.8888,0.9529,,,,,primary,,"Victoria, Australia",Abstract; Results (Fig. 4a),n derived (20% of 400); 5-fold CV R2 = 0.81 at 10 m altitude,,
FernandezGallego2018,10.1186/s13007-018-0289-4,Wheat ear counting in-field conditions: high throughput and low-cost approach using RGB images,Fernandez-Gallego,2018,Plant Methods,True,True,FernandezGallego2018_Wheat.md,"legal full-text retrieval",Fernandez-Gallego wheat ear counting Aranjuez irrigated anthesis (May 12),durum wheat,non-legume,ear density (ears per image),plant count,RGB zenithal image + Laplacian/Find Maxima algorithm,digital camera + algorithm,manual ear counting on the same image,field,image,Pearson r,r = 0.79,0.7900,72,72 images,1.0714,0.1204,0.6834,0.8636,,,,,primary,2014/2015,Spain,Table 1 (original RGB row),reference is manual counts ON the image (not in situ); 24 varieties,,
FernandezGallego2018,10.1186/s13007-018-0289-4,Wheat ear counting in-field conditions: high throughput and low-cost approach using RGB images,Fernandez-Gallego,2018,Plant Methods,True,True,FernandezGallego2018_Wheat.md,"legal full-text retrieval",Fernandez-Gallego wheat ear counting Aranjuez rainfed anthesis (May 12),durum wheat,non-legume,ear density (ears per image),plant count,RGB zenithal image + Laplacian/Find Maxima algorithm,digital camera + algorithm,manual ear counting on the same image,field,image,Pearson r,r = 0.72,0.7200,24,24 images,0.9076,0.2182,0.4462,0.8706,,,,,primary,2014/2015,Spain,Table 1 (original RGB row),reference is manual counts ON the image (not in situ); 24 varieties,,
FernandezGallego2018,10.1186/s13007-018-0289-4,Wheat ear counting in-field conditions: high throughput and low-cost approach using RGB images,Fernandez-Gallego,2018,Plant Methods,True,True,FernandezGallego2018_Wheat.md,"legal full-text retrieval",Fernandez-Gallego wheat ear counting Valladolid irrigated late grain filling (Jun 9),durum wheat,non-legume,ear density (ears per image),plant count,RGB zenithal image + Laplacian/Find Maxima algorithm,digital camera + algorithm,manual ear counting on the same image,field,image,Pearson r,r = 0.87,0.8700,24,24 images,1.3331,0.2182,0.7189,0.9426,,,,,primary,2014/2015,Spain,Table 1 (original RGB row),reference is manual counts ON the image (not in situ); 24 varieties,,
FernandezGallego2018,10.1186/s13007-018-0289-4,Wheat ear counting in-field conditions: high throughput and low-cost approach using RGB images,Fernandez-Gallego,2018,Plant Methods,True,True,FernandezGallego2018_Wheat.md,"legal full-text retrieval",Fernandez-Gallego wheat ear counting Valladolid rainfed late grain filling (Jun 9),durum wheat,non-legume,ear density (ears per image),plant count,RGB zenithal image + Laplacian/Find Maxima algorithm,digital camera + algorithm,manual ear counting on the same image,field,image,Pearson r,r = 0.42,0.4200,24,24 images,0.4477,0.2182,0.0200,0.7041,,,,,primary,2014/2015,Spain,Table 1 (original RGB row),reference is manual counts ON the image (not in situ); 24 varieties,,
SadeghiTehran2019,10.3389/fpls.2019.01176,DeepCount: In-Field Automatic Quantification of Wheat Spikes Using Simple Linear Iterative Clustering and Deep Convolutional Neural Networks,Sadeghi-Tehran,2019,Frontiers in Plant Science,True,True,SadeghiTehran2019_Deepcount.md,"legal full-text retrieval",DeepCount wheat spikes vs manual image-based annotation (126 images),wheat,non-legume,ear count per image,plant count,DeepCount (SLIC + CNN) on field RGB images,RGB camera + CNN,manual annotation of ears on the same images,field (Field Scanalyzer),image,R2 -> r,"R2 = 0.94 (RMSE 25.1, rRMSE 11%)",0.9695,126,"126 images (72 in 2015-FS, 54 in 2016-FS)",2.0839,0.0902,0.9568,0.9785,,,,,secondary_image_reference,,UK,Results Fig. 12B,"reference = manual counts on image, not in situ",,
SadeghiTehran2019,10.3389/fpls.2019.01176,DeepCount: In-Field Automatic Quantification of Wheat Spikes Using Simple Linear Iterative Clustering and Deep Convolutional Neural Networks,Sadeghi-Tehran,2019,Frontiers in Plant Science,True,True,SadeghiTehran2019_Deepcount.md,"legal full-text retrieval","DeepCount wheat spikes vs in-situ field counts, 2016-FS",wheat,non-legume,ears per m2,plant count,DeepCount on field RGB images,RGB camera + CNN,manual field count (6 rows x 1 m),field,plot,R2 -> r,R2 = 0.89,0.9434,54,54 images/plots of 2016-FS (Methods),1.7681,0.1400,0.9040,0.9669,,,,,primary,2016,UK,Results Fig. 13 text (Discussion para.),n taken from the number of images in 2016-FS,,
SadeghiTehran2019,10.3389/fpls.2019.01176,DeepCount: In-Field Automatic Quantification of Wheat Spikes Using Simple Linear Iterative Clustering and Deep Convolutional Neural Networks,Sadeghi-Tehran,2019,Frontiers in Plant Science,True,True,SadeghiTehran2019_Deepcount.md,"legal full-text retrieval","DeepCount wheat spikes vs in-situ field counts, 2015-FS",wheat,non-legume,ears per m2,plant count,DeepCount on field RGB images,RGB camera + CNN,manual field count (6 rows x 1 m),field,plot,R2 -> r,R2 = 0.70,0.8367,72,72 images/plots of 2015-FS,1.2101,0.1204,0.7505,0.8949,,,,,primary,2015,UK,Results Fig. 13 text,n taken from the number of images in 2015-FS,,
SadeghiTehran2019,10.3389/fpls.2019.01176,DeepCount: In-Field Automatic Quantification of Wheat Spikes Using Simple Linear Iterative Clustering and Deep Convolutional Neural Networks,Sadeghi-Tehran,2019,Frontiers in Plant Science,True,True,SadeghiTehran2019_Deepcount.md,"legal full-text retrieval","DeepCount wheat spikes vs in-situ field counts, all datasets pooled",wheat,non-legume,ears per m2,plant count,DeepCount,RGB camera + CNN,manual field count,field,plot,R2 -> r,"R2 = 0.72, rRMSE 15%",0.8485,,not stated,1.2508,,,,,,,,secondary_nonindependent,,UK,Discussion paragraph on Fig. 13E,pooled over the three trials above (+ WGIN R2=0.57); n missing,,
Komyshev2017,10.3389/fpls.2016.01990,"Evaluation of the SeedCounter, A Mobile Application for Grain Phenotyping",Komyshev,2017,Frontiers in Plant Science,True,True,Komyshev2017_Evaluation.md,"legal full-text retrieval",Komyshev SeedCounter wheat grain number vs actual number (mean of 18 device x lighting series),wheat,non-legume,grain number on sheet,seed/pod count,SeedCounter Android app (3 smartphones x 6 lighting conditions),smartphone,"known number of grains (50 grains, one removed each time)",laboratory (grains on paper sheet),image,Pearson r,range 0.992-0.999 across 18 series; Fisher-z mean computed by the authors,0.9967,40,40 images per series (Methods),3.2027,0.1644,0.9937,0.9983,,,,,secondary_lab,,,Table 2,lab; reference is known count; r is Fisher-z mean of 18 reported r (non-independent series),,
Komyshev2017,10.3389/fpls.2016.01990,"Evaluation of the SeedCounter, A Mobile Application for Grain Phenotyping",Komyshev,2017,Frontiers in Plant Science,True,True,Komyshev2017_Evaluation.md,"legal full-text retrieval",Komyshev SeedCounter wheat grain length vs microscope measurement (mean of 18 series),wheat,non-legume,grain length,seed size,SeedCounter Android app,smartphone,microscope + digital camera measurement of 250 grains,laboratory,grain,Pearson r,range 0.797-0.950 across 18 series; Fisher-z mean computed,0.9201,250,250 grains of 5 varieties (Methods),1.5897,0.0636,0.8986,0.9372,,,,,secondary_lab,,,Table 3,lab; Fisher-z mean of reported r,,
Komyshev2017,10.3389/fpls.2016.01990,"Evaluation of the SeedCounter, A Mobile Application for Grain Phenotyping",Komyshev,2017,Frontiers in Plant Science,True,True,Komyshev2017_Evaluation.md,"legal full-text retrieval",Komyshev SeedCounter wheat grain width vs microscope measurement (mean of 18 series),wheat,non-legume,grain width,seed size,SeedCounter Android app,smartphone,microscope measurement of 250 grains,laboratory,grain,Pearson r,range 0.672-0.824 across 18 series; Fisher-z mean computed,0.7757,250,250 grains,1.0345,0.0636,0.7210,0.8208,,,,,secondary_lab,,,Table 3,lab; Fisher-z mean of reported r,,
Karisto2017_preprint,10.1101/129353,Ranking quantitative resistance to Septoria tritici blotch in elite wheat cultivars using automated image analysis,Karisto,2017,,True,True,Karisto2017_Ranking.md,"legal full-text retrieval","Karisto wheat STB: PLACL (median, image) vs visual AUDPC, cultivar level",winter wheat,non-legume,leaf area covered by lesions (STB severity),disease severity,flatbed scan of field leaves + ImageJ macro,scanner image analysis,"visual 1-9 plot score, AUDPC (3 dates, 2 reps)",field (artificially inoculated trial; leaves scanned in lab),cultivar,Spearman rho,rho = 0.38 (median PLACL); rho = 0.53 (median rho_lesion); rho = 0.63 (mean combined measure rho_leaf; 0.58 median),0.3800,335,335 cultivars (Abstract),0.4001,0.0549,0.2844,0.4681,,,,,primary,2016,Switzerland (ETH Zurich authors; field site not extracted),"Results, ""Ranking of cultivars""",preprint; Spearman; cultivar-level means; visual replicate reliability low (rep correlation n.s. at first date); composite measures not the same trait,bioRxiv preprint of Phytopathology 2018 paper (not peer reviewed version),
Karisto2017_preprint,10.1101/129353,Ranking quantitative resistance to Septoria tritici blotch in elite wheat cultivars using automated image analysis,Karisto,2017,,True,True,Karisto2017_Ranking.md,"legal full-text retrieval",Karisto wheat STB: pycnidia counts macro vs manual count (leaf level),winter wheat,non-legume,pycnidia count per leaf,disease severity,flatbed scan + ImageJ macro,scanner image analysis,manual pycnidia count,leaves scanned in lab,leaf,Spearman rho,rho = 0.96; concordance rc = 0.97,0.9600,36,30 random leaves + 6 leaves with > 400 pycnidia,1.9459,0.1741,0.9224,0.9796,,,,,secondary_lab,,Switzerland (ETH Zurich authors; field site not extracted),"Methods, macro optimisation paragraph",preprint; lab leaf level; macro underestimates by 26 +/- 10%,bioRxiv preprint of Phytopathology 2018 paper (not peer reviewed version),
Parrella2013,10.1590/s1984-70332013000300005,Evaluation efficiency of severity of angular leaf spot in common bean based on diseased and healthy leaf area,Parrella,2013,Crop Breeding and Applied Biotechnology,True,True,Parrella2013_Evaluation.md,"legal full-text retrieval","Parrella common bean ALS: % diseased leaf area (digital image, Quant) vs 1-9 graded visual scale, dry season 2006, 2nd rating",common bean,legume,angular leaf spot severity,disease severity,digital camera images of sampled leaflets + Quant software,digital camera image analysis,1-9 graded scale visual rating (field),"field (12 lines, 3 reps)",line / plot,Pearson r,"r = 0.69 (dry 2006, second score rating; first/third rating and AUDPC not correlated)",0.6900,12,12 lines (correlation basis not stated; 36 plot values possible),0.8480,0.3333,0.1922,0.9054,,,,,primary,2006,"Minas Gerais, Brazil","Results, ""Phenotypic correlations"" paragraph",small n (12 lines); selective significant rating reported; other ratings not significant (r not given),,
Parrella2013,10.1590/s1984-70332013000300005,Evaluation efficiency of severity of angular leaf spot in common bean based on diseased and healthy leaf area,Parrella,2013,Crop Breeding and Applied Biotechnology,True,True,Parrella2013_Evaluation.md,"legal full-text retrieval","Parrella common bean ALS: % diseased leaf area vs graded scale, rainy season 2006/07 (2nd and 3rd rating, AUDPC)",common bean,legume,angular leaf spot severity,disease severity,digital camera image analysis (Quant),digital camera image analysis,1-9 graded scale,field,line / plot,Pearson r,r > 0.61 (lower bound reported),0.6100,12,12 lines,0.7089,0.3333,0.0555,0.8769,,,,,secondary_nonindependent,2006/07,"Minas Gerais, Brazil","Results, ""Phenotypic correlations"" paragraph",lower bound only (> 0.61); same lines as dry-season row,,
Librelon2015,10.1007/s13313-015-0360-9,Diagrammatic scale to evaluate angular leaf spot severity in primary leaves of common bean,Librelon,2015,Australasian Plant Pathology,True,True,Librelon2015_Diagrammatic.md,"legal full-text retrieval","Librelon common bean ALS visual estimate vs digital (Quant) actual severity: inexperienced raters (n=9), without diagrammatic scale",common bean,legume,angular leaf spot severity (% leaf area),disease severity,visual estimate by inexperienced raters (n=9),human visual estimate (on scanned leaf images),"electronic measurement of scanned leaves (Quant software = ""actual"")",greenhouse leaves scanned,leaf,R2 -> r,mean R2 = 0.83 (range 0.76-0.91),0.9110,40,40 leaves per rater,1.5334,0.1644,0.8370,0.9523,,,,,context_manual_reliability,,,"Results, ""Diagrammatic scale validation"" paragraphs; Table 2",REVERSE direction: human visual estimate vs image-measured truth; mean of rater-level R2; raters viewed scanned images on screen,,
Librelon2015,10.1007/s13313-015-0360-9,Diagrammatic scale to evaluate angular leaf spot severity in primary leaves of common bean,Librelon,2015,Australasian Plant Pathology,True,True,Librelon2015_Diagrammatic.md,"legal full-text retrieval","Librelon common bean ALS visual estimate vs digital (Quant) actual severity: experienced raters (n=5), without diagrammatic scale",common bean,legume,angular leaf spot severity (% leaf area),disease severity,visual estimate by experienced raters (n=5),human visual estimate (on scanned leaf images),"electronic measurement of scanned leaves (Quant software = ""actual"")",greenhouse leaves scanned,leaf,R2 -> r,mean R2 = 0.87 (range 0.85-0.90),0.9327,40,40 leaves per rater,1.6788,0.1644,0.8756,0.9641,,,,,context_manual_reliability,,,"Results, ""Diagrammatic scale validation"" paragraphs; Table 2",REVERSE direction: human visual estimate vs image-measured truth; mean of rater-level R2; raters viewed scanned images on screen,,
Librelon2015,10.1007/s13313-015-0360-9,Diagrammatic scale to evaluate angular leaf spot severity in primary leaves of common bean,Librelon,2015,Australasian Plant Pathology,True,True,Librelon2015_Diagrammatic.md,"legal full-text retrieval","Librelon common bean ALS visual estimate vs digital (Quant) actual severity: inexperienced raters (n=9), with diagrammatic scale, rating 1",common bean,legume,angular leaf spot severity (% leaf area),disease severity,visual estimate by inexperienced raters (n=9),human visual estimate (on scanned leaf images),"electronic measurement of scanned leaves (Quant software = ""actual"")",greenhouse leaves scanned,leaf,R2 -> r,mean R2 = 0.91 (range 0.86-0.96),0.9539,40,40 leaves per rater,1.8734,0.1644,0.9140,0.9755,,,,,context_manual_reliability,,,"Results, ""Diagrammatic scale validation"" paragraphs; Table 2",REVERSE direction: human visual estimate vs image-measured truth; mean of rater-level R2; raters viewed scanned images on screen,,
Librelon2015,10.1007/s13313-015-0360-9,Diagrammatic scale to evaluate angular leaf spot severity in primary leaves of common bean,Librelon,2015,Australasian Plant Pathology,True,True,Librelon2015_Diagrammatic.md,"legal full-text retrieval","Librelon common bean ALS visual estimate vs digital (Quant) actual severity: experienced raters (n=5), with diagrammatic scale, rating 1",common bean,legume,angular leaf spot severity (% leaf area),disease severity,visual estimate by experienced raters (n=5),human visual estimate (on scanned leaf images),"electronic measurement of scanned leaves (Quant software = ""actual"")",greenhouse leaves scanned,leaf,R2 -> r,mean R2 = 0.87 (range 0.80-0.89),0.9327,40,40 leaves per rater,1.6788,0.1644,0.8756,0.9641,,,,,context_manual_reliability,,,"Results, ""Diagrammatic scale validation"" paragraphs; Table 2",REVERSE direction: human visual estimate vs image-measured truth; mean of rater-level R2; raters viewed scanned images on screen,,
Librelon2015,10.1007/s13313-015-0360-9,Diagrammatic scale to evaluate angular leaf spot severity in primary leaves of common bean,Librelon,2015,Australasian Plant Pathology,True,True,Librelon2015_Diagrammatic.md,"legal full-text retrieval","Librelon common bean ALS intra-rater repeatability with scale (R2 rating2 on rating1), inexperienced",common bean,legume,angular leaf spot severity,disease severity,visual estimate with scale,human visual estimate,same rater 7 days later,greenhouse leaves,leaf,R2 -> r,mean R2 = 0.92,0.9592,40,40 leaves,1.9358,0.1644,0.9237,0.9784,,,,,context_manual_reliability,,,Results (repeatability sentence); Table 3,test-retest of visual estimates,,
Librelon2015,10.1007/s13313-015-0360-9,Diagrammatic scale to evaluate angular leaf spot severity in primary leaves of common bean,Librelon,2015,Australasian Plant Pathology,True,True,Librelon2015_Diagrammatic.md,"legal full-text retrieval","Librelon common bean ALS intra-rater repeatability with scale, experienced",common bean,legume,angular leaf spot severity,disease severity,visual estimate with scale,human visual estimate,same rater 7 days later,greenhouse leaves,leaf,R2 -> r,mean R2 = 0.878,0.9370,40,40 leaves,1.7129,0.1644,0.8833,0.9664,,,,,context_manual_reliability,,,Results (repeatability sentence); Table 3,test-retest of visual estimates,,
Librelon2015,10.1007/s13313-015-0360-9,Diagrammatic scale to evaluate angular leaf spot severity in primary leaves of common bean,Librelon,2015,Australasian Plant Pathology,True,True,Librelon2015_Diagrammatic.md,"legal full-text retrieval",Librelon common bean ALS inter-rater reproducibility without scale (mean pairwise R2),common bean,legume,angular leaf spot severity,disease severity,visual estimates (pairs of raters),human visual estimate,other rater,greenhouse leaves,leaf,R2 -> r,mean pairwise R2 = 0.86 (both groups),0.9274,40,40 leaves,1.6395,0.1644,0.8661,0.9612,,,,,context_manual_reliability,,,Results (reproducibility paragraph); Tables 4-5,inter-rater agreement of visual estimates,,
Sun2014,10.1007/s10658-013-0371-8,A comparison of disease severity measurements using image analysis and visual estimates using a category scale for genetic analysis of resistance to bacterial spot in tomato,Sun,2014,European Journal of Plant Pathology,True,True,Sun2014_Comparison.md,"legal full-text retrieval","Sun tomato bacterial spot: Horsfall-Barratt midpoint (visual) vs image-analysis % area, F2 population",tomato,non-legume,bacterial spot severity (% leaf area),disease severity,scanned leaves + Assess 2.2 image analysis,scanner image analysis,"Horsfall-Barratt visual category scale (trained pathologist), midpoint-converted",greenhouse (439 F2 plants; QTL mapping),plant (mean of 5 leaves),Pearson r,r = 0.91; Lin concordance rho_c = 0.91 (underestimation bias at high severity),0.9100,439,439 F2 individuals,1.5275,0.0479,0.8924,0.9248,,,,,secondary_greenhouse,,"Beijing, China","Results, Fig. 5 text","greenhouse; non-legume; visual = reference ""estimate"", image = actual",,
Gijare2026_preprint,10.21203/rs.3.rs-10685107/v1,Assessing image based high throughput phenotyping for accurate characterization of soybean seed morphology,Gijare,2026,,True,True,Gijare2026_Assessing.md,"legal full-text retrieval",Gijare soybean seed area smartphone image (PLIMAN) vs Vernier caliper E1,soybean,legume,seed area,seed size,Motorola G64 5G rear camera + PLIMAN (R) image analysis,smartphone,Vernier caliper (VC) measurement,"seed samples from field trial (192 accessions, 2 environments), imaged on bench",accession,R2 -> r,R2 = 0.069,0.2627,192,192 accessions,0.2690,0.0727,0.1258,0.3898,,,,,primary,,"India (Agharkar Research Institute, Pune; field sites not extracted)",Results 3.4 (Fig. 3A-D) and Abstract,"preprint; sign of r not reported (assumed +); systematic bias (image area ~4x caliper area, mean diff 107 mm2); weak agreement reflects different measurement principles/units per authors","Research Square preprint, not peer reviewed; image area ~4x caliper-derived area (scale/definition bias)",
Gijare2026_preprint,10.21203/rs.3.rs-10685107/v1,Assessing image based high throughput phenotyping for accurate characterization of soybean seed morphology,Gijare,2026,,True,True,Gijare2026_Assessing.md,"legal full-text retrieval",Gijare soybean seed area smartphone image (PLIMAN) vs Vernier caliper E2,soybean,legume,seed area,seed size,Motorola G64 5G rear camera + PLIMAN (R) image analysis,smartphone,Vernier caliper (VC) measurement,"seed samples from field trial (192 accessions, 2 environments), imaged on bench",accession,R2 -> r,R2 = 0.037,0.1924,192,192 accessions,0.1948,0.0727,0.0522,0.3252,,,,,primary,,"India (Agharkar Research Institute, Pune; field sites not extracted)",Results 3.4 (Fig. 3A-D) and Abstract,"preprint; sign of r not reported (assumed +); systematic bias (image area ~4x caliper area, mean diff 107 mm2); weak agreement reflects different measurement principles/units per authors","Research Square preprint, not peer reviewed; image area ~4x caliper-derived area (scale/definition bias)",
Gijare2026_preprint,10.21203/rs.3.rs-10685107/v1,Assessing image based high throughput phenotyping for accurate characterization of soybean seed morphology,Gijare,2026,,True,True,Gijare2026_Assessing.md,"legal full-text retrieval",Gijare soybean seed perimeter smartphone image (PLIMAN) vs Vernier caliper E1,soybean,legume,seed perimeter,seed size,Motorola G64 5G rear camera + PLIMAN (R) image analysis,smartphone,Vernier caliper (VC) measurement,"seed samples from field trial (192 accessions, 2 environments), imaged on bench",accession,R2 -> r,R2 = 0.054,0.2324,192,192 accessions,0.2367,0.0727,0.0939,0.3621,,,,,secondary_nonindependent,,"India (Agharkar Research Institute, Pune; field sites not extracted)",Results 3.4 (Fig. 3A-D) and Abstract,"preprint; sign of r not reported (assumed +); systematic bias (image area ~4x caliper area, mean diff 107 mm2); weak agreement reflects different measurement principles/units per authors","Research Square preprint, not peer reviewed; image area ~4x caliper-derived area (scale/definition bias)",
Gijare2026_preprint,10.21203/rs.3.rs-10685107/v1,Assessing image based high throughput phenotyping for accurate characterization of soybean seed morphology,Gijare,2026,,True,True,Gijare2026_Assessing.md,"legal full-text retrieval",Gijare soybean seed perimeter smartphone image (PLIMAN) vs Vernier caliper E2,soybean,legume,seed perimeter,seed size,Motorola G64 5G rear camera + PLIMAN (R) image analysis,smartphone,Vernier caliper (VC) measurement,"seed samples from field trial (192 accessions, 2 environments), imaged on bench",accession,R2 -> r,R2 = 0.003,0.0548,192,192 accessions,0.0549,0.0727,-0.0875,0.1949,,,,,secondary_nonindependent,,"India (Agharkar Research Institute, Pune; field sites not extracted)",Results 3.4 (Fig. 3A-D) and Abstract,"preprint; sign of r not reported (assumed +); systematic bias (image area ~4x caliper area, mean diff 107 mm2); weak agreement reflects different measurement principles/units per authors","Research Square preprint, not peer reviewed; image area ~4x caliper-derived area (scale/definition bias)",
Gijare2026_preprint,10.21203/rs.3.rs-10685107/v1,Assessing image based high throughput phenotyping for accurate characterization of soybean seed morphology,Gijare,2026,,True,True,Gijare2026_Assessing.md,"legal full-text retrieval",Gijare soybean seed area H2: smartphone image vs Vernier caliper E1,soybean,legume,seed area,seed size,Motorola G64 5G + PLIMAN,smartphone,Vernier caliper,seed samples from field trial,accession,H2 pair,H2 image 24.99% vs VC 72.95%,,192,192 accessions,,,,,0.2499,0.7295,0.3426,8.0949,primary_h2,,"India (Agharkar Research Institute, Pune; field sites not extracted)",Table 1,preprint; same accessions; 20 seeds per genotype composite for image method; area E1 image H2 very low (0.25),"Research Square preprint, not peer reviewed; image area ~4x caliper-derived area (scale/definition bias)",
Gijare2026_preprint,10.21203/rs.3.rs-10685107/v1,Assessing image based high throughput phenotyping for accurate characterization of soybean seed morphology,Gijare,2026,,True,True,Gijare2026_Assessing.md,"legal full-text retrieval",Gijare soybean seed area H2: smartphone image vs Vernier caliper E2,soybean,legume,seed area,seed size,Motorola G64 5G + PLIMAN,smartphone,Vernier caliper,seed samples from field trial,accession,H2 pair,H2 image 97.04% vs VC 75.35%,,192,192 accessions,,,,,0.9704,0.7535,1.2879,0.0932,primary_h2,,"India (Agharkar Research Institute, Pune; field sites not extracted)",Table 1,preprint; same accessions; 20 seeds per genotype composite for image method; area E1 image H2 very low (0.25),"Research Square preprint, not peer reviewed; image area ~4x caliper-derived area (scale/definition bias)",
Gijare2026_preprint,10.21203/rs.3.rs-10685107/v1,Assessing image based high throughput phenotyping for accurate characterization of soybean seed morphology,Gijare,2026,,True,True,Gijare2026_Assessing.md,"legal full-text retrieval",Gijare soybean seed perimeter H2: smartphone image vs Vernier caliper E1,soybean,legume,seed perimeter,seed size,Motorola G64 5G + PLIMAN,smartphone,Vernier caliper,seed samples from field trial,accession,H2 pair,H2 image 86.69% vs VC 71.05%,,192,192 accessions,,,,,0.8669,0.7105,1.2201,0.3768,secondary_nonindependent,,"India (Agharkar Research Institute, Pune; field sites not extracted)",Table 1,preprint; same accessions; 20 seeds per genotype composite for image method; area E1 image H2 very low (0.25),"Research Square preprint, not peer reviewed; image area ~4x caliper-derived area (scale/definition bias)",
Gijare2026_preprint,10.21203/rs.3.rs-10685107/v1,Assessing image based high throughput phenotyping for accurate characterization of soybean seed morphology,Gijare,2026,,True,True,Gijare2026_Assessing.md,"legal full-text retrieval",Gijare soybean seed perimeter H2: smartphone image vs Vernier caliper E2,soybean,legume,seed perimeter,seed size,Motorola G64 5G + PLIMAN,smartphone,Vernier caliper,seed samples from field trial,accession,H2 pair,H2 image 84.53% vs VC 79.98%,,192,192 accessions,,,,,0.8453,0.7998,1.0569,0.7311,secondary_nonindependent,,"India (Agharkar Research Institute, Pune; field sites not extracted)",Table 1,preprint; same accessions; 20 seeds per genotype composite for image method; area E1 image H2 very low (0.25),"Research Square preprint, not peer reviewed; image area ~4x caliper-derived area (scale/definition bias)",
Gage2018,10.1534/g3.118.200700,Comparing Genome-Wide Association Study Results from Different Measurements of an Underlying Phenotype,Gage,2018,G3 Genes|Genomes|Genetics,True,True,Gage2018_Comparing.md,"legal full-text retrieval",Gage2018 maize tassel length H2: image-based vs manual,maize,non-legume,tassel length,morphology,image analysis of tassel images,camera image analysis,manual measurement,field-grown diversity panel (tassels imaged after harvest),inbred line,H2 pair,H2 manual 0.95 vs image 0.79,,942,942 inbred lines (WiDiv-942),,,,,0.7900,0.9500,0.8316,5.0506,primary_h2,,USA (Wisconsin Diversity panel; field site not extracted),Table 1,"image traits measured in ONE environment, manual TL/SL/BN in THREE (lower image H2 partly design artefact, per authors); BLUP-level r(manual, image) 0.81-0.90 (range only in text, Fig. 1)",,
Gage2018,10.1534/g3.118.200700,Comparing Genome-Wide Association Study Results from Different Measurements of an Underlying Phenotype,Gage,2018,G3 Genes|Genomes|Genetics,True,True,Gage2018_Comparing.md,"legal full-text retrieval",Gage2018 maize spike length H2: image-based vs manual,maize,non-legume,spike length,morphology,image analysis of tassel images,camera image analysis,manual measurement,field-grown diversity panel (tassels imaged after harvest),inbred line,H2 pair,H2 manual 0.95 vs image 0.79,,942,942 inbred lines (WiDiv-942),,,,,0.7900,0.9500,0.8316,5.0506,secondary_nonindependent,,USA (Wisconsin Diversity panel; field site not extracted),Table 1,"image traits measured in ONE environment, manual TL/SL/BN in THREE (lower image H2 partly design artefact, per authors); BLUP-level r(manual, image) 0.81-0.90 (range only in text, Fig. 1)",,
Gage2018,10.1534/g3.118.200700,Comparing Genome-Wide Association Study Results from Different Measurements of an Underlying Phenotype,Gage,2018,G3 Genes|Genomes|Genetics,True,True,Gage2018_Comparing.md,"legal full-text retrieval",Gage2018 maize branch number H2: image-based vs manual,maize,non-legume,branch number,morphology,image analysis of tassel images,camera image analysis,manual measurement,field-grown diversity panel (tassels imaged after harvest),inbred line,H2 pair,H2 manual 0.97 vs image 0.82,,942,942 inbred lines (WiDiv-942),,,,,0.8200,0.9700,0.8454,7.0976,secondary_nonindependent,,USA (Wisconsin Diversity panel; field site not extracted),Table 1,"image traits measured in ONE environment, manual TL/SL/BN in THREE (lower image H2 partly design artefact, per authors); BLUP-level r(manual, image) 0.81-0.90 (range only in text, Fig. 1)",,
Gage2018,10.1534/g3.118.200700,Comparing Genome-Wide Association Study Results from Different Measurements of an Underlying Phenotype,Gage,2018,G3 Genes|Genomes|Genetics,True,True,Gage2018_Comparing.md,"legal full-text retrieval",Gage2018 maize tassel weight H2: image-based vs manual,maize,non-legume,tassel weight,morphology,image analysis of tassel images,camera image analysis,manual measurement,field-grown diversity panel (tassels imaged after harvest),inbred line,H2 pair,H2 manual 0.96 vs image 0.86,,942,942 inbred lines (WiDiv-942),,,,,0.8600,0.9600,0.8958,3.9070,secondary_nonindependent,,USA (Wisconsin Diversity panel; field site not extracted),Table 1,"image traits measured in ONE environment, manual TL/SL/BN in THREE (lower image H2 partly design artefact, per authors); BLUP-level r(manual, image) 0.81-0.90 (range only in text, Fig. 1)",,
Makanza2018,10.3390/rs10020330,High-Throughput Phenotyping of Canopy Cover and Senescence in Maize Field Trials Using Aerial Digital Canopy Imaging,Makanza,2018,Remote Sensing,True,True,Makanza2018_High.md,"legal full-text retrieval; DOI taken from the paper header and verified on Crossref","Makanza maize canopy senescence: UAV RGB senescence index vs visual score, Trial 1",maize,non-legume,canopy senescence,senescence,UAV RGB (aerial digital canopy imaging),UAV-RGB,visual senescence score 0-100 % dead leaf area (trained technicians),"field (low-N hybrid trials, 50 varieties x 3 reps)",plot,Pearson r,Trial 1 r = 0.64 (p < 0.001); Trial 2 no correlation (r not given),0.6400,150,derived: 50 varieties x 3 replicates for one trial (not stated explicitly),0.7582,0.0825,0.5346,0.7258,,,,,primary,,"Harare, Zimbabwe","Results, comparison paragraph before Fig. 5; Fig. 5",n derived; Trial 2 showed no correlation (value not reported); data from the better trial shown first,,
Makanza2018,10.3390/rs10020330,High-Throughput Phenotyping of Canopy Cover and Senescence in Maize Field Trials Using Aerial Digital Canopy Imaging,Makanza,2018,Remote Sensing,True,True,Makanza2018_High.md,"legal full-text retrieval; DOI taken from the paper header and verified on Crossref",Makanza maize senescence H2: UAV senescence index vs visual Sen3,maize,non-legume,canopy senescence,senescence,UAV RGB,UAV-RGB,"visual score (Sen3, same date as image)","field (3 hybrid trials, 450 plots)",plot,H2 pair,"H2 aerial 0.529 vs visual Sen3 0.500 (Sen1 0.285, Sen2 0.585)",,450,450 plots (3 trials x 50 varieties x 3 reps),,,,,0.5290,0.5000,1.0580,0.8904,primary_h2,,"Harare, Zimbabwe",Table 2,Sen. index corresponds to Sen3 per authors; Sen1/Sen2 are earlier visual scores,,
Burner2025,10.1007/s00122-025-05063-y,Identifying canopy wilting QTLs and evaluating remote sensing approaches for selecting drought-tolerant soybean,Burner,2025,Theoretical and Applied Genetics,True,True,Burner2025_Identifying.md,"legal full-text retrieval",Burner soybean canopy wilting H2: UAV GNDVI (proxy index) vs visual canopy-wilting score,soybean,legume,canopy wilting (visual) vs GNDVI (image-derived proxy),drought response,UAV multispectral GNDVI,UAV-multispectral,visual canopy wilting score,"field (RIL population, 3 years)",RIL,H2 pair,H2 GNDVI 0.68 vs visual CW 0.70 (combined analysis); remote-sensing traits 0.49-0.68,,,RIL population size not extracted,,,,,0.6800,0.7000,0.9714,1.0980,secondary_proxy,,"Wyoming, USA (Wyarno farm)",Results (remote sensing traits paragraph; Table S1 not available),"PROXY index, not the same trait; NDVI r with CW -0.25 to -0.51 per year (range only)",,
Dobbels2019,10.1186/s13007-019-0478-9,Soybean iron deficiency chlorosis high-throughput phenotyping using an unmanned aircraft system,Dobbels,2019,Plant Methods,True,True,Dobbels2019_Soybean.md,"legal full-text retrieval",Dobbels soybean IDC: inter-rater reliability of visual 1-5 scores (two raters),soybean,legume,iron deficiency chlorosis score,stress score,visual rater 1,human visual,visual rater 2,field (3386 plots),plot,Pearson r,r = 0.93,0.9300,252,252 plots scored by two raters,1.6584,0.0634,0.9111,0.9450,,,,,context_manual_reliability,2017,"Minnesota, USA",Results; Fig. 2b,manual-manual reliability,,
Dobbels2019,10.1186/s13007-019-0478-9,Soybean iron deficiency chlorosis high-throughput phenotyping using an unmanned aircraft system,Dobbels,2019,Plant Methods,True,True,Dobbels2019_Soybean.md,"legal full-text retrieval",Dobbels soybean IDC: visual score date 1 vs date 2 (stability of visual rating),soybean,legume,iron deficiency chlorosis score,stress score,visual,human visual,visual 3 weeks later,field,plot,Pearson r,r = 0.80,0.8000,3386,3386 plots,1.0986,0.0172,0.7875,0.8118,,,,,context_manual_reliability,2017,"Minnesota, USA",Results; Fig. 2a,includes genuine change in symptoms between dates,,
Dobbels2019,10.1186/s13007-019-0478-9,Soybean iron deficiency chlorosis high-throughput phenotyping using an unmanned aircraft system,Dobbels,2019,Plant Methods,True,True,Dobbels2019_Soybean.md,"legal full-text retrieval","Dobbels soybean IDC: UAS image-based classification accuracy vs visual score (random forest), date 1",soybean,legume,iron deficiency chlorosis score,stress score,UAS RGB+NIR image features + random forest,UAV-RGB+DL,visual 1-5 score,field,plot,classification accuracy,"68% (date 1), 77% (date 2); neural network similar",,3386,3386 plots (test-set size not stated),,,,,,,,,secondary_other_measure,2017,"Minnesota, USA","Results, Tables 3-4","classification accuracy, not r",,
Dobbels2019,10.1186/s13007-019-0478-9,Soybean iron deficiency chlorosis high-throughput phenotyping using an unmanned aircraft system,Dobbels,2019,Plant Methods,True,True,Dobbels2019_Soybean.md,"legal full-text retrieval",Dobbels soybean IDC: precision (LSD) of UAS image scores vs visual scores across trials,soybean,legume,iron deficiency chlorosis score,stress score,UAS image-based score,UAV-RGB+DL,visual score,field (36 trials),trial,proportion of trials image LSD < visual LSD,"32/36 trials date 1 (88.9%), 33/36 date 2 (91.7%); mean LSD reduction 0.15 and 0.20 score points",,36,36 trials,,,,,,,,,secondary_other_measure,2017,"Minnesota, USA","Results ""UAS image-based scoring can detect differences""; Fig. 4",precision comparison; supports lower measurement error of image-based scores,,
Bai2018,10.3389/fpls.2018.01002,Field-Based Scoring of Soybean Iron Deficiency Chlorosis Using RGB Imaging and Statistical Learning,Bai,2018,Frontiers in Plant Science,True,True,Bai2018_Field.md,"legal full-text retrieval",Bai soybean IDC: computer score (SVM on RGB colour features) vs field visual score,soybean,legume,iron deficiency chlorosis score (1-9),stress score,RGB plot images + SVM,camera image + ML,field visual score (FS) 1-9,field (64 lines x 4 reps x 6 fields),plot,classification accuracy,"Accuracy I 57.6% (exact), Accuracy II 87.7% (within one point) vs FS; vs office score 56.3% / 93.1%",,765,"validation set 1530/2 = 765 plots (Table 4 header, garbled in md)",,,,,,,,,secondary_other_measure,,USA (authors at Univ. Nebraska-Lincoln; field site not extracted),"Results, Tables 3-4",classification accuracy; n parsed from garbled table header,,
Naik2017,10.1186/s13007-017-0173-7,A real-time phenotyping framework using machine learning for plant stress severity rating in soybean,Naik,2017,Plant Methods,True,True,Naik2017_Real.md,"legal full-text retrieval",Naik soybean IDC: hierarchical ML classifier accuracy vs expert visual rating,soybean,legume,iron deficiency chlorosis rating (1-5),stress score,RGB plot images + ML classifiers,camera image + ML,expert field visual rating (FVR),field (493 plots x 4 reps x 3 time points),plot-image,classification accuracy,"mean per-class accuracy ~96% (hierarchical classifier, one time point); 91% accuracy with all time points pooled",,4366,4366 images after quality control,,,,,,,,,secondary_other_measure,,"Iowa, USA",Abstract; Results (classification),"classification accuracy, not r",,
Hudson2023_preprint,10.21203/rs.3.rs-2728656/v1,The Ear Unwrapper: A Maize Ear Image Acquisition and Machine Learning Pipeline for Disease Severity Phenotyping,Hudson,2023,,True,True,Hudson2023_Ear.md,"legal full-text retrieval",Hudson maize Fusarium ear rot: Ilastik pixel-classification (log disease pixels) vs manual kernel count,maize,non-legume,Fusarium ear rot severity,disease severity,Ear Unwrapper images + Ilastik random-forest pixel classification,camera image + ML,experienced scorer counting symptomatic kernels,ears imaged in lab (harvested),ear,R2 -> r,R2 = 0.2831 (log pixel count vs log kernel count),0.5321,49,testing set N = 49 ears,0.5931,0.1474,0.2950,0.7074,,,,,secondary_other_trait,,"Florida, USA (authors at Univ. Florida)","Results, Fig. 1C; Discussion",preprint; different quantities (pixel area vs kernel count; log scale); lab imaging,Research Square preprint; test set N = 49 ears,
Hudson2023_preprint,10.21203/rs.3.rs-2728656/v1,The Ear Unwrapper: A Maize Ear Image Acquisition and Machine Learning Pipeline for Disease Severity Phenotyping,Hudson,2023,,True,True,Hudson2023_Ear.md,"legal full-text retrieval",Hudson maize Fusarium ear rot: Ilastik vs manual pixel annotation in Paint,maize,non-legume,Fusarium ear rot severity (diseased pixels),disease severity,Ear Unwrapper images + Ilastik,camera image + ML,manual annotation of the same image in MS Paint,ears imaged in lab,ear,R2 -> r,R2 = 0.7409 (log pixel counts),0.8608,49,testing set N = 49 ears,1.2964,0.1474,0.7647,0.9194,,,,,secondary_circular,,"Florida, USA (authors at Univ. Florida)","Results, Fig. 1A",preprint; reference is a manual annotation of the same image,Research Square preprint; test set N = 49 ears,
