Area Code,Area Code (M49),Area,Item Code,Item,Element Code,Element,Year,Unit,Value,Flag
29,'108,Burundi,176,"Beans, dry",5312,Area harvested,1961,ha,210000.000000,E
29,'108,Burundi,176,"Beans, dry",5312,Area harvested,1962,ha,210000.000000,E
29,'108,Burundi,176,"Beans, dry",5312,Area harvested,1963,ha,210000.000000,E
29,'108,Burundi,176,"Beans, dry",5312,Area harvested,1964,ha,230000.000000,E
29,'108,Burundi,176,"Beans, dry",5312,Area harvested,1965,ha,230000.000000,E
29,'108,Burundi,176,"Beans, dry",5312,Area harvested,1966,ha,230000.000000,E
29,'108,Burundi,176,"Beans, dry",5312,Area harvested,1967,ha,250000.000000,E
29,'108,Burundi,176,"Beans, dry",5312,Area harvested,1968,ha,260000.000000,E
29,'108,Burundi,176,"Beans, dry",5312,Area harvested,1969,ha,260000.000000,E
29,'108,Burundi,176,"Beans, dry",5312,Area harvested,1970,ha,275000.000000,E
29,'108,Burundi,176,"Beans, dry",5312,Area harvested,1971,ha,280000.000000,E
29,'108,Burundi,176,"Beans, dry",5312,Area harvested,1972,ha,250000.000000,E
29,'108,Burundi,176,"Beans, dry",5312,Area harvested,1973,ha,290000.000000,E
29,'108,Burundi,176,"Beans, dry",5312,Area harvested,1974,ha,240000.000000,E
29,'108,Burundi,176,"Beans, dry",5312,Area harvested,1975,ha,290000.000000,E
29,'108,Burundi,176,"Beans, dry",5312,Area harvested,1976,ha,290000.000000,E
29,'108,Burundi,176,"Beans, dry",5312,Area harvested,1977,ha,300000.000000,E
29,'108,Burundi,176,"Beans, dry",5312,Area harvested,1978,ha,270000.000000,E
29,'108,Burundi,176,"Beans, dry",5312,Area harvested,1979,ha,270000.000000,E
29,'108,Burundi,176,"Beans, dry",5312,Area harvested,1980,ha,290000.000000,E
29,'108,Burundi,176,"Beans, dry",5312,Area harvested,1981,ha,290000.000000,E
29,'108,Burundi,176,"Beans, dry",5312,Area harvested,1982,ha,290000.000000,E
29,'108,Burundi,176,"Beans, dry",5312,Area harvested,1983,ha,295000.000000,E
29,'108,Burundi,176,"Beans, dry",5312,Area harvested,1984,ha,250000.000000,E
29,'108,Burundi,176,"Beans, dry",5312,Area harvested,1985,ha,300000.000000,E
29,'108,Burundi,176,"Beans, dry",5312,Area harvested,1986,ha,310000.000000,E
29,'108,Burundi,176,"Beans, dry",5312,Area harvested,1987,ha,320000.000000,E
29,'108,Burundi,176,"Beans, dry",5312,Area harvested,1988,ha,310500.000000,A
29,'108,Burundi,176,"Beans, dry",5312,Area harvested,1989,ha,250600.000000,A
29,'108,Burundi,176,"Beans, dry",5312,Area harvested,1990,ha,250600.000000,A
29,'108,Burundi,176,"Beans, dry",5312,Area harvested,1991,ha,300000.000000,A
29,'108,Burundi,176,"Beans, dry",5312,Area harvested,1992,ha,300000.000000,A
29,'108,Burundi,176,"Beans, dry",5312,Area harvested,1993,ha,323215.000000,I
29,'108,Burundi,176,"Beans, dry",5312,Area harvested,1994,ha,250000.000000,E
29,'108,Burundi,176,"Beans, dry",5312,Area harvested,1995,ha,290000.000000,E
29,'108,Burundi,176,"Beans, dry",5312,Area harvested,1996,ha,275000.000000,E
29,'108,Burundi,176,"Beans, dry",5312,Area harvested,1997,ha,268000.000000,E
29,'108,Burundi,176,"Beans, dry",5312,Area harvested,1998,ha,270000.000000,A
29,'108,Burundi,176,"Beans, dry",5312,Area harvested,1999,ha,230000.000000,A
29,'108,Burundi,176,"Beans, dry",5312,Area harvested,2000,ha,210000.000000,E
29,'108,Burundi,176,"Beans, dry",5312,Area harvested,2001,ha,250000.000000,E
29,'108,Burundi,176,"Beans, dry",5312,Area harvested,2002,ha,270000.000000,A
29,'108,Burundi,176,"Beans, dry",5312,Area harvested,2003,ha,255000.000000,E
29,'108,Burundi,176,"Beans, dry",5312,Area harvested,2004,ha,240000.000000,E
29,'108,Burundi,176,"Beans, dry",5312,Area harvested,2005,ha,275000.000000,E
29,'108,Burundi,176,"Beans, dry",5312,Area harvested,2006,ha,230000.000000,E
29,'108,Burundi,176,"Beans, dry",5312,Area harvested,2007,ha,225000.000000,E
29,'108,Burundi,176,"Beans, dry",5312,Area harvested,2008,ha,215000.000000,E
29,'108,Burundi,176,"Beans, dry",5312,Area harvested,2009,ha,220000.000000,E
29,'108,Burundi,176,"Beans, dry",5312,Area harvested,2010,ha,226903.000000,I
29,'108,Burundi,176,"Beans, dry",5312,Area harvested,2011,ha,238988.000000,I
29,'108,Burundi,176,"Beans, dry",5312,Area harvested,2012,ha,340752.000000,A
29,'108,Burundi,176,"Beans, dry",5312,Area harvested,2013,ha,338130.000000,A
29,'108,Burundi,176,"Beans, dry",5312,Area harvested,2014,ha,380592.000000,A
29,'108,Burundi,176,"Beans, dry",5312,Area harvested,2015,ha,355685.000000,A
29,'108,Burundi,176,"Beans, dry",5312,Area harvested,2016,ha,588096.000000,A
29,'108,Burundi,176,"Beans, dry",5312,Area harvested,2017,ha,574267.000000,A
29,'108,Burundi,176,"Beans, dry",5312,Area harvested,2018,ha,599139.000000,A
29,'108,Burundi,176,"Beans, dry",5312,Area harvested,2019,ha,971568.000000,I
29,'108,Burundi,176,"Beans, dry",5312,Area harvested,2020,ha,740585.000000,I
29,'108,Burundi,176,"Beans, dry",5312,Area harvested,2021,ha,806703.000000,I
29,'108,Burundi,176,"Beans, dry",5312,Area harvested,2022,ha,883296.000000,I
29,'108,Burundi,176,"Beans, dry",5312,Area harvested,2023,ha,855598.000000,I
29,'108,Burundi,176,"Beans, dry",5312,Area harvested,2024,ha,747771.000000,E
29,'108,Burundi,176,"Beans, dry",5510,Production,1961,t,230000.000000,E
29,'108,Burundi,176,"Beans, dry",5510,Production,1962,t,230000.000000,E
29,'108,Burundi,176,"Beans, dry",5510,Production,1963,t,220000.000000,E
29,'108,Burundi,176,"Beans, dry",5510,Production,1964,t,245000.000000,E
29,'108,Burundi,176,"Beans, dry",5510,Production,1965,t,240000.000000,E
29,'108,Burundi,176,"Beans, dry",5510,Production,1966,t,240000.000000,E
29,'108,Burundi,176,"Beans, dry",5510,Production,1967,t,260000.000000,E
29,'108,Burundi,176,"Beans, dry",5510,Production,1968,t,270000.000000,E
29,'108,Burundi,176,"Beans, dry",5510,Production,1969,t,265000.000000,E
29,'108,Burundi,176,"Beans, dry",5510,Production,1970,t,278700.000000,A
29,'108,Burundi,176,"Beans, dry",5510,Production,1971,t,284831.000000,A
29,'108,Burundi,176,"Beans, dry",5510,Production,1972,t,256348.000000,A
29,'108,Burundi,176,"Beans, dry",5510,Production,1973,t,291097.000000,A
29,'108,Burundi,176,"Beans, dry",5510,Production,1974,t,232878.000000,A
29,'108,Burundi,176,"Beans, dry",5510,Production,1975,t,294008.000000,A
29,'108,Burundi,176,"Beans, dry",5510,Production,1976,t,300600.000000,A
29,'108,Burundi,176,"Beans, dry",5510,Production,1977,t,307000.000000,A
29,'108,Burundi,176,"Beans, dry",5510,Production,1978,t,276300.000000,A
29,'108,Burundi,176,"Beans, dry",5510,Production,1979,t,273700.000000,A
29,'108,Burundi,176,"Beans, dry",5510,Production,1980,t,290000.000000,A
29,'108,Burundi,176,"Beans, dry",5510,Production,1981,t,294000.000000,A
29,'108,Burundi,176,"Beans, dry",5510,Production,1982,t,290000.000000,A
29,'108,Burundi,176,"Beans, dry",5510,Production,1983,t,280000.000000,A
29,'108,Burundi,176,"Beans, dry",5510,Production,1984,t,241000.000000,A
29,'108,Burundi,176,"Beans, dry",5510,Production,1985,t,301000.000000,A
29,'108,Burundi,176,"Beans, dry",5510,Production,1986,t,313000.000000,A
29,'108,Burundi,176,"Beans, dry",5510,Production,1987,t,320600.000000,A
29,'108,Burundi,176,"Beans, dry",5510,Production,1988,t,324700.000000,A
29,'108,Burundi,176,"Beans, dry",5510,Production,1989,t,220900.000000,A
29,'108,Burundi,176,"Beans, dry",5510,Production,1990,t,330400.000000,A
29,'108,Burundi,176,"Beans, dry",5510,Production,1991,t,338200.000000,A
29,'108,Burundi,176,"Beans, dry",5510,Production,1992,t,345900.000000,A
29,'108,Burundi,176,"Beans, dry",5510,Production,1993,t,337600.000000,A
29,'108,Burundi,176,"Beans, dry",5510,Production,1994,t,231934.000000,X
29,'108,Burundi,176,"Beans, dry",5510,Production,1995,t,318891.000000,X
29,'108,Burundi,176,"Beans, dry",5510,Production,1996,t,287961.000000,X
29,'108,Burundi,176,"Beans, dry",5510,Production,1997,t,271343.000000,X
29,'108,Burundi,176,"Beans, dry",5510,Production,1998,t,274902.000000,A
29,'108,Burundi,176,"Beans, dry",5510,Production,1999,t,227428.000000,A
29,'108,Burundi,176,"Beans, dry",5510,Production,2000,t,187437.000000,A
29,'108,Burundi,176,"Beans, dry",5510,Production,2001,t,248934.000000,A
29,'108,Burundi,176,"Beans, dry",5510,Production,2002,t,244659.000000,A
29,'108,Burundi,176,"Beans, dry",5510,Production,2003,t,230241.000000,A
29,'108,Burundi,176,"Beans, dry",5510,Production,2004,t,220218.000000,A
29,'108,Burundi,176,"Beans, dry",5510,Production,2005,t,214790.000000,A
29,'108,Burundi,176,"Beans, dry",5510,Production,2006,t,208951.000000,A
29,'108,Burundi,176,"Beans, dry",5510,Production,2007,t,205196.000000,A
29,'108,Burundi,176,"Beans, dry",5510,Production,2008,t,189661.000000,A
29,'108,Burundi,176,"Beans, dry",5510,Production,2009,t,207272.000000,A
29,'108,Burundi,176,"Beans, dry",5510,Production,2010,t,201551.000000,A
29,'108,Burundi,176,"Beans, dry",5510,Production,2011,t,200673.000000,A
29,'108,Burundi,176,"Beans, dry",5510,Production,2012,t,205944.000000,A
29,'108,Burundi,176,"Beans, dry",5510,Production,2013,t,225003.000000,A
29,'108,Burundi,176,"Beans, dry",5510,Production,2014,t,251761.000000,A
29,'108,Burundi,176,"Beans, dry",5510,Production,2015,t,282978.000000,A
29,'108,Burundi,176,"Beans, dry",5510,Production,2016,t,375863.000000,A
29,'108,Burundi,176,"Beans, dry",5510,Production,2017,t,371211.000000,A
29,'108,Burundi,176,"Beans, dry",5510,Production,2018,t,393233.000000,A
29,'108,Burundi,176,"Beans, dry",5510,Production,2019,t,619151.000000,A
29,'108,Burundi,176,"Beans, dry",5510,Production,2020,t,460000.000000,E
29,'108,Burundi,176,"Beans, dry",5510,Production,2021,t,490000.000000,E
29,'108,Burundi,176,"Beans, dry",5510,Production,2022,t,520000.000000,E
29,'108,Burundi,176,"Beans, dry",5510,Production,2023,t,490000.000000,E
29,'108,Burundi,176,"Beans, dry",5510,Production,2024,t,504702.220000,I
238,'231,Ethiopia,176,"Beans, dry",5312,Area harvested,1993,ha,59450.000000,A
238,'231,Ethiopia,176,"Beans, dry",5312,Area harvested,1994,ha,107548.000000,A
238,'231,Ethiopia,176,"Beans, dry",5312,Area harvested,1995,ha,123170.000000,A
238,'231,Ethiopia,176,"Beans, dry",5312,Area harvested,1996,ha,101170.000000,A
238,'231,Ethiopia,176,"Beans, dry",5312,Area harvested,1997,ha,104500.000000,A
238,'231,Ethiopia,176,"Beans, dry",5312,Area harvested,1998,ha,100000.000000,E
238,'231,Ethiopia,176,"Beans, dry",5312,Area harvested,1999,ha,187020.000000,A
238,'231,Ethiopia,176,"Beans, dry",5312,Area harvested,2000,ha,218940.000000,A
238,'231,Ethiopia,176,"Beans, dry",5312,Area harvested,2001,ha,336900.000000,A
238,'231,Ethiopia,176,"Beans, dry",5312,Area harvested,2002,ha,206771.000000,A
238,'231,Ethiopia,176,"Beans, dry",5312,Area harvested,2003,ha,181583.000000,A
238,'231,Ethiopia,176,"Beans, dry",5312,Area harvested,2004,ha,240963.000000,A
238,'231,Ethiopia,176,"Beans, dry",5312,Area harvested,2005,ha,241000.000000,E
238,'231,Ethiopia,176,"Beans, dry",5312,Area harvested,2006,ha,163687.000000,A
238,'231,Ethiopia,176,"Beans, dry",5312,Area harvested,2007,ha,409811.000000,A
238,'231,Ethiopia,176,"Beans, dry",5312,Area harvested,2008,ha,427817.000000,A
238,'231,Ethiopia,176,"Beans, dry",5312,Area harvested,2009,ha,415858.000000,A
238,'231,Ethiopia,176,"Beans, dry",5312,Area harvested,2010,ha,419910.000000,E
238,'231,Ethiopia,176,"Beans, dry",5312,Area harvested,2011,ha,583078.000000,A
238,'231,Ethiopia,176,"Beans, dry",5312,Area harvested,2012,ha,610860.000000,A
238,'231,Ethiopia,176,"Beans, dry",5312,Area harvested,2013,ha,592738.000000,A
238,'231,Ethiopia,176,"Beans, dry",5312,Area harvested,2014,ha,563531.000000,A
238,'231,Ethiopia,176,"Beans, dry",5312,Area harvested,2015,ha,740053.000000,A
238,'231,Ethiopia,176,"Beans, dry",5312,Area harvested,2016,ha,709341.000000,A
238,'231,Ethiopia,176,"Beans, dry",5312,Area harvested,2017,ha,688470.000000,A
238,'231,Ethiopia,176,"Beans, dry",5312,Area harvested,2018,ha,597111.000000,A
238,'231,Ethiopia,176,"Beans, dry",5312,Area harvested,2019,ha,428740.000000,E
238,'231,Ethiopia,176,"Beans, dry",5312,Area harvested,2020,ha,702500.000000,E
238,'231,Ethiopia,176,"Beans, dry",5312,Area harvested,2021,ha,581042.000000,A
238,'231,Ethiopia,176,"Beans, dry",5312,Area harvested,2022,ha,614355.000000,A
238,'231,Ethiopia,176,"Beans, dry",5312,Area harvested,2023,ha,373863.000000,I
238,'231,Ethiopia,176,"Beans, dry",5312,Area harvested,2024,ha,354072.000000,I
238,'231,Ethiopia,176,"Beans, dry",5510,Production,1993,t,31592.000000,A
238,'231,Ethiopia,176,"Beans, dry",5510,Production,1994,t,26800.000000,A
238,'231,Ethiopia,176,"Beans, dry",5510,Production,1995,t,43102.000000,A
238,'231,Ethiopia,176,"Beans, dry",5510,Production,1996,t,109104.000000,A
238,'231,Ethiopia,176,"Beans, dry",5510,Production,1997,t,96652.000000,A
238,'231,Ethiopia,176,"Beans, dry",5510,Production,1998,t,77590.000000,A
238,'231,Ethiopia,176,"Beans, dry",5510,Production,1999,t,125237.000000,A
238,'231,Ethiopia,176,"Beans, dry",5510,Production,2000,t,147210.000000,A
238,'231,Ethiopia,176,"Beans, dry",5510,Production,2001,t,210961.000000,A
238,'231,Ethiopia,176,"Beans, dry",5510,Production,2002,t,98674.000000,A
238,'231,Ethiopia,176,"Beans, dry",5510,Production,2003,t,117499.000000,A
238,'231,Ethiopia,176,"Beans, dry",5510,Production,2004,t,172153.000000,A
238,'231,Ethiopia,176,"Beans, dry",5510,Production,2005,t,211347.000000,A
238,'231,Ethiopia,176,"Beans, dry",5510,Production,2006,t,138422.000000,A
238,'231,Ethiopia,176,"Beans, dry",5510,Production,2007,t,326678.930000,A
238,'231,Ethiopia,176,"Beans, dry",5510,Production,2008,t,409104.070000,A
238,'231,Ethiopia,176,"Beans, dry",5510,Production,2009,t,509612.560000,A
238,'231,Ethiopia,176,"Beans, dry",5510,Production,2010,t,496170.000000,E
238,'231,Ethiopia,176,"Beans, dry",5510,Production,2011,t,509697.330000,A
238,'231,Ethiopia,176,"Beans, dry",5510,Production,2012,t,613088.300000,A
238,'231,Ethiopia,176,"Beans, dry",5510,Production,2013,t,597564.500000,A
238,'231,Ethiopia,176,"Beans, dry",5510,Production,2014,t,658954.020000,A
238,'231,Ethiopia,176,"Beans, dry",5510,Production,2015,t,899943.910000,A
238,'231,Ethiopia,176,"Beans, dry",5510,Production,2016,t,869847.000000,A
238,'231,Ethiopia,176,"Beans, dry",5510,Production,2017,t,825422.660000,A
238,'231,Ethiopia,176,"Beans, dry",5510,Production,2018,t,755753.000000,A
238,'231,Ethiopia,176,"Beans, dry",5510,Production,2019,t,674760.000000,E
238,'231,Ethiopia,176,"Beans, dry",5510,Production,2020,t,1168370.000000,E
238,'231,Ethiopia,176,"Beans, dry",5510,Production,2021,t,763740.190000,A
238,'231,Ethiopia,176,"Beans, dry",5510,Production,2022,t,763358.890000,A
238,'231,Ethiopia,176,"Beans, dry",5510,Production,2023,t,623596.590000,I
238,'231,Ethiopia,176,"Beans, dry",5510,Production,2024,t,604791.290000,I
114,'404,Kenya,176,"Beans, dry",5312,Area harvested,1961,ha,115000.000000,E
114,'404,Kenya,176,"Beans, dry",5312,Area harvested,1962,ha,115000.000000,E
114,'404,Kenya,176,"Beans, dry",5312,Area harvested,1963,ha,115000.000000,E
114,'404,Kenya,176,"Beans, dry",5312,Area harvested,1964,ha,115000.000000,E
114,'404,Kenya,176,"Beans, dry",5312,Area harvested,1965,ha,115000.000000,E
114,'404,Kenya,176,"Beans, dry",5312,Area harvested,1966,ha,115000.000000,E
114,'404,Kenya,176,"Beans, dry",5312,Area harvested,1967,ha,115000.000000,E
114,'404,Kenya,176,"Beans, dry",5312,Area harvested,1968,ha,115000.000000,E
114,'404,Kenya,176,"Beans, dry",5312,Area harvested,1969,ha,125000.000000,E
114,'404,Kenya,176,"Beans, dry",5312,Area harvested,1970,ha,150000.000000,E
114,'404,Kenya,176,"Beans, dry",5312,Area harvested,1971,ha,180000.000000,E
114,'404,Kenya,176,"Beans, dry",5312,Area harvested,1972,ha,180000.000000,E
114,'404,Kenya,176,"Beans, dry",5312,Area harvested,1973,ha,250000.000000,E
114,'404,Kenya,176,"Beans, dry",5312,Area harvested,1974,ha,270000.000000,E
114,'404,Kenya,176,"Beans, dry",5312,Area harvested,1975,ha,280000.000000,E
114,'404,Kenya,176,"Beans, dry",5312,Area harvested,1976,ha,310000.000000,E
114,'404,Kenya,176,"Beans, dry",5312,Area harvested,1977,ha,350000.000000,E
114,'404,Kenya,176,"Beans, dry",5312,Area harvested,1978,ha,370000.000000,E
114,'404,Kenya,176,"Beans, dry",5312,Area harvested,1979,ha,380000.000000,E
114,'404,Kenya,176,"Beans, dry",5312,Area harvested,1980,ha,420000.000000,E
114,'404,Kenya,176,"Beans, dry",5312,Area harvested,1981,ha,430000.000000,E
114,'404,Kenya,176,"Beans, dry",5312,Area harvested,1982,ha,450000.000000,E
114,'404,Kenya,176,"Beans, dry",5312,Area harvested,1983,ha,430000.000000,E
114,'404,Kenya,176,"Beans, dry",5312,Area harvested,1984,ha,490000.000000,E
114,'404,Kenya,176,"Beans, dry",5312,Area harvested,1985,ha,490000.000000,E
114,'404,Kenya,176,"Beans, dry",5312,Area harvested,1986,ha,520000.000000,E
114,'404,Kenya,176,"Beans, dry",5312,Area harvested,1987,ha,550000.000000,E
114,'404,Kenya,176,"Beans, dry",5312,Area harvested,1988,ha,580000.000000,E
114,'404,Kenya,176,"Beans, dry",5312,Area harvested,1989,ha,668670.000000,A
114,'404,Kenya,176,"Beans, dry",5312,Area harvested,1990,ha,501130.000000,A
114,'404,Kenya,176,"Beans, dry",5312,Area harvested,1991,ha,601566.000000,A
114,'404,Kenya,176,"Beans, dry",5312,Area harvested,1992,ha,588720.000000,A
114,'404,Kenya,176,"Beans, dry",5312,Area harvested,1993,ha,627950.000000,A
114,'404,Kenya,176,"Beans, dry",5312,Area harvested,1994,ha,646000.000000,A
114,'404,Kenya,176,"Beans, dry",5312,Area harvested,1995,ha,763525.000000,A
114,'404,Kenya,176,"Beans, dry",5312,Area harvested,1996,ha,660000.000000,A
114,'404,Kenya,176,"Beans, dry",5312,Area harvested,1997,ha,751380.000000,A
114,'404,Kenya,176,"Beans, dry",5312,Area harvested,1998,ha,699761.000000,A
114,'404,Kenya,176,"Beans, dry",5312,Area harvested,1999,ha,826366.000000,A
114,'404,Kenya,176,"Beans, dry",5312,Area harvested,2000,ha,770797.000000,A
114,'404,Kenya,176,"Beans, dry",5312,Area harvested,2001,ha,870357.000000,A
114,'404,Kenya,176,"Beans, dry",5312,Area harvested,2002,ha,928651.000000,A
114,'404,Kenya,176,"Beans, dry",5312,Area harvested,2003,ha,897032.000000,A
114,'404,Kenya,176,"Beans, dry",5312,Area harvested,2004,ha,787120.000000,A
114,'404,Kenya,176,"Beans, dry",5312,Area harvested,2005,ha,1034477.000000,A
114,'404,Kenya,176,"Beans, dry",5312,Area harvested,2006,ha,995391.000000,A
114,'404,Kenya,176,"Beans, dry",5312,Area harvested,2007,ha,846327.000000,A
114,'404,Kenya,176,"Beans, dry",5312,Area harvested,2008,ha,641936.000000,A
114,'404,Kenya,176,"Beans, dry",5312,Area harvested,2009,ha,960705.000000,A
114,'404,Kenya,176,"Beans, dry",5312,Area harvested,2010,ha,689377.000000,A
114,'404,Kenya,176,"Beans, dry",5312,Area harvested,2011,ha,1036738.000000,A
114,'404,Kenya,176,"Beans, dry",5312,Area harvested,2012,ha,1056046.000000,A
114,'404,Kenya,176,"Beans, dry",5312,Area harvested,2013,ha,1083604.000000,A
114,'404,Kenya,176,"Beans, dry",5312,Area harvested,2014,ha,1052408.000000,A
114,'404,Kenya,176,"Beans, dry",5312,Area harvested,2015,ha,1243882.000000,A
114,'404,Kenya,176,"Beans, dry",5312,Area harvested,2016,ha,1171710.000000,A
114,'404,Kenya,176,"Beans, dry",5312,Area harvested,2017,ha,1030435.000000,A
114,'404,Kenya,176,"Beans, dry",5312,Area harvested,2018,ha,1177173.000000,A
114,'404,Kenya,176,"Beans, dry",5312,Area harvested,2019,ha,1188678.000000,A
114,'404,Kenya,176,"Beans, dry",5312,Area harvested,2020,ha,1147709.000000,A
114,'404,Kenya,176,"Beans, dry",5312,Area harvested,2021,ha,1131565.000000,A
114,'404,Kenya,176,"Beans, dry",5312,Area harvested,2022,ha,1268568.000000,A
114,'404,Kenya,176,"Beans, dry",5312,Area harvested,2023,ha,1219960.000000,A
114,'404,Kenya,176,"Beans, dry",5312,Area harvested,2024,ha,1229882.000000,A
114,'404,Kenya,176,"Beans, dry",5510,Production,1961,t,55000.000000,E
114,'404,Kenya,176,"Beans, dry",5510,Production,1962,t,55000.000000,E
114,'404,Kenya,176,"Beans, dry",5510,Production,1963,t,55000.000000,E
114,'404,Kenya,176,"Beans, dry",5510,Production,1964,t,55000.000000,E
114,'404,Kenya,176,"Beans, dry",5510,Production,1965,t,55000.000000,E
114,'404,Kenya,176,"Beans, dry",5510,Production,1966,t,55000.000000,E
114,'404,Kenya,176,"Beans, dry",5510,Production,1967,t,55000.000000,E
114,'404,Kenya,176,"Beans, dry",5510,Production,1968,t,55000.000000,E
114,'404,Kenya,176,"Beans, dry",5510,Production,1969,t,70000.000000,E
114,'404,Kenya,176,"Beans, dry",5510,Production,1970,t,80000.000000,E
114,'404,Kenya,176,"Beans, dry",5510,Production,1971,t,100000.000000,E
114,'404,Kenya,176,"Beans, dry",5510,Production,1972,t,100000.000000,E
114,'404,Kenya,176,"Beans, dry",5510,Production,1973,t,120000.000000,E
114,'404,Kenya,176,"Beans, dry",5510,Production,1974,t,150000.000000,E
114,'404,Kenya,176,"Beans, dry",5510,Production,1975,t,160000.000000,E
114,'404,Kenya,176,"Beans, dry",5510,Production,1976,t,180000.000000,E
114,'404,Kenya,176,"Beans, dry",5510,Production,1977,t,190000.000000,E
114,'404,Kenya,176,"Beans, dry",5510,Production,1978,t,210000.000000,E
114,'404,Kenya,176,"Beans, dry",5510,Production,1979,t,220000.000000,E
114,'404,Kenya,176,"Beans, dry",5510,Production,1980,t,230000.000000,E
114,'404,Kenya,176,"Beans, dry",5510,Production,1981,t,250000.000000,E
114,'404,Kenya,176,"Beans, dry",5510,Production,1982,t,280000.000000,E
114,'404,Kenya,176,"Beans, dry",5510,Production,1983,t,250000.000000,E
114,'404,Kenya,176,"Beans, dry",5510,Production,1984,t,300000.000000,E
114,'404,Kenya,176,"Beans, dry",5510,Production,1985,t,300000.000000,E
114,'404,Kenya,176,"Beans, dry",5510,Production,1986,t,320000.000000,E
114,'404,Kenya,176,"Beans, dry",5510,Production,1987,t,350000.000000,E
114,'404,Kenya,176,"Beans, dry",5510,Production,1988,t,380000.000000,E
114,'404,Kenya,176,"Beans, dry",5510,Production,1989,t,422235.000000,A
114,'404,Kenya,176,"Beans, dry",5510,Production,1990,t,420034.000000,A
114,'404,Kenya,176,"Beans, dry",5510,Production,1991,t,400107.000000,A
114,'404,Kenya,176,"Beans, dry",5510,Production,1992,t,449828.000000,A
114,'404,Kenya,176,"Beans, dry",5510,Production,1993,t,408681.000000,A
114,'404,Kenya,176,"Beans, dry",5510,Production,1994,t,279000.000000,A
114,'404,Kenya,176,"Beans, dry",5510,Production,1995,t,398361.000000,A
114,'404,Kenya,176,"Beans, dry",5510,Production,1996,t,207000.000000,A
114,'404,Kenya,176,"Beans, dry",5510,Production,1997,t,234940.000000,A
114,'404,Kenya,176,"Beans, dry",5510,Production,1998,t,269065.000000,A
114,'404,Kenya,176,"Beans, dry",5510,Production,1999,t,391825.000000,A
114,'404,Kenya,176,"Beans, dry",5510,Production,2000,t,331426.000000,A
114,'404,Kenya,176,"Beans, dry",5510,Production,2001,t,331426.000000,A
114,'404,Kenya,176,"Beans, dry",5510,Production,2002,t,480792.000000,A
114,'404,Kenya,176,"Beans, dry",5510,Production,2003,t,428796.000000,A
114,'404,Kenya,176,"Beans, dry",5510,Production,2004,t,277501.000000,A
114,'404,Kenya,176,"Beans, dry",5510,Production,2005,t,382307.000000,A
114,'404,Kenya,176,"Beans, dry",5510,Production,2006,t,531800.000000,A
114,'404,Kenya,176,"Beans, dry",5510,Production,2007,t,429839.000000,A
114,'404,Kenya,176,"Beans, dry",5510,Production,2008,t,265006.000000,A
114,'404,Kenya,176,"Beans, dry",5510,Production,2009,t,465363.000000,A
114,'404,Kenya,176,"Beans, dry",5510,Production,2010,t,390598.000000,A
114,'404,Kenya,176,"Beans, dry",5510,Production,2011,t,577674.000000,A
114,'404,Kenya,176,"Beans, dry",5510,Production,2012,t,622759.000000,A
114,'404,Kenya,176,"Beans, dry",5510,Production,2013,t,714492.000000,A
114,'404,Kenya,176,"Beans, dry",5510,Production,2014,t,615992.000000,A
114,'404,Kenya,176,"Beans, dry",5510,Production,2015,t,765000.000000,A
114,'404,Kenya,176,"Beans, dry",5510,Production,2016,t,728160.000000,A
114,'404,Kenya,176,"Beans, dry",5510,Production,2017,t,846000.000000,A
114,'404,Kenya,176,"Beans, dry",5510,Production,2018,t,837000.000000,A
114,'404,Kenya,176,"Beans, dry",5510,Production,2019,t,747000.000000,A
114,'404,Kenya,176,"Beans, dry",5510,Production,2020,t,774365.670000,A
114,'404,Kenya,176,"Beans, dry",5510,Production,2021,t,668916.000000,A
114,'404,Kenya,176,"Beans, dry",5510,Production,2022,t,750120.000000,A
114,'404,Kenya,176,"Beans, dry",5510,Production,2023,t,860973.000000,A
114,'404,Kenya,176,"Beans, dry",5510,Production,2024,t,903850.980000,A
184,'646,Rwanda,176,"Beans, dry",5312,Area harvested,1961,ha,131100.000000,A
184,'646,Rwanda,176,"Beans, dry",5312,Area harvested,1962,ha,120088.000000,A
184,'646,Rwanda,176,"Beans, dry",5312,Area harvested,1963,ha,120000.000000,E
184,'646,Rwanda,176,"Beans, dry",5312,Area harvested,1964,ha,108139.000000,A
184,'646,Rwanda,176,"Beans, dry",5312,Area harvested,1965,ha,126925.000000,A
184,'646,Rwanda,176,"Beans, dry",5312,Area harvested,1966,ha,154000.000000,A
184,'646,Rwanda,176,"Beans, dry",5312,Area harvested,1967,ha,155000.000000,A
184,'646,Rwanda,176,"Beans, dry",5312,Area harvested,1968,ha,156300.000000,A
184,'646,Rwanda,176,"Beans, dry",5312,Area harvested,1969,ha,162360.000000,A
184,'646,Rwanda,176,"Beans, dry",5312,Area harvested,1970,ha,159560.000000,A
184,'646,Rwanda,176,"Beans, dry",5312,Area harvested,1971,ha,160494.000000,A
184,'646,Rwanda,176,"Beans, dry",5312,Area harvested,1972,ha,154593.000000,A
184,'646,Rwanda,176,"Beans, dry",5312,Area harvested,1973,ha,160025.000000,A
184,'646,Rwanda,176,"Beans, dry",5312,Area harvested,1974,ha,186723.000000,A
184,'646,Rwanda,176,"Beans, dry",5312,Area harvested,1975,ha,190600.000000,A
184,'646,Rwanda,176,"Beans, dry",5312,Area harvested,1976,ha,202880.000000,A
184,'646,Rwanda,176,"Beans, dry",5312,Area harvested,1977,ha,213276.000000,A
184,'646,Rwanda,176,"Beans, dry",5312,Area harvested,1978,ha,214939.000000,A
184,'646,Rwanda,176,"Beans, dry",5312,Area harvested,1979,ha,238200.000000,A
184,'646,Rwanda,176,"Beans, dry",5312,Area harvested,1980,ha,257154.000000,A
184,'646,Rwanda,176,"Beans, dry",5312,Area harvested,1981,ha,260569.000000,A
184,'646,Rwanda,176,"Beans, dry",5312,Area harvested,1982,ha,263400.000000,A
184,'646,Rwanda,176,"Beans, dry",5312,Area harvested,1983,ha,305600.000000,A
184,'646,Rwanda,176,"Beans, dry",5312,Area harvested,1984,ha,303200.000000,A
184,'646,Rwanda,176,"Beans, dry",5312,Area harvested,1985,ha,339660.000000,A
184,'646,Rwanda,176,"Beans, dry",5312,Area harvested,1986,ha,322160.000000,A
184,'646,Rwanda,176,"Beans, dry",5312,Area harvested,1987,ha,323750.000000,A
184,'646,Rwanda,176,"Beans, dry",5312,Area harvested,1988,ha,300000.000000,E
184,'646,Rwanda,176,"Beans, dry",5312,Area harvested,1989,ha,250200.000000,A
184,'646,Rwanda,176,"Beans, dry",5312,Area harvested,1990,ha,262563.000000,A
184,'646,Rwanda,176,"Beans, dry",5312,Area harvested,1991,ha,240000.000000,E
184,'646,Rwanda,176,"Beans, dry",5312,Area harvested,1992,ha,260000.000000,E
184,'646,Rwanda,176,"Beans, dry",5312,Area harvested,1993,ha,200000.000000,E
184,'646,Rwanda,176,"Beans, dry",5312,Area harvested,1994,ha,45000.000000,E
184,'646,Rwanda,176,"Beans, dry",5312,Area harvested,1995,ha,180000.000000,E
184,'646,Rwanda,176,"Beans, dry",5312,Area harvested,1996,ha,250000.000000,E
184,'646,Rwanda,176,"Beans, dry",5312,Area harvested,1997,ha,238525.000000,A
184,'646,Rwanda,176,"Beans, dry",5312,Area harvested,1998,ha,234923.000000,A
184,'646,Rwanda,176,"Beans, dry",5312,Area harvested,1999,ha,228215.000000,A
184,'646,Rwanda,176,"Beans, dry",5312,Area harvested,2000,ha,333205.000000,A
184,'646,Rwanda,176,"Beans, dry",5312,Area harvested,2001,ha,343966.000000,A
184,'646,Rwanda,176,"Beans, dry",5312,Area harvested,2002,ha,358002.000000,A
184,'646,Rwanda,176,"Beans, dry",5312,Area harvested,2003,ha,356519.000000,A
184,'646,Rwanda,176,"Beans, dry",5312,Area harvested,2004,ha,319349.000000,A
184,'646,Rwanda,176,"Beans, dry",5312,Area harvested,2005,ha,313019.000000,A
184,'646,Rwanda,176,"Beans, dry",5312,Area harvested,2006,ha,356381.000000,A
184,'646,Rwanda,176,"Beans, dry",5312,Area harvested,2007,ha,358208.000000,A
184,'646,Rwanda,176,"Beans, dry",5312,Area harvested,2008,ha,336577.000000,A
184,'646,Rwanda,176,"Beans, dry",5312,Area harvested,2009,ha,345851.000000,A
184,'646,Rwanda,176,"Beans, dry",5312,Area harvested,2010,ha,319252.000000,A
184,'646,Rwanda,176,"Beans, dry",5312,Area harvested,2011,ha,341819.000000,A
184,'646,Rwanda,176,"Beans, dry",5312,Area harvested,2012,ha,479899.000000,A
184,'646,Rwanda,176,"Beans, dry",5312,Area harvested,2013,ha,480012.000000,A
184,'646,Rwanda,176,"Beans, dry",5312,Area harvested,2014,ha,465865.000000,A
184,'646,Rwanda,176,"Beans, dry",5312,Area harvested,2015,ha,503546.000000,A
184,'646,Rwanda,176,"Beans, dry",5312,Area harvested,2016,ha,513137.000000,A
184,'646,Rwanda,176,"Beans, dry",5312,Area harvested,2017,ha,549441.000000,A
184,'646,Rwanda,176,"Beans, dry",5312,Area harvested,2018,ha,557209.000000,A
184,'646,Rwanda,176,"Beans, dry",5312,Area harvested,2019,ha,582670.000000,A
184,'646,Rwanda,176,"Beans, dry",5312,Area harvested,2020,ha,647983.000000,A
184,'646,Rwanda,176,"Beans, dry",5312,Area harvested,2021,ha,694481.000000,A
184,'646,Rwanda,176,"Beans, dry",5312,Area harvested,2022,ha,634192.000000,A
184,'646,Rwanda,176,"Beans, dry",5312,Area harvested,2023,ha,626306.000000,A
184,'646,Rwanda,176,"Beans, dry",5312,Area harvested,2024,ha,660495.000000,A
184,'646,Rwanda,176,"Beans, dry",5510,Production,1961,t,86575.000000,A
184,'646,Rwanda,176,"Beans, dry",5510,Production,1962,t,92320.000000,A
184,'646,Rwanda,176,"Beans, dry",5510,Production,1963,t,96320.000000,A
184,'646,Rwanda,176,"Beans, dry",5510,Production,1964,t,69914.000000,A
184,'646,Rwanda,176,"Beans, dry",5510,Production,1965,t,87451.000000,A
184,'646,Rwanda,176,"Beans, dry",5510,Production,1966,t,130900.000000,A
184,'646,Rwanda,176,"Beans, dry",5510,Production,1967,t,131750.000000,A
184,'646,Rwanda,176,"Beans, dry",5510,Production,1968,t,116225.000000,A
184,'646,Rwanda,176,"Beans, dry",5510,Production,1969,t,146124.000000,A
184,'646,Rwanda,176,"Beans, dry",5510,Production,1970,t,143604.000000,A
184,'646,Rwanda,176,"Beans, dry",5510,Production,1971,t,144445.000000,A
184,'646,Rwanda,176,"Beans, dry",5510,Production,1972,t,131404.000000,A
184,'646,Rwanda,176,"Beans, dry",5510,Production,1973,t,133059.000000,A
184,'646,Rwanda,176,"Beans, dry",5510,Production,1974,t,114816.000000,A
184,'646,Rwanda,176,"Beans, dry",5510,Production,1975,t,152744.000000,A
184,'646,Rwanda,176,"Beans, dry",5510,Production,1976,t,163401.000000,A
184,'646,Rwanda,176,"Beans, dry",5510,Production,1977,t,171598.000000,A
184,'646,Rwanda,176,"Beans, dry",5510,Production,1978,t,170231.000000,A
184,'646,Rwanda,176,"Beans, dry",5510,Production,1979,t,180700.000000,A
184,'646,Rwanda,176,"Beans, dry",5510,Production,1980,t,181200.000000,A
184,'646,Rwanda,176,"Beans, dry",5510,Production,1981,t,191836.000000,A
184,'646,Rwanda,176,"Beans, dry",5510,Production,1982,t,213881.000000,A
184,'646,Rwanda,176,"Beans, dry",5510,Production,1983,t,256956.000000,A
184,'646,Rwanda,176,"Beans, dry",5510,Production,1984,t,227300.000000,A
184,'646,Rwanda,176,"Beans, dry",5510,Production,1985,t,313600.000000,A
184,'646,Rwanda,176,"Beans, dry",5510,Production,1986,t,270970.000000,A
184,'646,Rwanda,176,"Beans, dry",5510,Production,1987,t,264900.000000,A
184,'646,Rwanda,176,"Beans, dry",5510,Production,1988,t,223900.000000,A
184,'646,Rwanda,176,"Beans, dry",5510,Production,1989,t,210300.000000,A
184,'646,Rwanda,176,"Beans, dry",5510,Production,1990,t,195000.000000,A
184,'646,Rwanda,176,"Beans, dry",5510,Production,1991,t,205000.000000,A
184,'646,Rwanda,176,"Beans, dry",5510,Production,1992,t,180000.000000,A
184,'646,Rwanda,176,"Beans, dry",5510,Production,1993,t,137000.000000,A
184,'646,Rwanda,176,"Beans, dry",5510,Production,1994,t,34800.000000,A
184,'646,Rwanda,176,"Beans, dry",5510,Production,1995,t,126000.000000,A
184,'646,Rwanda,176,"Beans, dry",5510,Production,1996,t,174347.000000,A
184,'646,Rwanda,176,"Beans, dry",5510,Production,1997,t,133715.000000,A
184,'646,Rwanda,176,"Beans, dry",5510,Production,1998,t,153917.000000,A
184,'646,Rwanda,176,"Beans, dry",5510,Production,1999,t,140426.000000,A
184,'646,Rwanda,176,"Beans, dry",5510,Production,2000,t,215347.000000,A
184,'646,Rwanda,176,"Beans, dry",5510,Production,2001,t,242157.000000,A
184,'646,Rwanda,176,"Beans, dry",5510,Production,2002,t,246906.000000,A
184,'646,Rwanda,176,"Beans, dry",5510,Production,2003,t,239394.000000,A
184,'646,Rwanda,176,"Beans, dry",5510,Production,2004,t,198224.000000,A
184,'646,Rwanda,176,"Beans, dry",5510,Production,2005,t,199648.000000,A
184,'646,Rwanda,176,"Beans, dry",5510,Production,2006,t,283387.000000,A
184,'646,Rwanda,176,"Beans, dry",5510,Production,2007,t,329000.000000,A
184,'646,Rwanda,176,"Beans, dry",5510,Production,2008,t,308000.000000,A
184,'646,Rwanda,176,"Beans, dry",5510,Production,2009,t,326532.000000,A
184,'646,Rwanda,176,"Beans, dry",5510,Production,2010,t,327497.000000,A
184,'646,Rwanda,176,"Beans, dry",5510,Production,2011,t,331166.100000,A
184,'646,Rwanda,176,"Beans, dry",5510,Production,2012,t,432857.000000,A
184,'646,Rwanda,176,"Beans, dry",5510,Production,2013,t,438235.840000,A
184,'646,Rwanda,176,"Beans, dry",5510,Production,2014,t,415259.000000,A
184,'646,Rwanda,176,"Beans, dry",5510,Production,2015,t,434077.000000,A
184,'646,Rwanda,176,"Beans, dry",5510,Production,2016,t,437672.960000,A
184,'646,Rwanda,176,"Beans, dry",5510,Production,2017,t,455821.990000,A
184,'646,Rwanda,176,"Beans, dry",5510,Production,2018,t,485755.510000,A
184,'646,Rwanda,176,"Beans, dry",5510,Production,2019,t,484251.000000,A
184,'646,Rwanda,176,"Beans, dry",5510,Production,2020,t,438735.560000,A
184,'646,Rwanda,176,"Beans, dry",5510,Production,2021,t,491976.000000,A
184,'646,Rwanda,176,"Beans, dry",5510,Production,2022,t,449448.040000,A
184,'646,Rwanda,176,"Beans, dry",5510,Production,2023,t,450360.000000,A
184,'646,Rwanda,176,"Beans, dry",5510,Production,2024,t,478344.260000,A
226,'800,Uganda,176,"Beans, dry",5312,Area harvested,1961,ha,140000.000000,E
226,'800,Uganda,176,"Beans, dry",5312,Area harvested,1962,ha,140000.000000,E
226,'800,Uganda,176,"Beans, dry",5312,Area harvested,1963,ha,140000.000000,E
226,'800,Uganda,176,"Beans, dry",5312,Area harvested,1964,ha,150000.000000,E
226,'800,Uganda,176,"Beans, dry",5312,Area harvested,1965,ha,150000.000000,E
226,'800,Uganda,176,"Beans, dry",5312,Area harvested,1966,ha,163000.000000,A
226,'800,Uganda,176,"Beans, dry",5312,Area harvested,1967,ha,219000.000000,A
226,'800,Uganda,176,"Beans, dry",5312,Area harvested,1968,ha,270000.000000,A
226,'800,Uganda,176,"Beans, dry",5312,Area harvested,1969,ha,240000.000000,E
226,'800,Uganda,176,"Beans, dry",5312,Area harvested,1970,ha,270000.000000,E
226,'800,Uganda,176,"Beans, dry",5312,Area harvested,1971,ha,459000.000000,A
226,'800,Uganda,176,"Beans, dry",5312,Area harvested,1972,ha,309000.000000,A
226,'800,Uganda,176,"Beans, dry",5312,Area harvested,1973,ha,359000.000000,A
226,'800,Uganda,176,"Beans, dry",5312,Area harvested,1974,ha,408000.000000,A
226,'800,Uganda,176,"Beans, dry",5312,Area harvested,1975,ha,407300.000000,A
226,'800,Uganda,176,"Beans, dry",5312,Area harvested,1976,ha,434892.000000,A
226,'800,Uganda,176,"Beans, dry",5312,Area harvested,1977,ha,338347.000000,A
226,'800,Uganda,176,"Beans, dry",5312,Area harvested,1978,ha,388000.000000,A
226,'800,Uganda,176,"Beans, dry",5312,Area harvested,1979,ha,227000.000000,A
226,'800,Uganda,176,"Beans, dry",5312,Area harvested,1980,ha,224000.000000,A
226,'800,Uganda,176,"Beans, dry",5312,Area harvested,1981,ha,299000.000000,A
226,'800,Uganda,176,"Beans, dry",5312,Area harvested,1982,ha,364000.000000,A
226,'800,Uganda,176,"Beans, dry",5312,Area harvested,1983,ha,398000.000000,A
226,'800,Uganda,176,"Beans, dry",5312,Area harvested,1984,ha,385000.000000,A
226,'800,Uganda,176,"Beans, dry",5312,Area harvested,1985,ha,334442.000000,A
226,'800,Uganda,176,"Beans, dry",5312,Area harvested,1986,ha,396878.000000,A
226,'800,Uganda,176,"Beans, dry",5312,Area harvested,1987,ha,373000.000000,A
226,'800,Uganda,176,"Beans, dry",5312,Area harvested,1988,ha,445000.000000,A
226,'800,Uganda,176,"Beans, dry",5312,Area harvested,1989,ha,480500.000000,A
226,'800,Uganda,176,"Beans, dry",5312,Area harvested,1990,ha,494915.000000,A
226,'800,Uganda,176,"Beans, dry",5312,Area harvested,1991,ha,509762.000000,A
226,'800,Uganda,176,"Beans, dry",5312,Area harvested,1992,ha,536000.000000,A
226,'800,Uganda,176,"Beans, dry",5312,Area harvested,1993,ha,552000.000000,A
226,'800,Uganda,176,"Beans, dry",5312,Area harvested,1994,ha,574000.000000,A
226,'800,Uganda,176,"Beans, dry",5312,Area harvested,1995,ha,600000.000000,A
226,'800,Uganda,176,"Beans, dry",5312,Area harvested,1996,ha,615000.000000,A
226,'800,Uganda,176,"Beans, dry",5312,Area harvested,1997,ha,630000.000000,A
226,'800,Uganda,176,"Beans, dry",5312,Area harvested,1998,ha,645000.000000,A
226,'800,Uganda,176,"Beans, dry",5312,Area harvested,1999,ha,669000.000000,A
226,'800,Uganda,176,"Beans, dry",5312,Area harvested,2000,ha,699000.000000,A
226,'800,Uganda,176,"Beans, dry",5312,Area harvested,2001,ha,731000.000000,A
226,'800,Uganda,176,"Beans, dry",5312,Area harvested,2002,ha,765000.000000,A
226,'800,Uganda,176,"Beans, dry",5312,Area harvested,2003,ha,780000.000000,A
226,'800,Uganda,176,"Beans, dry",5312,Area harvested,2004,ha,812000.000000,A
226,'800,Uganda,176,"Beans, dry",5312,Area harvested,2005,ha,828000.000000,A
226,'800,Uganda,176,"Beans, dry",5312,Area harvested,2006,ha,849000.000000,A
226,'800,Uganda,176,"Beans, dry",5312,Area harvested,2007,ha,870000.000000,A
226,'800,Uganda,176,"Beans, dry",5312,Area harvested,2008,ha,651000.000000,A
226,'800,Uganda,176,"Beans, dry",5312,Area harvested,2009,ha,616000.000000,A
226,'800,Uganda,176,"Beans, dry",5312,Area harvested,2010,ha,633000.000000,A
226,'800,Uganda,176,"Beans, dry",5312,Area harvested,2011,ha,653889.000000,A
226,'800,Uganda,176,"Beans, dry",5312,Area harvested,2012,ha,669000.000000,A
226,'800,Uganda,176,"Beans, dry",5312,Area harvested,2013,ha,672273.000000,A
226,'800,Uganda,176,"Beans, dry",5312,Area harvested,2014,ha,674290.000000,A
226,'800,Uganda,176,"Beans, dry",5312,Area harvested,2015,ha,674964.000000,A
226,'800,Uganda,176,"Beans, dry",5312,Area harvested,2016,ha,483337.000000,I
226,'800,Uganda,176,"Beans, dry",5312,Area harvested,2017,ha,588185.000000,I
226,'800,Uganda,176,"Beans, dry",5312,Area harvested,2018,ha,543511.000000,I
226,'800,Uganda,176,"Beans, dry",5312,Area harvested,2019,ha,546458.000000,E
226,'800,Uganda,176,"Beans, dry",5312,Area harvested,2020,ha,923554.000000,I
226,'800,Uganda,176,"Beans, dry",5312,Area harvested,2021,ha,963000.000000,A
226,'800,Uganda,176,"Beans, dry",5312,Area harvested,2022,ha,1034000.000000,A
226,'800,Uganda,176,"Beans, dry",5312,Area harvested,2023,ha,897083.000000,I
226,'800,Uganda,176,"Beans, dry",5312,Area harvested,2024,ha,863246.000000,I
226,'800,Uganda,176,"Beans, dry",5510,Production,1961,t,100000.000000,E
226,'800,Uganda,176,"Beans, dry",5510,Production,1962,t,100000.000000,E
226,'800,Uganda,176,"Beans, dry",5510,Production,1963,t,110000.000000,E
226,'800,Uganda,176,"Beans, dry",5510,Production,1964,t,120000.000000,E
226,'800,Uganda,176,"Beans, dry",5510,Production,1965,t,130000.000000,E
226,'800,Uganda,176,"Beans, dry",5510,Production,1966,t,140000.000000,E
226,'800,Uganda,176,"Beans, dry",5510,Production,1967,t,156000.000000,A
226,'800,Uganda,176,"Beans, dry",5510,Production,1968,t,170000.000000,A
226,'800,Uganda,176,"Beans, dry",5510,Production,1969,t,116000.000000,A
226,'800,Uganda,176,"Beans, dry",5510,Production,1970,t,169000.000000,E
226,'800,Uganda,176,"Beans, dry",5510,Production,1971,t,222000.000000,A
226,'800,Uganda,176,"Beans, dry",5510,Production,1972,t,237000.000000,A
226,'800,Uganda,176,"Beans, dry",5510,Production,1973,t,170000.000000,A
226,'800,Uganda,176,"Beans, dry",5510,Production,1974,t,196300.000000,A
226,'800,Uganda,176,"Beans, dry",5510,Production,1975,t,325000.000000,A
226,'800,Uganda,176,"Beans, dry",5510,Production,1976,t,337000.000000,A
226,'800,Uganda,176,"Beans, dry",5510,Production,1977,t,253000.000000,A
226,'800,Uganda,176,"Beans, dry",5510,Production,1978,t,291000.000000,A
226,'800,Uganda,176,"Beans, dry",5510,Production,1979,t,182000.000000,A
226,'800,Uganda,176,"Beans, dry",5510,Production,1980,t,133000.000000,A
226,'800,Uganda,176,"Beans, dry",5510,Production,1981,t,240000.000000,A
226,'800,Uganda,176,"Beans, dry",5510,Production,1982,t,237000.000000,A
226,'800,Uganda,176,"Beans, dry",5510,Production,1983,t,314000.000000,A
226,'800,Uganda,176,"Beans, dry",5510,Production,1984,t,295000.000000,A
226,'800,Uganda,176,"Beans, dry",5510,Production,1985,t,266815.000000,A
226,'800,Uganda,176,"Beans, dry",5510,Production,1986,t,267093.000000,A
226,'800,Uganda,176,"Beans, dry",5510,Production,1987,t,299000.000000,A
226,'800,Uganda,176,"Beans, dry",5510,Production,1988,t,338000.000000,A
226,'800,Uganda,176,"Beans, dry",5510,Production,1989,t,388816.000000,A
226,'800,Uganda,176,"Beans, dry",5510,Production,1990,t,396000.000000,A
226,'800,Uganda,176,"Beans, dry",5510,Production,1991,t,383000.000000,A
226,'800,Uganda,176,"Beans, dry",5510,Production,1992,t,402000.000000,A
226,'800,Uganda,176,"Beans, dry",5510,Production,1993,t,428000.000000,A
226,'800,Uganda,176,"Beans, dry",5510,Production,1994,t,378000.000000,A
226,'800,Uganda,176,"Beans, dry",5510,Production,1995,t,390000.000000,A
226,'800,Uganda,176,"Beans, dry",5510,Production,1996,t,234000.000000,A
226,'800,Uganda,176,"Beans, dry",5510,Production,1997,t,221000.000000,A
226,'800,Uganda,176,"Beans, dry",5510,Production,1998,t,387000.000000,A
226,'800,Uganda,176,"Beans, dry",5510,Production,1999,t,401000.000000,A
226,'800,Uganda,176,"Beans, dry",5510,Production,2000,t,420000.000000,A
226,'800,Uganda,176,"Beans, dry",5510,Production,2001,t,511000.000000,A
226,'800,Uganda,176,"Beans, dry",5510,Production,2002,t,535000.000000,A
226,'800,Uganda,176,"Beans, dry",5510,Production,2003,t,525000.000000,A
226,'800,Uganda,176,"Beans, dry",5510,Production,2004,t,455000.000000,A
226,'800,Uganda,176,"Beans, dry",5510,Production,2005,t,478000.000000,A
226,'800,Uganda,176,"Beans, dry",5510,Production,2006,t,424000.000000,A
226,'800,Uganda,176,"Beans, dry",5510,Production,2007,t,435000.000000,A
226,'800,Uganda,176,"Beans, dry",5510,Production,2008,t,912000.000000,A
226,'800,Uganda,176,"Beans, dry",5510,Production,2009,t,925000.000000,A
226,'800,Uganda,176,"Beans, dry",5510,Production,2010,t,949000.000000,A
226,'800,Uganda,176,"Beans, dry",5510,Production,2011,t,915445.000000,A
226,'800,Uganda,176,"Beans, dry",5510,Production,2012,t,869607.000000,A
226,'800,Uganda,176,"Beans, dry",5510,Production,2013,t,941182.000000,A
226,'800,Uganda,176,"Beans, dry",5510,Production,2014,t,1011435.000000,A
226,'800,Uganda,176,"Beans, dry",5510,Production,2015,t,1079943.000000,A
226,'800,Uganda,176,"Beans, dry",5510,Production,2016,t,809640.000000,A
226,'800,Uganda,176,"Beans, dry",5510,Production,2017,t,1012406.000000,A
226,'800,Uganda,176,"Beans, dry",5510,Production,2018,t,940323.000000,A
226,'800,Uganda,176,"Beans, dry",5510,Production,2019,t,437000.000000,A
226,'800,Uganda,176,"Beans, dry",5510,Production,2020,t,786000.000000,A
226,'800,Uganda,176,"Beans, dry",5510,Production,2021,t,770000.000000,A
226,'800,Uganda,176,"Beans, dry",5510,Production,2022,t,827000.000000,A
226,'800,Uganda,176,"Beans, dry",5510,Production,2023,t,766000.000000,A
226,'800,Uganda,176,"Beans, dry",5510,Production,2024,t,793122.970000,I
215,'834,United Republic of Tanzania,176,"Beans, dry",5312,Area harvested,1961,ha,193000.000000,E
215,'834,United Republic of Tanzania,176,"Beans, dry",5312,Area harvested,1962,ha,202000.000000,E
215,'834,United Republic of Tanzania,176,"Beans, dry",5312,Area harvested,1963,ha,209944.000000,E
215,'834,United Republic of Tanzania,176,"Beans, dry",5312,Area harvested,1964,ha,230743.000000,E
215,'834,United Republic of Tanzania,176,"Beans, dry",5312,Area harvested,1965,ha,176644.000000,E
215,'834,United Republic of Tanzania,176,"Beans, dry",5312,Area harvested,1966,ha,234056.000000,E
215,'834,United Republic of Tanzania,176,"Beans, dry",5312,Area harvested,1967,ha,250000.000000,E
215,'834,United Republic of Tanzania,176,"Beans, dry",5312,Area harvested,1968,ha,219771.000000,A
215,'834,United Republic of Tanzania,176,"Beans, dry",5312,Area harvested,1969,ha,206701.000000,A
215,'834,United Republic of Tanzania,176,"Beans, dry",5312,Area harvested,1970,ha,262250.000000,A
215,'834,United Republic of Tanzania,176,"Beans, dry",5312,Area harvested,1971,ha,260000.000000,E
215,'834,United Republic of Tanzania,176,"Beans, dry",5312,Area harvested,1972,ha,280000.000000,E
215,'834,United Republic of Tanzania,176,"Beans, dry",5312,Area harvested,1973,ha,280000.000000,E
215,'834,United Republic of Tanzania,176,"Beans, dry",5312,Area harvested,1974,ha,260000.000000,E
215,'834,United Republic of Tanzania,176,"Beans, dry",5312,Area harvested,1975,ha,268000.000000,A
215,'834,United Republic of Tanzania,176,"Beans, dry",5312,Area harvested,1976,ha,294000.000000,A
215,'834,United Republic of Tanzania,176,"Beans, dry",5312,Area harvested,1977,ha,350000.000000,E
215,'834,United Republic of Tanzania,176,"Beans, dry",5312,Area harvested,1978,ha,500000.000000,E
215,'834,United Republic of Tanzania,176,"Beans, dry",5312,Area harvested,1979,ha,500000.000000,E
215,'834,United Republic of Tanzania,176,"Beans, dry",5312,Area harvested,1980,ha,500000.000000,E
215,'834,United Republic of Tanzania,176,"Beans, dry",5312,Area harvested,1981,ha,500000.000000,E
215,'834,United Republic of Tanzania,176,"Beans, dry",5312,Area harvested,1982,ha,500000.000000,E
215,'834,United Republic of Tanzania,176,"Beans, dry",5312,Area harvested,1983,ha,465900.000000,A
215,'834,United Republic of Tanzania,176,"Beans, dry",5312,Area harvested,1984,ha,446700.000000,A
215,'834,United Republic of Tanzania,176,"Beans, dry",5312,Area harvested,1985,ha,441000.000000,X
215,'834,United Republic of Tanzania,176,"Beans, dry",5312,Area harvested,1986,ha,318000.000000,X
215,'834,United Republic of Tanzania,176,"Beans, dry",5312,Area harvested,1987,ha,370343.000000,E
215,'834,United Republic of Tanzania,176,"Beans, dry",5312,Area harvested,1988,ha,326617.000000,E
215,'834,United Republic of Tanzania,176,"Beans, dry",5312,Area harvested,1989,ha,432105.000000,E
215,'834,United Republic of Tanzania,176,"Beans, dry",5312,Area harvested,1990,ha,455617.000000,E
215,'834,United Republic of Tanzania,176,"Beans, dry",5312,Area harvested,1991,ha,478770.000000,E
215,'834,United Republic of Tanzania,176,"Beans, dry",5312,Area harvested,1992,ha,501570.000000,E
215,'834,United Republic of Tanzania,176,"Beans, dry",5312,Area harvested,1993,ha,524027.000000,E
215,'834,United Republic of Tanzania,176,"Beans, dry",5312,Area harvested,1994,ha,546149.000000,E
215,'834,United Republic of Tanzania,176,"Beans, dry",5312,Area harvested,1995,ha,567941.000000,E
215,'834,United Republic of Tanzania,176,"Beans, dry",5312,Area harvested,1996,ha,589413.000000,E
215,'834,United Republic of Tanzania,176,"Beans, dry",5312,Area harvested,1997,ha,610571.000000,E
215,'834,United Republic of Tanzania,176,"Beans, dry",5312,Area harvested,1998,ha,631421.000000,E
215,'834,United Republic of Tanzania,176,"Beans, dry",5312,Area harvested,1999,ha,651971.000000,E
215,'834,United Republic of Tanzania,176,"Beans, dry",5312,Area harvested,2000,ha,672226.000000,E
215,'834,United Republic of Tanzania,176,"Beans, dry",5312,Area harvested,2001,ha,692200.000000,A
215,'834,United Republic of Tanzania,176,"Beans, dry",5312,Area harvested,2002,ha,690005.000000,E
215,'834,United Republic of Tanzania,176,"Beans, dry",5312,Area harvested,2003,ha,687810.000000,A
215,'834,United Republic of Tanzania,176,"Beans, dry",5312,Area harvested,2004,ha,811010.000000,A
215,'834,United Republic of Tanzania,176,"Beans, dry",5312,Area harvested,2005,ha,894771.000000,E
215,'834,United Republic of Tanzania,176,"Beans, dry",5312,Area harvested,2006,ha,894771.000000,E
215,'834,United Republic of Tanzania,176,"Beans, dry",5312,Area harvested,2007,ha,918742.000000,E
215,'834,United Republic of Tanzania,176,"Beans, dry",5312,Area harvested,2008,ha,749540.000000,A
215,'834,United Republic of Tanzania,176,"Beans, dry",5312,Area harvested,2009,ha,868310.000000,A
215,'834,United Republic of Tanzania,176,"Beans, dry",5312,Area harvested,2010,ha,1208690.000000,A
215,'834,United Republic of Tanzania,176,"Beans, dry",5312,Area harvested,2011,ha,737661.000000,A
215,'834,United Republic of Tanzania,176,"Beans, dry",5312,Area harvested,2012,ha,1265404.000000,A
215,'834,United Republic of Tanzania,176,"Beans, dry",5312,Area harvested,2013,ha,1151376.000000,A
215,'834,United Republic of Tanzania,176,"Beans, dry",5312,Area harvested,2014,ha,1114393.000000,A
215,'834,United Republic of Tanzania,176,"Beans, dry",5312,Area harvested,2015,ha,1124710.000000,A
215,'834,United Republic of Tanzania,176,"Beans, dry",5312,Area harvested,2016,ha,1039465.000000,I
215,'834,United Republic of Tanzania,176,"Beans, dry",5312,Area harvested,2017,ha,1119826.000000,A
215,'834,United Republic of Tanzania,176,"Beans, dry",5312,Area harvested,2018,ha,896646.000000,A
215,'834,United Republic of Tanzania,176,"Beans, dry",5312,Area harvested,2019,ha,893570.000000,A
215,'834,United Republic of Tanzania,176,"Beans, dry",5312,Area harvested,2020,ha,955249.000000,I
215,'834,United Republic of Tanzania,176,"Beans, dry",5312,Area harvested,2021,ha,993606.000000,I
215,'834,United Republic of Tanzania,176,"Beans, dry",5312,Area harvested,2022,ha,948932.000000,I
215,'834,United Republic of Tanzania,176,"Beans, dry",5312,Area harvested,2023,ha,1088198.000000,I
215,'834,United Republic of Tanzania,176,"Beans, dry",5312,Area harvested,2024,ha,1052993.000000,I
215,'834,United Republic of Tanzania,176,"Beans, dry",5510,Production,1961,t,80000.000000,E
215,'834,United Republic of Tanzania,176,"Beans, dry",5510,Production,1962,t,85000.000000,E
215,'834,United Republic of Tanzania,176,"Beans, dry",5510,Production,1963,t,88891.000000,A
215,'834,United Republic of Tanzania,176,"Beans, dry",5510,Production,1964,t,98744.000000,A
215,'834,United Republic of Tanzania,176,"Beans, dry",5510,Production,1965,t,84339.000000,A
215,'834,United Republic of Tanzania,176,"Beans, dry",5510,Production,1966,t,109766.000000,A
215,'834,United Republic of Tanzania,176,"Beans, dry",5510,Production,1967,t,141379.000000,A
215,'834,United Republic of Tanzania,176,"Beans, dry",5510,Production,1968,t,118622.000000,A
215,'834,United Republic of Tanzania,176,"Beans, dry",5510,Production,1969,t,109437.000000,A
215,'834,United Republic of Tanzania,176,"Beans, dry",5510,Production,1970,t,130004.000000,A
215,'834,United Republic of Tanzania,176,"Beans, dry",5510,Production,1971,t,133584.000000,A
215,'834,United Republic of Tanzania,176,"Beans, dry",5510,Production,1972,t,161520.000000,A
215,'834,United Republic of Tanzania,176,"Beans, dry",5510,Production,1973,t,145000.000000,E
215,'834,United Republic of Tanzania,176,"Beans, dry",5510,Production,1974,t,130000.000000,E
215,'834,United Republic of Tanzania,176,"Beans, dry",5510,Production,1975,t,134000.000000,A
215,'834,United Republic of Tanzania,176,"Beans, dry",5510,Production,1976,t,146000.000000,A
215,'834,United Republic of Tanzania,176,"Beans, dry",5510,Production,1977,t,195820.000000,A
215,'834,United Republic of Tanzania,176,"Beans, dry",5510,Production,1978,t,275818.000000,A
215,'834,United Republic of Tanzania,176,"Beans, dry",5510,Production,1979,t,252889.000000,A
215,'834,United Republic of Tanzania,176,"Beans, dry",5510,Production,1980,t,250000.000000,E
215,'834,United Republic of Tanzania,176,"Beans, dry",5510,Production,1981,t,250000.000000,E
215,'834,United Republic of Tanzania,176,"Beans, dry",5510,Production,1982,t,250000.000000,E
215,'834,United Republic of Tanzania,176,"Beans, dry",5510,Production,1983,t,281900.000000,A
215,'834,United Republic of Tanzania,176,"Beans, dry",5510,Production,1984,t,280200.000000,A
215,'834,United Republic of Tanzania,176,"Beans, dry",5510,Production,1985,t,270000.000000,X
215,'834,United Republic of Tanzania,176,"Beans, dry",5510,Production,1986,t,230000.000000,X
215,'834,United Republic of Tanzania,176,"Beans, dry",5510,Production,1987,t,270000.000000,X
215,'834,United Republic of Tanzania,176,"Beans, dry",5510,Production,1988,t,240000.000000,X
215,'834,United Republic of Tanzania,176,"Beans, dry",5510,Production,1989,t,320000.000000,X
215,'834,United Republic of Tanzania,176,"Beans, dry",5510,Production,1990,t,340033.000000,E
215,'834,United Republic of Tanzania,176,"Beans, dry",5510,Production,1991,t,360067.000000,E
215,'834,United Republic of Tanzania,176,"Beans, dry",5510,Production,1992,t,380100.000000,E
215,'834,United Republic of Tanzania,176,"Beans, dry",5510,Production,1993,t,400133.000000,E
215,'834,United Republic of Tanzania,176,"Beans, dry",5510,Production,1994,t,420167.000000,E
215,'834,United Republic of Tanzania,176,"Beans, dry",5510,Production,1995,t,440200.000000,E
215,'834,United Republic of Tanzania,176,"Beans, dry",5510,Production,1996,t,460233.000000,E
215,'834,United Republic of Tanzania,176,"Beans, dry",5510,Production,1997,t,480267.000000,E
215,'834,United Republic of Tanzania,176,"Beans, dry",5510,Production,1998,t,500300.000000,E
215,'834,United Republic of Tanzania,176,"Beans, dry",5510,Production,1999,t,520000.000000,E
215,'834,United Republic of Tanzania,176,"Beans, dry",5510,Production,2000,t,540000.000000,E
215,'834,United Republic of Tanzania,176,"Beans, dry",5510,Production,2001,t,550000.000000,E
215,'834,United Republic of Tanzania,176,"Beans, dry",5510,Production,2002,t,560450.000000,A
215,'834,United Republic of Tanzania,176,"Beans, dry",5510,Production,2003,t,333040.000000,A
215,'834,United Republic of Tanzania,176,"Beans, dry",5510,Production,2004,t,447710.000000,A
215,'834,United Republic of Tanzania,176,"Beans, dry",5510,Production,2005,t,626340.000000,A
215,'834,United Republic of Tanzania,176,"Beans, dry",5510,Production,2006,t,707623.000000,A
215,'834,United Republic of Tanzania,176,"Beans, dry",5510,Production,2007,t,889293.000000,A
215,'834,United Republic of Tanzania,176,"Beans, dry",5510,Production,2008,t,570750.000000,A
215,'834,United Republic of Tanzania,176,"Beans, dry",5510,Production,2009,t,773720.000000,A
215,'834,United Republic of Tanzania,176,"Beans, dry",5510,Production,2010,t,867530.000000,A
215,'834,United Republic of Tanzania,176,"Beans, dry",5510,Production,2011,t,675948.000000,A
215,'834,United Republic of Tanzania,176,"Beans, dry",5510,Production,2012,t,1199267.000000,A
215,'834,United Republic of Tanzania,176,"Beans, dry",5510,Production,2013,t,1113541.000000,A
215,'834,United Republic of Tanzania,176,"Beans, dry",5510,Production,2014,t,1114500.000000,A
215,'834,United Republic of Tanzania,176,"Beans, dry",5510,Production,2015,t,1201922.000000,A
215,'834,United Republic of Tanzania,176,"Beans, dry",5510,Production,2016,t,1194180.340000,I
215,'834,United Republic of Tanzania,176,"Beans, dry",5510,Production,2017,t,1428434.000000,A
215,'834,United Republic of Tanzania,176,"Beans, dry",5510,Production,2018,t,1096930.000000,A
215,'834,United Republic of Tanzania,176,"Beans, dry",5510,Production,2019,t,1197489.000000,A
215,'834,United Republic of Tanzania,176,"Beans, dry",5510,Production,2020,t,1272532.840000,I
215,'834,United Republic of Tanzania,176,"Beans, dry",5510,Production,2021,t,1287000.000000,A
215,'834,United Republic of Tanzania,176,"Beans, dry",5510,Production,2022,t,1269000.000000,A
215,'834,United Republic of Tanzania,176,"Beans, dry",5510,Production,2023,t,1484000.000000,A
215,'834,United Republic of Tanzania,176,"Beans, dry",5510,Production,2024,t,1463819.480000,I
5101,'014,Eastern Africa,176,"Beans, dry",5312,Area harvested,1961,ha,1031050.000000,E
5101,'014,Eastern Africa,176,"Beans, dry",5312,Area harvested,1962,ha,1033238.000000,E
5101,'014,Eastern Africa,176,"Beans, dry",5312,Area harvested,1963,ha,1047099.000000,E
5101,'014,Eastern Africa,176,"Beans, dry",5312,Area harvested,1964,ha,1092232.000000,E
5101,'014,Eastern Africa,176,"Beans, dry",5312,Area harvested,1965,ha,1067779.000000,E
5101,'014,Eastern Africa,176,"Beans, dry",5312,Area harvested,1966,ha,1147081.000000,E
5101,'014,Eastern Africa,176,"Beans, dry",5312,Area harvested,1967,ha,1245685.000000,E
5101,'014,Eastern Africa,176,"Beans, dry",5312,Area harvested,1968,ha,1283936.000000,E
5101,'014,Eastern Africa,176,"Beans, dry",5312,Area harvested,1969,ha,1268601.000000,E
5101,'014,Eastern Africa,176,"Beans, dry",5312,Area harvested,1970,ha,1408010.000000,E
5101,'014,Eastern Africa,176,"Beans, dry",5312,Area harvested,1971,ha,1642819.000000,E
5101,'014,Eastern Africa,176,"Beans, dry",5312,Area harvested,1972,ha,1487350.000000,E
5101,'014,Eastern Africa,176,"Beans, dry",5312,Area harvested,1973,ha,1640255.000000,E
5101,'014,Eastern Africa,176,"Beans, dry",5312,Area harvested,1974,ha,1670201.000000,E
5101,'014,Eastern Africa,176,"Beans, dry",5312,Area harvested,1975,ha,1747160.000000,E
5101,'014,Eastern Africa,176,"Beans, dry",5312,Area harvested,1976,ha,1817462.000000,E
5101,'014,Eastern Africa,176,"Beans, dry",5312,Area harvested,1977,ha,1837323.000000,E
5101,'014,Eastern Africa,176,"Beans, dry",5312,Area harvested,1978,ha,1992944.000000,E
5101,'014,Eastern Africa,176,"Beans, dry",5312,Area harvested,1979,ha,1858855.000000,E
5101,'014,Eastern Africa,176,"Beans, dry",5312,Area harvested,1980,ha,1937923.000000,E
5101,'014,Eastern Africa,176,"Beans, dry",5312,Area harvested,1981,ha,2032843.000000,E
5101,'014,Eastern Africa,176,"Beans, dry",5312,Area harvested,1982,ha,2158390.000000,E
5101,'014,Eastern Africa,176,"Beans, dry",5312,Area harvested,1983,ha,2210580.000000,E
5101,'014,Eastern Africa,176,"Beans, dry",5312,Area harvested,1984,ha,2201675.000000,E
5101,'014,Eastern Africa,176,"Beans, dry",5312,Area harvested,1985,ha,2252932.000000,E
5101,'014,Eastern Africa,176,"Beans, dry",5312,Area harvested,1986,ha,2209413.000000,E
5101,'014,Eastern Africa,176,"Beans, dry",5312,Area harvested,1987,ha,2307755.000000,E
5101,'014,Eastern Africa,176,"Beans, dry",5312,Area harvested,1988,ha,2333254.000000,E
5101,'014,Eastern Africa,176,"Beans, dry",5312,Area harvested,1989,ha,2481675.000000,E
5101,'014,Eastern Africa,176,"Beans, dry",5312,Area harvested,1990,ha,2395480.000000,E
5101,'014,Eastern Africa,176,"Beans, dry",5312,Area harvested,1991,ha,2610942.000000,E
5101,'014,Eastern Africa,176,"Beans, dry",5312,Area harvested,1992,ha,2603113.000000,E
5101,'014,Eastern Africa,176,"Beans, dry",5312,Area harvested,1993,ha,2681053.000000,E
5101,'014,Eastern Africa,176,"Beans, dry",5312,Area harvested,1994,ha,2579672.000000,E
5101,'014,Eastern Africa,176,"Beans, dry",5312,Area harvested,1995,ha,2927713.000000,E
5101,'014,Eastern Africa,176,"Beans, dry",5312,Area harvested,1996,ha,2863574.000000,E
5101,'014,Eastern Africa,176,"Beans, dry",5312,Area harvested,1997,ha,2957133.000000,E
5101,'014,Eastern Africa,176,"Beans, dry",5312,Area harvested,1998,ha,2952138.000000,E
5101,'014,Eastern Africa,176,"Beans, dry",5312,Area harvested,1999,ha,3132407.000000,A
5101,'014,Eastern Africa,176,"Beans, dry",5312,Area harvested,2000,ha,3253483.000000,A
5101,'014,Eastern Africa,176,"Beans, dry",5312,Area harvested,2001,ha,3651940.000000,A
5101,'014,Eastern Africa,176,"Beans, dry",5312,Area harvested,2002,ha,3861854.000000,A
5101,'014,Eastern Africa,176,"Beans, dry",5312,Area harvested,2003,ha,3895447.000000,A
5101,'014,Eastern Africa,176,"Beans, dry",5312,Area harvested,2004,ha,4005424.000000,A
5101,'014,Eastern Africa,176,"Beans, dry",5312,Area harvested,2005,ha,4513177.000000,E
5101,'014,Eastern Africa,176,"Beans, dry",5312,Area harvested,2006,ha,4437547.000000,A
5101,'014,Eastern Africa,176,"Beans, dry",5312,Area harvested,2007,ha,4670744.000000,A
5101,'014,Eastern Africa,176,"Beans, dry",5312,Area harvested,2008,ha,4037062.000000,A
5101,'014,Eastern Africa,176,"Beans, dry",5312,Area harvested,2009,ha,4494727.000000,A
5101,'014,Eastern Africa,176,"Beans, dry",5312,Area harvested,2010,ha,4813758.000000,A
5101,'014,Eastern Africa,176,"Beans, dry",5312,Area harvested,2011,ha,4831663.000000,A
5101,'014,Eastern Africa,176,"Beans, dry",5312,Area harvested,2012,ha,5840888.000000,A
5101,'014,Eastern Africa,176,"Beans, dry",5312,Area harvested,2013,ha,5735580.000000,A
5101,'014,Eastern Africa,176,"Beans, dry",5312,Area harvested,2014,ha,4976152.000000,A
5101,'014,Eastern Africa,176,"Beans, dry",5312,Area harvested,2015,ha,5357146.000000,A
5101,'014,Eastern Africa,176,"Beans, dry",5312,Area harvested,2016,ha,5562073.000000,E
5101,'014,Eastern Africa,176,"Beans, dry",5312,Area harvested,2017,ha,5932651.000000,A
5101,'014,Eastern Africa,176,"Beans, dry",5312,Area harvested,2018,ha,5899367.000000,A
5101,'014,Eastern Africa,176,"Beans, dry",5312,Area harvested,2019,ha,6207027.000000,E
5101,'014,Eastern Africa,176,"Beans, dry",5312,Area harvested,2020,ha,6674881.000000,E
5101,'014,Eastern Africa,176,"Beans, dry",5312,Area harvested,2021,ha,6757461.000000,A
5101,'014,Eastern Africa,176,"Beans, dry",5312,Area harvested,2022,ha,6634045.000000,A
5101,'014,Eastern Africa,176,"Beans, dry",5312,Area harvested,2023,ha,6989836.000000,E
5101,'014,Eastern Africa,176,"Beans, dry",5312,Area harvested,2024,ha,6788484.000000,E
5101,'014,Eastern Africa,176,"Beans, dry",5510,Production,1961,t,714975.000000,E
5101,'014,Eastern Africa,176,"Beans, dry",5510,Production,1962,t,722560.000000,E
5101,'014,Eastern Africa,176,"Beans, dry",5510,Production,1963,t,737461.000000,E
5101,'014,Eastern Africa,176,"Beans, dry",5510,Production,1964,t,759558.000000,E
5101,'014,Eastern Africa,176,"Beans, dry",5510,Production,1965,t,766030.000000,E
5101,'014,Eastern Africa,176,"Beans, dry",5510,Production,1966,t,832761.000000,E
5101,'014,Eastern Africa,176,"Beans, dry",5510,Production,1967,t,908949.000000,E
5101,'014,Eastern Africa,176,"Beans, dry",5510,Production,1968,t,903067.000000,E
5101,'014,Eastern Africa,176,"Beans, dry",5510,Production,1969,t,885111.000000,E
5101,'014,Eastern Africa,176,"Beans, dry",5510,Production,1970,t,985128.000000,E
5101,'014,Eastern Africa,176,"Beans, dry",5510,Production,1971,t,1079335.000000,E
5101,'014,Eastern Africa,176,"Beans, dry",5510,Production,1972,t,1085616.000000,E
5101,'014,Eastern Africa,176,"Beans, dry",5510,Production,1973,t,1055711.000000,E
5101,'014,Eastern Africa,176,"Beans, dry",5510,Production,1974,t,1020544.000000,E
5101,'014,Eastern Africa,176,"Beans, dry",5510,Production,1975,t,1252097.000000,E
5101,'014,Eastern Africa,176,"Beans, dry",5510,Production,1976,t,1329711.000000,E
5101,'014,Eastern Africa,176,"Beans, dry",5510,Production,1977,t,1298083.000000,E
5101,'014,Eastern Africa,176,"Beans, dry",5510,Production,1978,t,1376159.000000,E
5101,'014,Eastern Africa,176,"Beans, dry",5510,Production,1979,t,1278604.000000,A
5101,'014,Eastern Africa,176,"Beans, dry",5510,Production,1980,t,1249326.000000,E
5101,'014,Eastern Africa,176,"Beans, dry",5510,Production,1981,t,1382589.000000,A
5101,'014,Eastern Africa,176,"Beans, dry",5510,Production,1982,t,1455758.000000,A
5101,'014,Eastern Africa,176,"Beans, dry",5510,Production,1983,t,1589705.000000,A
5101,'014,Eastern Africa,176,"Beans, dry",5510,Production,1984,t,1562356.000000,A
5101,'014,Eastern Africa,176,"Beans, dry",5510,Production,1985,t,1665285.000000,E
5101,'014,Eastern Africa,176,"Beans, dry",5510,Production,1986,t,1609489.000000,E
5101,'014,Eastern Africa,176,"Beans, dry",5510,Production,1987,t,1723421.000000,E
5101,'014,Eastern Africa,176,"Beans, dry",5510,Production,1988,t,1734446.000000,E
5101,'014,Eastern Africa,176,"Beans, dry",5510,Production,1989,t,1817128.000000,E
5101,'014,Eastern Africa,176,"Beans, dry",5510,Production,1990,t,1955139.000000,E
5101,'014,Eastern Africa,176,"Beans, dry",5510,Production,1991,t,2061266.680000,A
5101,'014,Eastern Africa,176,"Beans, dry",5510,Production,1992,t,2028815.700000,A
5101,'014,Eastern Africa,176,"Beans, dry",5510,Production,1993,t,1987614.930000,A
5101,'014,Eastern Africa,176,"Beans, dry",5510,Production,1994,t,1606536.900000,E
5101,'014,Eastern Africa,176,"Beans, dry",5510,Production,1995,t,1965473.390000,E
5101,'014,Eastern Africa,176,"Beans, dry",5510,Production,1996,t,1691626.300000,E
5101,'014,Eastern Africa,176,"Beans, dry",5510,Production,1997,t,1646518.640000,E
5101,'014,Eastern Africa,176,"Beans, dry",5510,Production,1998,t,1865711.600000,A
5101,'014,Eastern Africa,176,"Beans, dry",5510,Production,1999,t,1990250.810000,A
5101,'014,Eastern Africa,176,"Beans, dry",5510,Production,2000,t,2025519.060000,A
5101,'014,Eastern Africa,176,"Beans, dry",5510,Production,2001,t,2335428.330000,A
5101,'014,Eastern Africa,176,"Beans, dry",5510,Production,2002,t,2465585.900000,A
5101,'014,Eastern Africa,176,"Beans, dry",5510,Production,2003,t,2216306.060000,A
5101,'014,Eastern Africa,176,"Beans, dry",5510,Production,2004,t,2125399.320000,A
5101,'014,Eastern Africa,176,"Beans, dry",5510,Production,2005,t,2438754.450000,A
5101,'014,Eastern Africa,176,"Beans, dry",5510,Production,2006,t,2695713.000000,A
5101,'014,Eastern Africa,176,"Beans, dry",5510,Production,2007,t,3061392.620000,A
5101,'014,Eastern Africa,176,"Beans, dry",5510,Production,2008,t,3088960.060000,A
5101,'014,Eastern Africa,176,"Beans, dry",5510,Production,2009,t,3685587.510000,A
5101,'014,Eastern Africa,176,"Beans, dry",5510,Production,2010,t,3819019.670000,A
5101,'014,Eastern Africa,176,"Beans, dry",5510,Production,2011,t,3789944.700000,A
5101,'014,Eastern Africa,176,"Beans, dry",5510,Production,2012,t,4605234.370000,A
5101,'014,Eastern Africa,176,"Beans, dry",5510,Production,2013,t,4704014.160000,A
5101,'014,Eastern Africa,176,"Beans, dry",5510,Production,2014,t,4508941.510000,A
5101,'014,Eastern Africa,176,"Beans, dry",5510,Production,2015,t,5083501.970000,A
5101,'014,Eastern Africa,176,"Beans, dry",5510,Production,2016,t,4952528.620000,A
5101,'014,Eastern Africa,176,"Beans, dry",5510,Production,2017,t,5665300.140000,A
5101,'014,Eastern Africa,176,"Beans, dry",5510,Production,2018,t,5256635.290000,A
5101,'014,Eastern Africa,176,"Beans, dry",5510,Production,2019,t,4939159.820000,A
5101,'014,Eastern Africa,176,"Beans, dry",5510,Production,2020,t,5646472.520000,E
5101,'014,Eastern Africa,176,"Beans, dry",5510,Production,2021,t,5324348.680000,A
5101,'014,Eastern Africa,176,"Beans, dry",5510,Production,2022,t,5465023.000000,A
5101,'014,Eastern Africa,176,"Beans, dry",5510,Production,2023,t,5700528.830000,A
5101,'014,Eastern Africa,176,"Beans, dry",5510,Production,2024,t,5791643.790000,E
