key	doi	first_author	year	title
Beebe2012Common	10.1002/9781118358566.ch5	Beebe	2012	Common Bean Breeding in the Tropics
Atlin2022Simple	10.1002/csc2.20684	Atlin	2022	Simple deterministic modeling can guide the design of breeding pipelines for self‐pollinated crops
Jannink2024Insight	10.1002/csc2.21124	Jannink	2024	Insight into a two‐part plant breeding scheme through Bayesian optimization of budget allocations
Amongi2025Yield	10.1002/csc2.70037	Amongi	2025	Yield and climatic parameters in a common bean (Phaseolus vulgaris L.) regional trial
HoyosVillegas2025Affordable	10.1002/ppj2.70034	Hoyos‐Villegas	2025	Affordable phenomics: Expanding access to enhancing genetic gain in plant breeding
Gorjanc2018Optimal	10.1007/s00122-018-3125-3	Gorjanc	2018	Optimal cross selection for long-term genetic gain in two-part programs with rapid recurrent genomic selection
Juliana2018Integrating	10.1007/s00122-018-3206-3	Juliana	2018	Integrating genomic-enabled prediction and high-throughput phenotyping in breeding for climate-resilient bread wheat
Cobb2019Enhancing	10.1007/s00122-019-03317-0	Cobb	2019	Enhancing the rate of genetic gain in public-sector plant breeding programs: lessons from the breeder’s equation
Lin2023Simulations	10.1007/s00122-023-04244-x	Lin	2023	Simulations of rate of genetic gain in dry bean breeding programs
FritscheNeto2023Improving	10.1007/s00122-023-04508-6	Fritsche-Neto	2023	Improving hybrid rice breeding programs via stochastic simulations: number of parents, number of hybrids, tester update, and genomic prediction of hybrid performance
Katiyar2025Accelerated	10.1007/s00122-025-05060-1	Katiyar	2025	Accelerated breeding modernization: a global blueprint for driving genetic gains, climate resilience, and food security in rice
Burner2025Identifying	10.1007/s00122-025-05063-y	Burner	2025	Identifying canopy wilting QTLs and evaluating remote sensing approaches for selecting drought-tolerant soybean
Turner2020Modelling	10.1007/s00180-020-00959-3	Turner	2020	Modelling rankings in R: the PlackettLuce package
Sun2014Comparison	10.1007/s10658-013-0371-8	Sun	2014	A comparison of disease severity measurements using image analysis and visual estimates using a category scale for genetic analysis of resistance to bacterial spot in tomato
Miklas2006Common	10.1007/s10681-006-4600-5	Miklas	2006	Common bean breeding for resistance against biotic and abiotic stresses: From classical to MAS breeding
Hillocks2006Phaseolus	10.1007/s10681-006-9112-9	Hillocks	2006	Phaseolus Bean Improvement in Tanzania, 1959–2005
Awada2018Adoption	10.1007/s10681-018-2226-z	Awada	2018	The adoption of automated phenotyping by plant breeders
deFaria2018Efficiency	10.1007/s10681-018-2246-8	de Faria	2018	Efficiency of methods for genetic progress estimation in common bean breeding using database information
Todeschini2019Soybean	10.1007/s10681-019-2439-9	Todeschini	2019	Soybean genetic progress in South Brazil: physiological, phenological and agronomic traits
Bonnecarrere2019Economic	10.1007/s10681-019-2529-8	Bonnecarrere	2019	Economic impact of marker-assisted selection and rapid generation advance on breeding programs
Batte2021Traits	10.1007/s10681-021-02920-x	Batte	2021	Traits that define yield and genetic gain in East African highland banana breeding
Mohammadi2024Enhancing	10.1007/s11119-024-10121-4	Mohammadi	2024	Enhancing phenotyping efficiency in faba bean breeding: integrating UAV imaging and machine learning
Librelon2015Diagrammatic	10.1007/s13313-015-0360-9	Librelon	2015	Diagrammatic scale to evaluate angular leaf spot severity in primary leaves of common bean
Bock2021Plant	10.1007/s40858-021-00439-z	Bock	2021	Plant disease severity estimated visually: a century of research, best practices, and opportunities for improving methods and practices to maximize accuracy
Ongor2025Engaging	10.1007/s44279-025-00413-2	Ong’or	2025	Engaging traders in strengthening seed systems in Tanzania: key drivers for selling grains of improved varieties of sorghum, common beans and groundnuts
Jansen1999Analysis	10.1016/S0010-4655(98)00154-4	Jansen	1999	Analysis of variance designs for model output
Lasdun2024Participatory	10.1016/j.agsy.2024.104054	Lasdun	2024	Participatory AI for inclusive crop improvement
Song2021Highthroughput	10.1016/j.cj.2021.03.015	Song	2021	High-throughput phenotyping: Breaking through the bottleneck in future crop breeding
Saltelli2010Variance	10.1016/j.cpc.2009.09.018	Saltelli	2010	Variance based sensitivity analysis of model output. Design and estimator for the total sensitivity index
MorenoCadena2020Importance	10.1016/j.eja.2020.126031	Moreno-Cadena	2020	Importance of genetic parameters and uncertainty of MANIHOT, a new mechanistic cassava simulation model
Pianosi2015Simple	10.1016/j.envsoft.2015.01.004	Pianosi	2015	A simple and efficient method for global sensitivity analysis based on cumulative distribution functions
Pianosi2016Sensitivity	10.1016/j.envsoft.2016.02.008	Pianosi	2016	Sensitivity analysis of environmental models: A systematic review with practical workflow
Puy2020Sensitivity	10.1016/j.envsoft.2020.104679	Puy	2020	A sensitivity analysis of the PAWN sensitivity index
Haag2022Which	10.1016/j.envsoft.2022.105552	Haag	2022	Which predictive uncertainty to resolve? Value of information sensitivity analysis for environmental decision models
Pardey2016Returns	10.1016/j.foodpol.2016.09.009	Pardey	2016	Returns to food and agricultural R\&D investments in Sub-Saharan Africa, 1975–2014
Atlin2017Rapid	10.1016/j.gfs.2017.01.008	Atlin	2017	Rapid breeding and varietal replacement are critical to adaptation of cropping systems in the developing world to climate change
Lasdun2025Peer	10.1016/j.jdeveco.2025.103496	Lasdun	2025	Peer learning and technology adoption in a digital farmer-to-farmer network
Rothery2020Value	10.1016/j.jval.2020.01.004	Rothery	2020	Value of Information Analytical Methods: Report 2 of the ISPOR Value of Information Analysis Emerging Good Practices Task Force
Reynolds2019Costefficient	10.1016/j.plantsci.2018.06.015	Reynolds	2019	What is cost-efficient phenotyping? Optimizing costs for different scenarios
Liu2019Global	10.1016/j.scitotenv.2018.09.254	Liu	2019	Global sensitivity analysis of the APSIM-Oryza rice growth model under different environmental conditions
deSousa2023Gosset	10.1016/j.softx.2023.101402	de Sousa	2023	gosset: An R package for analysis and synthesis of ranking data in agricultural experimentation
Sobol2001Global	10.1016/s0378-4754(00)00270-6	Sobol′	2001	Global sensitivity indices for nonlinear mathematical models and their Monte Carlo estimates
Harberger2015Musings	10.1017/bca.2015.2	Harberger	2015	Musings on the Social Discount Rate
Flyvbjerg2021Costbenefit	10.1017/bca.2021.9	Flyvbjerg	2021	The Cost-Benefit Fallacy: Why Cost-Benefit Analysis Is Broken and How to Fix It
Claxton2001Bayesian	10.1017/s0266462301104058	Claxton	2001	BAYESIAN VALUE-OF-INFORMATION ANALYSIS: An Application to a Policy Model of Alzheimer’s Disease
Schmutz2014Reference	10.1038/ng.3008	Schmutz	2014	A reference genome for common bean and genome-wide analysis of dual domestications
Hickey2017Genomic	10.1038/ng.3920	and Hickey	2017	Genomic prediction unifies animal and plant breeding programs to form platforms for biological discovery
Watson2018Speed	10.1038/s41477-017-0083-8	Watson	2018	Speed breeding is a powerful tool to accelerate crop research and breeding
Prasanna2022Genetic	10.1038/s41598-022-24536-4	Prasanna	2022	Genetic trends in CIMMYT’s tropical maize breeding pipelines
DeBruin2025Breaking	10.1038/s42003-025-07890-7	DeBruin	2025	Breaking the field phenotyping bottleneck in maize with autonomous robots
Tanger2017Fieldbased	10.1038/srep42839	Tanger	2017	Field-based high throughput phenotyping rapidly identifies genomic regions controlling yield components in rice
vanEtten2019Crop	10.1073/pnas.1813720116	van Etten	2019	Crop variety management for climate adaptation supported by citizen science
Larochelle2015Impacts	10.1079/9781780644011.0314	Larochelle	2015	Impacts of improved bean varieties on poverty and food security in Uganda and Rwanda.
Fuglie2015Diffusion	10.1079/9781780644011.0338	Fuglie	2015	The diffusion and impact of improved food crop varieties in sub-Saharan Africa.
Hurley2014Reexamining	10.1093/ajae/aau047	Hurley	2014	Re‐examining the Reported Rates of Return to Food and Agricultural Research and Development
Gaynor2020Alphasimr	10.1093/g3journal/jkaa017	Gaynor	2020	AlphaSimR: an R package for breeding program simulations
Dreisigacker2023Results	10.1093/g3journal/jkad025	Dreisigacker	2023	Results from rapid-cycle recurrent genomic selection in spring bread wheat
Hassanpour2024Optimization	10.1093/g3journal/jkae248	Hassanpour	2024	Optimization of breeding program design through stochastic simulation with evolutionary algorithms
Pook2025Optimization	10.1093/g3journal/jkaf100	Pook	2025	Optimization of recurrent rapid cycle breeding in maize for sustained long-term genetic improvement via stochastic simulations
Mochida2018Computer	10.1093/gigascience/giy153	Mochida	2018	Computer vision-based phenotyping for improvement of plant productivity: a machine learning perspective
Kholova2021Pursuit	10.1093/jxb/erab226	Kholová	2021	In pursuit of a better world: crop improvement and the CGIAR
Zhou2021Identification	10.1093/plcell/koab134	Zhou	2021	Identification and utilization of genetic determinants of trait measurement errors in image-based, high-throughput phenotyping
Grovermann2022Three	10.1093/qopen/qoac005	Grovermann	2022	Three decades of organic wheat improvement: Assessing the impact and returns on investment
Poland2011Beholder	10.1094/phyto-03-10-0087	Poland	2011	In the Eye of the Beholder: The Effect of Rater Variability and Different Rating Scales on QTL Mapping
Xie2012Application	10.1094/phyto-06-11-0175	Xie	2012	Application of Image Analysis in Studies of Quantitative Disease Resistance, Exemplified Using Common Bacterial Blight–Common Bean Pathosystem
Karisto2017Ranking	10.1101/129353	Karisto	2017	Ranking quantitative resistance to Septoria tritici blotch in elite wheat cultivars using automated image analysis
Rutkoski2018Estimation	10.1101/409342	Rutkoski	2018	Estimation of realized rates of genetic gain and indicators for breeding program assessment
Howard1966Information	10.1109/tssc.1966.300074	Howard	1966	Information Value Theory
Alston2021Payoffs	10.1111/ajae.12255	Alston	2021	Payoffs to a half century of CGIAR research
Giulivi2022Getting	10.1111/ajae.12348	Giulivi	2022	Getting the message out: Information and communication technologies and agricultural extension
Asfaw2011Participatory	10.1111/j.1439-0523.2011.01921.x	Asfaw	2011	Participatory approach in common bean (Phaseolus vulgaris L.) breeding for drought tolerance for southern Ethiopia
Moore2010Valuing	10.1111/j.1523-1739.2009.01443.x	MOORE	2010	On Valuing Information in Adaptive‐Management Models
Nahakpam2025Advancing	10.1111/pbr.70056	Nahakpam	2025	Advancing Crop Breeding Through Phenotyping: A Review of Methods, Applications and Low‐Cost Solutions
Constantine2014Active	10.1137/130916138	Constantine	2014	Active Subspace Methods in Theory and Practice: Applications to Kriging Surfaces
Song2016Shapley	10.1137/15m1048070	Song	2016	Shapley Effects for Global Sensitivity Analysis: Theory and Computation
Owen2017Shapley	10.1137/16m1097717	Owen	2017	On Shapley Value for Measuring Importance of Dependent Inputs
Groom2022Future	10.1146/annurev-resource-111920-020721	Groom	2022	The Future, Now: A Review of Social Discounting
Brennan2007Calculating	10.1177/0272989x07302555	Brennan	2007	Calculating Partial Expected Value of Perfect Information via Monte Carlo Sampling Algorithms
Strong2013Estimating	10.1177/0272989x13505910	Strong	2013	Estimating Multiparameter Partial Expected Value of Perfect Information from a Probabilistic Sensitivity Analysis Sample: A Nonparametric Regression Approach
Heath2017Review	10.1177/0272989x17697692	Heath	2017	A Review of Methods for Analysis of the Expected Value of Information
Whan2014Grainscan	10.1186/1746-4811-10-23	Whan	2014	GrainScan: a low cost, fast method for grain size and colour measurements
Janssen2018Costbenefit	10.1186/s12711-018-0372-3	Janssen	2018	Cost-benefit analysis of aquaculture breeding programs
Walter2015Plant	10.1186/s13007-015-0056-8	Walter	2015	Plant phenotyping: from bean weighing to image analysis
ZamanAllah2015Unmanned	10.1186/s13007-015-0078-2	Zaman-Allah	2015	Unmanned aerial platform-based multi-spectral imaging for field phenotyping of maize
Haghighattalab2016Application	10.1186/s13007-016-0134-6	Haghighattalab	2016	Application of unmanned aerial systems for high throughput phenotyping of large wheat breeding nurseries
Naik2017Realtime	10.1186/s13007-017-0173-7	Naik	2017	A real-time phenotyping framework using machine learning for plant stress severity rating in soybean
FernandezGallego2018Wheat	10.1186/s13007-018-0289-4	Fernandez-Gallego	2018	Wheat ear counting in-field conditions: high throughput and low-cost approach using RGB images
Dobbels2019Soybean	10.1186/s13007-019-0478-9	Dobbels	2019	Soybean iron deficiency chlorosis high-throughput phenotyping using an unmanned aircraft system
McDonald2022Automated	10.1186/s13007-022-00934-7	McDonald	2022	Automated, image-based disease measurement for phenotyping resistance to soybean frogeye leaf spot
Zang2023Fieldmeasured	10.1186/s13007-023-01012-2	Zang	2023	Field-measured canopy height may not be as accurate and heritable as believed: evidence from advanced 3D sensing
Hu2025Openpheno	10.1186/s13007-025-01395-4	Hu	2025	OpenPheno: an open-access, user-friendly, and smartphone-based software platform for instant plant phenotyping
Jjagwe2022Role	10.1186/s40066-022-00380-7	Jjagwe	2022	The role of smallholder bean farmers in determining farm gate prices for beans in Uganda
Drupp2018Discounting	10.1257/pol.20160240	Drupp	2018	Discounting Disentangled
Mwanje2026Digital	10.1371/journal.pone.0352433	Mwanje	2026	Digital assessment of banana (Musa spp.) genotype resistance to banana weevil (Cosmopolites sordidus) compared with expert visual assessment
Lorenz2013Resource	10.1534/g3.112.004911	Lorenz	2013	Resource Allocation for Maximizing Prediction Accuracy and Genetic Gain of Genomic Selection in Plant Breeding: A Simulation Experiment
Gage2018Comparing	10.1534/g3.118.200700	Gage	2018	Comparing Genome-Wide Association Study Results from Different Measurements of an Underlying Phenotype
Pook2020Mobps	10.1534/g3.120.401193	Pook	2020	MoBPS - Modular Breeding Program Simulator
Barili2016Five	10.1590/1983-40632016v4641371	Barili	2016	Five decades of black common bean genetic breeding in Brazil
Alves2015Genetic	10.1590/1984-70332015v15n4a38	Alves	2015	Genetic progress and potential of common bean families obtained by recurrent selection
Chiorato2010Genetic	10.1590/s1984-70332010000400007	Chiorato	2010	Genetic gain in the breeding program of common beans at IAC from 1989 to 2007
Silva2010Estimation	10.1590/s1984-70332010000400010	Silva	2010	Estimation of genetic progress after eight cycles of recurrent selection for common bean grain yield
Parrella2013Evaluation	10.1590/s1984-70332013000300005	Parrella	2013	Evaluation efficiency of severity of angular leaf spot in common bean based on diseased and healthy leaf area
Iooss2019Shapley	10.1615/int.j.uncertaintyquantification.2019028372	Iooss	2019	SHAPLEY EFFECTS FOR SENSITIVITY ANALYSIS WITH CORRELATED INPUTS: COMPARISONS WITH SOBOL’ INDICES, NUMERICAL ESTIMATION AND APPLICATIONS
Puy2022Comprehensive	10.1615/int.j.uncertaintyquantification.2021038133	Puy	2022	A COMPREHENSIVE COMPARISON OF TOTAL-ORDER ESTIMATORS FOR GLOBAL SENSITIVITY ANALYSIS
Gijare2026Assessing	10.21203/rs.3.rs-10685107/v1	Gijare	2026	Assessing image based high throughput phenotyping for accurate characterization of soybean seed morphology
Zang2022Estimation	10.21203/rs.3.rs-1469702/v1	zang	2022	Estimation of plant density and plant height of winter wheat breeding material based on UAV digital images
Hudson2023Unwrapper	10.21203/rs.3.rs-2728656/v1	Hudson	2023	The Ear Unwrapper: A Maize Ear Image Acquisition and Machine Learning Pipeline for Disease Severity Phenotyping
Volpato2023Digital	10.21203/rs.3.rs-3160633/v1	Volpato	2023	Digital Phenotyping in Plant Breeding: Evaluating Relative Maturity, Stand Count, and Plant Height in Dry Beans (Phaseolus vulgaris L.) via RGB Drone-Based Imagery and Deep Learning Approaches
Koinange1996Genetic	10.2135/cropsci1996.0011183x003600040037x	Koinange	1996	Genetic Control of the Domestication Syndrome in Common Bean
Heffner2010Plant	10.2135/cropsci2009.11.0662	Heffner	2010	Plant Breeding with Genomic Selection: Gain per Unit Time and Cost
Rutkoski2019Estimation	10.2135/cropsci2018.09.0537	Rutkoski	2019	Estimation of Realized Rates of Genetic Gain and Indicators for Breeding Program Assessment
Claxton2006Using	10.2165/00019053-200624110-00003	Claxton	2006	Using Value of Information Analysis to Prioritise Health Research: Some Lessons from Recent UK Experience
Spielman2019Policy	10.21955/gatesopenres.1115279.1	Spielman	2019	Policy Options to Accelerate Variety Change among Smallholder Farmers in South Asia and Africa South of the Sahara
Alene2019Measuring	10.21955/gatesopenres.1115554.1	Alene	2019	Measuring the effectiveness of agricultural R\&D in sub-Saharan Africa from the perspectives of varietal output and adoption--initial results from the diffusion of improved varieties in Africa project
Griliches1957Hybrid	10.2307/1905380	Griliches	1957	Hybrid Corn: An Exploration in the Economics of Technological Change
Menkir2022Estimating	10.3389/fgene.2022.1023318	Menkir	2022	Estimating genetic gains for tolerance to stress combinations in tropical maize hybrids
Beebe2013Phenotyping	10.3389/fphys.2013.00035	Beebe	2013	Phenotyping common beans for adaptation to drought
Tattaris2016Direct	10.3389/fpls.2016.01131	Tattaris	2016	A Direct Comparison of Remote Sensing Approaches for High-Throughput Phenotyping in Plant Breeding
Komyshev2017Evaluation	10.3389/fpls.2016.01990	Komyshev	2017	Evaluation of the SeedCounter, A Mobile Application for Grain Phenotyping
Bai2018Fieldbased	10.3389/fpls.2018.01002	Bai	2018	Field-Based Scoring of Soybean Iron Deficiency Chlorosis Using RGB Imaging and Statistical Learning
Walter2019Highthroughput	10.3389/fpls.2019.00449	Walter	2019	High-Throughput Field Imaging and Basic Image Analysis in a Wheat Breeding Programme
SadeghiTehran2019Deepcount	10.3389/fpls.2019.01176	Sadeghi-Tehran	2019	DeepCount: In-Field Automatic Quantification of Wheat Spikes Using Simple Linear Iterative Clustering and Deep Convolutional Neural Networks
Jighly2019Boosting	10.3389/fpls.2019.01364	Jighly	2019	Boosting Genetic Gain in Allogamous Crops via Speed Breeding and Genomic Selection
Fasoula2020Phenotyping	10.3389/fpls.2019.01713	Fasoula	2020	Phenotyping and Plant Breeding: Overcoming the Barriers
Staver2020ExAnte	10.3389/fpls.2020.00844	Staver	2020	Ex Ante Assessment of Returns on Research Investments to Address the Impact of Fusarium Wilt Tropical Race 4 on Global Banana Production
Zeffa2020Genetic	10.3389/fpls.2020.01168	Zeffa	2020	Genetic Progress of Seed Yield and Nitrogen Use Efficiency of Brazilian carioca Common Bean Cultivars Using Bayesian Approaches
Liu2021Pocketmaize	10.3389/fpls.2021.770217	Liu	2021	PocketMaize: An Android-Smartphone Application for Maize Plant Phenotyping
Asea2023Genetic	10.3389/fpls.2023.1020667	Asea	2023	Genetic trends for yield and key agronomic traits in pre-commercial and commercial maize varieties between 2008 and 2020 in Uganda
Tarekegne2024Genetic	10.3389/fpls.2023.1321308	Tarekegne	2024	Genetic gains in early maturing maize hybrids developed by the International Maize and Wheat Improvement Center in Southern Africa during 2000–2018
Mukaro2024Genetic	10.3389/fpls.2024.1391926	Mukaro	2024	Genetic trends in the Zimbabwe’s national maize breeding program over two decades
Seck2024Stochastic	10.3389/fpls.2024.1488814	Seck	2024	Stochastic simulation to optimize rice breeding at IRRI
Chaingeni2025More	10.3389/fpls.2025.1553272	Chaingeni	2025	More bang for your buck: potential gains through optimizing maize breeding schemes in sub-Saharan Africa
Guo2025Dlmlpc	10.3389/fpls.2025.1583526	Guo	2025	DLML-PC: an automated deep learning and metric learning approach for precise soybean pod classification and counting in intact plants
Behera2025Realized	10.3389/fpls.2025.1640041	Behera	2025	Realized genetic gain for yield and yield attributes in groundnut breeding at ICRISAT from an ERA trial
Zu2025Automated	10.3389/fpls.2025.1659781	Zu	2025	Automated seed counting using image processing and deep learning
Yadav2026Genetic	10.3389/fpls.2025.1670651	Yadav	2026	Genetic progress in rice yield: preliminary insights from historically released varieties in Sub-Saharan Africa
Katiyar2026Unified	10.3389/fpls.2025.1681605	Katiyar	2026	A unified global costing framework catalyzes strategic investment in rice breeding
Abyar2025ExAnte	10.3389/frevc.2025.1518221	Abyar	2025	Ex ante impact assessment of breeding research under risk in agro-climatic zones of Iran
Gatto2021Trends	10.3389/fsufs.2021.626714	Gatto	2021	Trends in Varietal Diversity of Main Staple Crops in Asia and Africa and Implications for Sustainable Food Systems
Das2025Costing	10.3389/fsufs.2025.1545600	Das	2025	Costing of the breeding operations for the national maize programs in Eastern and Southern Africa
Lutomia2025Gendered	10.3389/fsufs.2025.1648376	Lutomia	2025	Gendered behavioral drivers in the adoption and sustained use of improved common bean varieties in Eastern Uganda
Javornik2025Phenotyping	10.3390/agronomy15061344	Javornik	2025	Phenotyping Common Bean Under Drought Stress: High-Throughput Approaches for Enhanced Drought Tolerance
Makanza2018Highthroughput	10.3390/rs10020330	Makanza	2018	High-Throughput Phenotyping of Canopy Cover and Senescence in Maize Field Trials Using Aerial Digital Canopy Imaging
Banerjee2021Machine	10.3390/rs13152918	Banerjee	2021	Machine Learning Regression Analysis for Estimation of Crop Emergence Using Multispectral UAV Imagery
Kamfwa2015Genomewide	10.3835/plantgenome2014.09.0059	Kamfwa	2015	Genome‐Wide Association Study of Agronomic Traits in Common Bean
Amongi2023Gain	10.4314/acsj.v31i1.8	Amongi	1970	Gain and performance in yield and micronutrient concentration in common bean improvement
Michael2020Genetic	10.5897/ajar2019.14564	Michael	2020	Genetic gain of maize (Zea mays L.) varieties in Ethiopia over 42 years (1973 - 2015)
