doi	type	first_author_family	issued_year	published_online	published_print	title	container	volume	issue	page	subtype
10.1002/9781118358566.ch5	other	Beebe	2012	2012	2012	Common Bean Breeding in the Tropics	Plant Breeding Reviews			357-426	
10.1002/csc2.20684	journal-article	Atlin	2022	2022	2022	Simple deterministic modeling can guide the design of breeding pipelines for self‐pollinated crops	Crop Science	62	2	661-678	
10.1002/csc2.21124	journal-article	Jannink	2024	2024	2025	Insight into a two‐part plant breeding scheme through Bayesian optimization of budget allocations	Crop Science	65	1	e21124	
10.1002/csc2.70037	journal-article	Amongi	2025	2025	2025	Yield and climatic parameters in a common bean (<i>Phaseolus vulgaris</i> L.) regional trial	Crop Science	65	2	e70037	
10.1002/ppj2.70034	journal-article	Hoyos‐Villegas	2025	2025	2025	Affordable phenomics: Expanding access to enhancing genetic gain in plant breeding	The Plant Phenome Journal	8	1	e70034	
10.1007/s00122-018-3125-3	journal-article	Gorjanc	2018	2018	2018	Optimal cross selection for long-term genetic gain in two-part programs with rapid recurrent genomic selection	Theoretical and Applied Genetics	131	9	1953-1966	
10.1007/s00122-018-3206-3	journal-article	Juliana	2018	2018	2019	Integrating genomic-enabled prediction and high-throughput phenotyping in breeding for climate-resilient bread wheat	Theoretical and Applied Genetics	132	1	177-194	
10.1007/s00122-019-03317-0	journal-article	Cobb	2019	2019	2019	Enhancing the rate of genetic gain in public-sector plant breeding programs: lessons from the breeder’s equation	Theoretical and Applied Genetics	132	3	627-645	
10.1007/s00122-023-04244-x	journal-article	Lin	2023	2023	2023	Simulations of rate of genetic gain in dry bean breeding programs	Theoretical and Applied Genetics	136	1	14	
10.1007/s00122-023-04508-6	journal-article	Fritsche-Neto	2023	2023	2024	Improving hybrid rice breeding programs via stochastic simulations: number of parents, number of hybrids, tester update, and genomic prediction of hybrid performance	Theoretical and Applied Genetics	137	1	3	
10.1007/s00122-025-05060-1	journal-article	Katiyar	2025	2025	2025	Accelerated breeding modernization: a global blueprint for driving genetic gains, climate resilience, and food security in rice	Theoretical and Applied Genetics	138	12	293	
10.1007/s00122-025-05063-y	journal-article	Burner	2025	2025	2025	Identifying canopy wilting QTLs and evaluating remote sensing approaches for selecting drought-tolerant soybean	Theoretical and Applied Genetics	138	11	276	
10.1007/s00180-020-00959-3	journal-article	Turner	2020	2020	2020	Modelling rankings in R: the PlackettLuce package	Computational Statistics	35	3	1027-1057	
10.1007/s10658-013-0371-8	journal-article	Sun	2014	2014	2014	A comparison of disease severity measurements using image analysis and visual estimates using a category scale for genetic analysis of resistance to bacterial spot in tomato	European Journal of Plant Pathology	139	1	125-136	
10.1007/s10681-006-4600-5	journal-article	Miklas	2006		2006	Common bean breeding for resistance against biotic and abiotic stresses: From classical to MAS breeding	Euphytica	147	1-2	105-131	
10.1007/s10681-006-9112-9	journal-article	Hillocks	2006	2006	2006	Phaseolus Bean Improvement in Tanzania, 1959–2005	Euphytica	150	1-2	215-231	
10.1007/s10681-018-2226-z	journal-article	Awada	2018	2018	2018	The adoption of automated phenotyping by plant breeders	Euphytica	214	8	148	
10.1007/s10681-018-2246-8	journal-article	de Faria	2018	2018	2018	Efficiency of methods for genetic progress estimation in common bean breeding using database information	Euphytica	214	9	164	
10.1007/s10681-019-2439-9	journal-article	Todeschini	2019	2019	2019	Soybean genetic progress in South Brazil: physiological, phenological and agronomic traits	Euphytica	215	7	124	
10.1007/s10681-019-2529-8	journal-article	Bonnecarrere	2019	2019	2019	Economic impact of marker-assisted selection and rapid generation advance on breeding programs	Euphytica	215	12	197	
10.1007/s10681-021-02920-x	journal-article	Batte	2021	2021	2021	Traits that define yield and genetic gain in East African highland banana breeding	Euphytica	217	10	193	
10.1007/s11119-024-10121-4	journal-article	Mohammadi	2024	2024	2024	Enhancing phenotyping efficiency in faba bean breeding: integrating UAV imaging and machine learning	Precision Agriculture	25	3	1502-1528	
10.1007/s13313-015-0360-9	journal-article	Librelon	2015	2015	2015	Diagrammatic scale to evaluate angular leaf spot severity in primary leaves of common bean	Australasian Plant Pathology	44	4	385-395	
10.1007/s40858-021-00439-z	journal-article	Bock	2021	2021		Plant disease severity estimated visually: a century of research, best practices, and opportunities for improving methods and practices to maximize accuracy	Tropical Plant Pathology	47	1	25-42	
10.1007/s44279-025-00413-2	journal-article	Ong’or	2025	2025		Engaging traders in strengthening seed systems in Tanzania: key drivers for selling grains of improved varieties of sorghum, common beans and groundnuts	Discover Agriculture	3	1	241	
10.1016/S0010-4655(98)00154-4	journal-article	Jansen	1999		1999	Analysis of variance designs for model output	Computer Physics Communications	117	1-2	35-43	
10.1016/j.agsy.2024.104054	journal-article	Lasdun	2024		2024	Participatory AI for inclusive crop improvement	Agricultural Systems	220		104054	
10.1016/j.cj.2021.03.015	journal-article	Song	2021		2021	High-throughput phenotyping: Breaking through the bottleneck in future crop breeding	The Crop Journal	9	3	633-645	
10.1016/j.cpc.2009.09.018	journal-article	Saltelli	2010		2010	Variance based sensitivity analysis of model output. Design and estimator for the total sensitivity index	Computer Physics Communications	181	2	259-270	
10.1016/j.eja.2020.126031	journal-article	Moreno-Cadena	2020		2020	Importance of genetic parameters and uncertainty of MANIHOT, a new mechanistic cassava simulation model	European Journal of Agronomy	115		126031	
10.1016/j.envsoft.2015.01.004	journal-article	Pianosi	2015		2015	A simple and efficient method for global sensitivity analysis based on cumulative distribution functions	Environmental Modelling & Software	67		1-11	
10.1016/j.envsoft.2016.02.008	journal-article	Pianosi	2016		2016	Sensitivity analysis of environmental models: A systematic review with practical workflow	Environmental Modelling & Software	79		214-232	
10.1016/j.envsoft.2020.104679	journal-article	Puy	2020		2020	A sensitivity analysis of the PAWN sensitivity index	Environmental Modelling & Software	127		104679	
10.1016/j.envsoft.2022.105552	journal-article	Haag	2022		2022	Which predictive uncertainty to resolve? Value of information sensitivity analysis for environmental decision models	Environmental Modelling & Software	158		105552	
10.1016/j.foodpol.2016.09.009	journal-article	Pardey	2016		2016	Returns to food and agricultural R&D investments in Sub-Saharan Africa, 1975–2014	Food Policy	65		1-8	
10.1016/j.gfs.2017.01.008	journal-article	Atlin	2017		2017	Rapid breeding and varietal replacement are critical to adaptation of cropping systems in the developing world to climate change	Global Food Security	12		31-37	
10.1016/j.jdeveco.2025.103496	journal-article	Lasdun	2025		2025	Peer learning and technology adoption in a digital farmer-to-farmer network	Journal of Development Economics	176		103496	
10.1016/j.jval.2020.01.004	journal-article	Rothery	2020		2020	Value of Information Analytical Methods: Report 2 of the ISPOR Value of Information Analysis Emerging Good Practices Task Force	Value in Health	23	3	277-286	
10.1016/j.plantsci.2018.06.015	journal-article	Reynolds	2019		2019	What is cost-efficient phenotyping? Optimizing costs for different scenarios	Plant Science	282		14-22	
10.1016/j.scitotenv.2018.09.254	journal-article	Liu	2019		2019	Global sensitivity analysis of the APSIM-Oryza rice growth model under different environmental conditions	Science of The Total Environment	651		953-968	
10.1016/j.softx.2023.101402	journal-article	de Sousa	2023		2023	gosset: An R package for analysis and synthesis of ranking data in agricultural experimentation	SoftwareX	22		101402	
10.1016/s0378-4754(00)00270-6	journal-article	Sobol′	2001		2001	Global sensitivity indices for nonlinear mathematical models and their Monte Carlo estimates	Mathematics and Computers in Simulation	55	1-3	271-280	
10.1017/bca.2015.2	journal-article	Harberger	2015	2015	2015	Musings on the Social Discount Rate	Journal of Benefit-Cost Analysis	6	1	6-32	
10.1017/bca.2021.9	journal-article	Flyvbjerg	2021	2021	2021	The Cost-Benefit Fallacy: Why Cost-Benefit Analysis Is Broken and How to Fix It	Journal of Benefit-Cost Analysis	12	3	395-419	
10.1017/s0266462301104058	journal-article	Claxton	2001	2001	2001	BAYESIAN VALUE-OF-INFORMATION ANALYSIS	International Journal of Technology Assessment in Health Care	17	1	38-55	
10.1038/ng.3008	journal-article	Schmutz	2014	2014	2014	A reference genome for common bean and genome-wide analysis of dual domestications	Nature Genetics	46	7	707-713	
10.1038/ng.3920	journal-article	Implementing Genomic Selection in CGIAR Breeding Programs Workshop Participants	2017	2017	2017	Genomic prediction unifies animal and plant breeding programs to form platforms for biological discovery	Nature Genetics	49	9	1297-1303	
10.1038/s41477-017-0083-8	journal-article	Watson	2018	2018		Speed breeding is a powerful tool to accelerate crop research and breeding	Nature Plants	4	1	23-29	
10.1038/s41598-022-24536-4	journal-article	Prasanna	2022	2022		Genetic trends in CIMMYT’s tropical maize breeding pipelines	Scientific Reports	12	1	20110	
10.1038/s42003-025-07890-7	journal-article	DeBruin	2025	2025		Breaking the field phenotyping bottleneck in maize with autonomous robots	Communications Biology	8	1	467	
10.1038/srep42839	journal-article	Tanger	2017	2017		Field-based high throughput phenotyping rapidly identifies genomic regions controlling yield components in rice	Scientific Reports	7	1	42839	
10.1073/pnas.1813720116	journal-article	van Etten	2019	2019	2019	Crop variety management for climate adaptation supported by citizen science	Proceedings of the National Academy of Sciences	116	10	4194-4199	
10.1079/9781780644011.0314	book-chapter	Larochelle	2015	2015	2015	Impacts of improved bean varieties on poverty and food security in Uganda and Rwanda.	Crop improvement, adoption, and impact of improved varieties in food crops in sub-Saharan Africa			314-337	
10.1079/9781780644011.0338	book-chapter	Fuglie	2015	2015	2015	The diffusion and impact of improved food crop varieties in sub-Saharan Africa.	Crop improvement, adoption, and impact of improved varieties in food crops in sub-Saharan Africa			338-369	
10.1093/ajae/aau047	journal-article	Hurley	2014	2014	2014	Re‐examining the Reported Rates of Return to Food and Agricultural Research and Development	American Journal of Agricultural Economics	96	5	1492-1504	
10.1093/ajae/aaw050	journal-article	Trujillo‐Barrera	2016	2016	2016	Price Density Forecasts in the U.S. Hog Markets: Composite Procedures	American Journal of Agricultural Economics	98	5	1529-1544	
10.1093/g3journal/jkaa017	journal-article	Gaynor	2020	2020	2021	AlphaSimR: an R package for breeding program simulations	G3 Genes|Genomes|Genetics	11	2	jkaa017	
10.1093/g3journal/jkad025	journal-article	Dreisigacker	2023	2023	2023	Results from rapid-cycle recurrent genomic selection in spring bread wheat	G3: Genes, Genomes, Genetics	13	4	jkad025	
10.1093/g3journal/jkae248	journal-article	Hassanpour	2024	2024	2025	Optimization of breeding program design through stochastic simulation with evolutionary algorithms	G3: Genes, Genomes, Genetics	15	1	jkae248	
10.1093/g3journal/jkaf100	journal-article	Pook	2025	2025	2025	Optimization of recurrent rapid cycle breeding in maize for sustained long-term genetic improvement via stochastic simulations	G3: Genes, Genomes, Genetics	15	7	jkaf100	
10.1093/gigascience/giy153	journal-article	Mochida	2018	2018	2019	Computer vision-based phenotyping for improvement of plant productivity: a machine learning perspective	GigaScience	8	1		
10.1093/jxb/erab226	journal-article	Kholová	2021	2021	2021	In pursuit of a better world: crop improvement and the CGIAR	Journal of Experimental Botany	72	14	5158-5179	
10.1093/plcell/koab134	journal-article	Zhou	2021	2021	2021	Identification and utilization of genetic determinants of trait measurement errors in image-based, high-throughput phenotyping	The Plant Cell	33	8	2562-2582	
10.1093/qopen/qoac005	journal-article	Grovermann	2022	2022	2022	Three decades of organic wheat improvement: Assessing the impact and returns on investment	Q Open	2	1	qoac005	
10.1094/phyto-03-10-0087	journal-article	Poland	2011		2011	In the Eye of the Beholder: The Effect of Rater Variability and Different Rating Scales on QTL Mapping	Phytopathology®	101	2	290-298	
10.1094/phyto-06-11-0175	journal-article	Xie	2012		2012	Application of Image Analysis in Studies of Quantitative Disease Resistance, Exemplified Using Common Bacterial Blight–Common Bean Pathosystem	Phytopathology®	102	4	434-442	
10.1101/129353	posted-content	Karisto	2017			Ranking quantitative resistance to Septoria tritici blotch in elite wheat cultivars using automated image analysis					preprint
10.1101/409342	posted-content	Rutkoski	2018			Estimation of realized rates of genetic gain and indicators for breeding program assessment					preprint
10.1109/tssc.1966.300074	journal-article	Howard	1966		1966	Information Value Theory	IEEE Transactions on Systems Science and Cybernetics	2	1	22-26	
10.1111/ajae.12255	journal-article	Alston	2021	2021	2022	Payoffs to a half century of <scp>CGIAR</scp> research	American Journal of Agricultural Economics	104	2	502-529	
10.1111/ajae.12348	journal-article	Giulivi	2022	2022	2023	Getting the message out: Information and communication technologies and agricultural extension	American Journal of Agricultural Economics	105	3	1011-1045	
10.1111/j.1439-0523.2011.01921.x	journal-article	Asfaw	2011	2011	2012	Participatory approach in common bean (<i>Phaseolus vulgaris</i> L.) breeding for drought tolerance for southern Ethiopia	Plant Breeding	131	1	125-134	
10.1111/j.1523-1739.2009.01443.x	journal-article	MOORE	2010	2010	2010	On Valuing Information in Adaptive‐Management Models	Conservation Biology	24	4	984-993	
10.1111/pbr.70056	journal-article	Nahakpam	2025	2025	2026	Advancing Crop Breeding Through Phenotyping: A Review of Methods, Applications and Low‐Cost Solutions	Plant Breeding	145	3	482-499	
10.1137/130916138	journal-article	Constantine	2014	2014	2014	Active Subspace Methods in Theory and Practice: Applications to Kriging Surfaces	SIAM Journal on Scientific Computing	36	4	A1500-A1524	
10.1137/15m1048070	journal-article	Song	2016	2016	2016	Shapley Effects for Global Sensitivity Analysis: Theory and Computation	SIAM/ASA Journal on Uncertainty Quantification	4	1	1060-1083	
10.1137/16m1097717	journal-article	Owen	2017	2017	2017	On Shapley Value for Measuring Importance of Dependent Inputs	SIAM/ASA Journal on Uncertainty Quantification	5	1	986-1002	
10.1146/annurev-resource-111920-020721	journal-article	Groom	2022		2022	The Future, Now: A Review of Social Discounting	Annual Review of Resource Economics	14	1	467-491	
10.1177/0272989x07302555	journal-article	Brennan	2007	2007	2007	Calculating Partial Expected Value of Perfect Information via Monte Carlo Sampling Algorithms	Medical Decision Making	27	4	448-470	
10.1177/0272989x13505910	journal-article	Strong	2013	2013	2014	Estimating Multiparameter Partial Expected Value of Perfect Information from a Probabilistic Sensitivity Analysis Sample	Medical Decision Making	34	3	311-326	
10.1177/0272989x17697692	journal-article	Heath	2017	2017	2017	A Review of Methods for Analysis of the Expected Value of Information	Medical Decision Making	37	7	747-758	
10.1186/1746-4811-10-23	journal-article	Whan	2014		2014	GrainScan: a low cost, fast method for grain size and colour measurements	Plant Methods	10	1	23	
10.1186/s12711-018-0372-3	journal-article	Janssen	2018	2018	2018	Cost-benefit analysis of aquaculture breeding programs	Genetics Selection Evolution	50	1	2	
10.1186/s13007-015-0056-8	journal-article	Walter	2015		2015	Plant phenotyping: from bean weighing to image analysis	Plant Methods	11	1	14	
10.1186/s13007-015-0078-2	journal-article	Zaman-Allah	2015	2015	2015	Unmanned aerial platform-based multi-spectral imaging for field phenotyping of maize	Plant Methods	11	1	35	
10.1186/s13007-016-0134-6	journal-article	Haghighattalab	2016	2016	2016	Application of unmanned aerial systems for high throughput phenotyping of large wheat breeding nurseries	Plant Methods	12	1	35	
10.1186/s13007-017-0173-7	journal-article	Naik	2017	2017	2017	A real-time phenotyping framework using machine learning for plant stress severity rating in soybean	Plant Methods	13	1	23	
10.1186/s13007-018-0289-4	journal-article	Fernandez-Gallego	2018	2018	2018	Wheat ear counting in-field conditions: high throughput and low-cost approach using RGB images	Plant Methods	14	1	22	
10.1186/s13007-019-0478-9	journal-article	Dobbels	2019	2019	2019	Soybean iron deficiency chlorosis high-throughput phenotyping using an unmanned aircraft system	Plant Methods	15	1	97	
10.1186/s13007-022-00934-7	journal-article	McDonald	2022	2022		Automated, image-based disease measurement for phenotyping resistance to soybean frogeye leaf spot	Plant Methods	18	1	103	
10.1186/s13007-023-01012-2	journal-article	Zang	2023	2023		Field-measured canopy height may not be as accurate and heritable as believed: evidence from advanced 3D sensing	Plant Methods	19	1	39	
10.1186/s13007-025-01395-4	journal-article	Hu	2025	2025		OpenPheno: an open-access, user-friendly, and smartphone-based software platform for instant plant phenotyping	Plant Methods	21	1	76	
10.1186/s40066-022-00380-7	journal-article	Jjagwe	2022	2022		The role of smallholder bean farmers in determining farm gate prices for beans in Uganda	Agriculture & Food Security	11	1	45	
10.1257/pol.20160240	journal-article	Drupp	2018		2018	Discounting Disentangled	American Economic Journal: Economic Policy	10	4	109-134	
10.1371/journal.pone.0352433	journal-article	Mwanje	2026	2026		Digital assessment of banana (Musa spp.) genotype resistance to banana weevil (Cosmopolites sordidus) compared with expert visual assessment	PLOS One	21	6	e0352433	
10.1534/g3.112.004911	journal-article	Lorenz	2013	2013	2013	Resource Allocation for Maximizing Prediction Accuracy and Genetic Gain of Genomic Selection in Plant Breeding: A Simulation Experiment	G3 Genes|Genomes|Genetics	3	3	481-491	
10.1534/g3.118.200700	journal-article	Gage	2018	2018	2018	Comparing Genome-Wide Association Study Results from Different Measurements of an Underlying Phenotype	G3 Genes|Genomes|Genetics	8	11	3715-3722	
10.1534/g3.120.401193	journal-article	Pook	2020	2020	2020	MoBPS - Modular Breeding Program Simulator	G3 Genes|Genomes|Genetics	10	6	1915-1918	
10.1590/1983-40632016v4641371	journal-article	Barili	2016		2016	Five decades of black common bean genetic breeding in Brazil	Pesquisa Agropecuária Tropical	46	3	259-266	
10.1590/1984-70332015v15n4a38	journal-article	Alves	2015		2015	Genetic progress and potential of common bean families obtained by recurrent selection	Crop Breeding and Applied Biotechnology	15	4	218-226	
10.1590/s1984-70332010000400007	journal-article	Chiorato	2010		2010	Genetic gain in the breeding program of common beans at IAC from 1989 to 2007	Crop Breeding and Applied Biotechnology	10	4	329-336	
10.1590/s1984-70332010000400010	journal-article	Silva	2010		2010	Estimation of genetic progress after eight cycles of recurrent selection for common bean grain yield	Crop Breeding and Applied Biotechnology	10	4	351-356	
10.1590/s1984-70332013000300005	journal-article	Parrella	2013		2013	Evaluation efficiency of severity of angular leaf spot in common bean based on diseased and healthy leaf area	Crop Breeding and Applied Biotechnology	13	3	178-185	
10.1615/int.j.uncertaintyquantification.2019028372	journal-article	Iooss	2019		2019	SHAPLEY EFFECTS FOR SENSITIVITY ANALYSIS WITH CORRELATED INPUTS: COMPARISONS WITH SOBOL' INDICES, NUMERICAL ESTIMATION AND APPLICATIONS	International Journal for Uncertainty Quantification	9	5	493-514	
10.1615/int.j.uncertaintyquantification.2021038133	journal-article	Puy	2022		2022	A COMPREHENSIVE COMPARISON OF TOTAL-ORDER ESTIMATORS FOR GLOBAL SENSITIVITY ANALYSIS	International Journal for Uncertainty Quantification	12	2	1-18	
10.21203/rs.3.rs-10685107/v1	posted-content	Gijare	2026			Assessing image based high throughput phenotyping for accurate characterization of soybean seed morphology					preprint
10.21203/rs.3.rs-1469702/v1	posted-content	zang	2022			Estimation of plant density and plant height of winter wheat breeding material based on UAV digital images					preprint
10.21203/rs.3.rs-2728656/v1	posted-content	Hudson	2023			The Ear Unwrapper: A Maize Ear Image Acquisition and Machine Learning Pipeline for Disease Severity Phenotyping					preprint
10.21203/rs.3.rs-3160633/v1	posted-content	Volpato	2023			Digital Phenotyping in Plant Breeding: Evaluating Relative Maturity, Stand Count, and Plant Height in Dry Beans (Phaseolus vulgaris L.) via RGB Drone-Based Imagery and Deep Learning Approaches					preprint
10.2135/cropsci1996.0011183x003600040037x	journal-article	Koinange	1996	1996	1996	Genetic Control of the Domestication Syndrome in Common Bean	Crop Science	36	4	1037-1045	
10.2135/cropsci2009.11.0662	journal-article	Heffner	2010	2010	2010	Plant Breeding with Genomic Selection: Gain per Unit Time and Cost	Crop Science	50	5	1681-1690	
10.2135/cropsci2018.09.0537	journal-article	Rutkoski	2019	2019	2019	Estimation of Realized Rates of Genetic Gain and Indicators for Breeding Program Assessment	Crop Science	59	3	981-993	
10.2165/00019053-200624110-00003	journal-article	Claxton	2006		2006	Using Value of Information Analysis to Prioritise Health Research	PharmacoEconomics	24	11	1055-1068	
10.2165/00019053-200624110-00004	journal-article	Torrance	2006		2006	Utility Measurement in Healthcare	PharmacoEconomics	24	11	1069-1078	
10.21955/gatesopenres.1115279.1	posted-content	Spielman	2019			Policy Options to Accelerate Variety Change among Smallholder Farmers in South Asia and Africa South of the Sahara					other
10.21955/gatesopenres.1115554.1	posted-content	Alene	2019			Measuring the effectiveness of agricultural R&D in sub-Saharan Africa from the perspectives of varietal output and adoption--initial results from the diffusion of improved varieties in Africa project					other
10.2307/1905380	journal-article	Griliches	1957		1957	Hybrid Corn: An Exploration in the Economics of Technological Change	Econometrica	25	4	501	
10.3389/fgene.2022.1023318	journal-article	Menkir	2022	2022		Estimating genetic gains for tolerance to stress combinations in tropical maize hybrids	Frontiers in Genetics	13		1023318	
10.3389/fphys.2013.00035	journal-article	Beebe	2013	2013		Phenotyping common beans for adaptation to drought	Frontiers in Physiology	4			
10.3389/fpls.2016.01131	journal-article	Tattaris	2016	2016		A Direct Comparison of Remote Sensing Approaches for High-Throughput Phenotyping in Plant Breeding	Frontiers in Plant Science	7			
10.3389/fpls.2016.01990	journal-article	Komyshev	2017	2017		Evaluation of the SeedCounter, A Mobile Application for Grain Phenotyping	Frontiers in Plant Science	7			
10.3389/fpls.2018.01002	journal-article	Bai	2018	2018		Field-Based Scoring of Soybean Iron Deficiency Chlorosis Using RGB Imaging and Statistical Learning	Frontiers in Plant Science	9		1002	
10.3389/fpls.2019.00449	journal-article	Walter	2019	2019		High-Throughput Field Imaging and Basic Image Analysis in a Wheat Breeding Programme	Frontiers in Plant Science	10		449	
10.3389/fpls.2019.01176	journal-article	Sadeghi-Tehran	2019	2019		DeepCount: In-Field Automatic Quantification of Wheat Spikes Using Simple Linear Iterative Clustering and Deep Convolutional Neural Networks	Frontiers in Plant Science	10		1176	
10.3389/fpls.2019.01364	journal-article	Jighly	2019	2019		Boosting Genetic Gain in Allogamous Crops via Speed Breeding and Genomic Selection	Frontiers in Plant Science	10		1364	
10.3389/fpls.2019.01713	journal-article	Fasoula	2020	2020		Phenotyping and Plant Breeding: Overcoming the Barriers	Frontiers in Plant Science	10		1713	
10.3389/fpls.2020.00844	journal-article	Staver	2020	2020		Ex Ante Assessment of Returns on Research Investments to Address the Impact of Fusarium Wilt Tropical Race 4 on Global Banana Production	Frontiers in Plant Science	11		844	
10.3389/fpls.2020.01168	journal-article	Zeffa	2020	2020		Genetic Progress of Seed Yield and Nitrogen Use Efficiency of Brazilian carioca Common Bean Cultivars Using Bayesian Approaches	Frontiers in Plant Science	11		1168	
10.3389/fpls.2021.770217	journal-article	Liu	2021	2021		PocketMaize: An Android-Smartphone Application for Maize Plant Phenotyping	Frontiers in Plant Science	12		770217	
10.3389/fpls.2023.1020667	journal-article	Asea	2023	2023		Genetic trends for yield and key agronomic traits in pre-commercial and commercial maize varieties between 2008 and 2020 in Uganda	Frontiers in Plant Science	14		1020667	
10.3389/fpls.2023.1321308	journal-article	Tarekegne	2024	2024		Genetic gains in early maturing maize hybrids developed by the International Maize and Wheat Improvement Center in Southern Africa during 2000–2018	Frontiers in Plant Science	14		1321308	
10.3389/fpls.2024.1391926	journal-article	Mukaro	2024	2024		Genetic trends in the Zimbabwe’s national maize breeding program over two decades	Frontiers in Plant Science	15		1391926	
10.3389/fpls.2024.1488814	journal-article	Seck	2024	2024		Stochastic simulation to optimize rice breeding at IRRI	Frontiers in Plant Science	15		1488814	
10.3389/fpls.2025.1553272	journal-article	Chaingeni	2025	2025		More bang for your buck: potential gains through optimizing maize breeding schemes in sub-Saharan Africa	Frontiers in Plant Science	16		1553272	
10.3389/fpls.2025.1583526	journal-article	Guo	2025	2025		DLML-PC: an automated deep learning and metric learning approach for precise soybean pod classification and counting in intact plants	Frontiers in Plant Science	16		1583526	
10.3389/fpls.2025.1640041	journal-article	Behera	2025	2025		Realized genetic gain for yield and yield attributes in groundnut breeding at ICRISAT from an ERA trial	Frontiers in Plant Science	16		1640041	
10.3389/fpls.2025.1659781	journal-article	Zu	2025	2025		Automated seed counting using image processing and deep learning	Frontiers in Plant Science	16		1659781	
10.3389/fpls.2025.1670651	journal-article	Yadav	2026	2026		Genetic progress in rice yield: preliminary insights from historically released varieties in Sub-Saharan Africa	Frontiers in Plant Science	16		1670651	
10.3389/fpls.2025.1681605	journal-article	Katiyar	2026	2026		A unified global costing framework catalyzes strategic investment in rice breeding	Frontiers in Plant Science	16		1681605	
10.3389/frevc.2025.1518221	journal-article	Abyar	2025	2025		Ex ante impact assessment of breeding research under risk in agro-climatic zones of Iran	Frontiers in Environmental Economics	4		1518221	
10.3389/fsufs.2021.626714	journal-article	Gatto	2021	2021		Trends in Varietal Diversity of Main Staple Crops in Asia and Africa and Implications for Sustainable Food Systems	Frontiers in Sustainable Food Systems	5		626714	
10.3389/fsufs.2025.1545600	journal-article	Das	2025	2025		Costing of the breeding operations for the national maize programs in Eastern and Southern Africa	Frontiers in Sustainable Food Systems	9		1545600	
10.3389/fsufs.2025.1648376	journal-article	Lutomia	2025	2025		Gendered behavioral drivers in the adoption and sustained use of improved common bean varieties in Eastern Uganda	Frontiers in Sustainable Food Systems	9		1648376	
10.3390/agronomy15061344	journal-article	Javornik	2025	2025		Phenotyping Common Bean Under Drought Stress: High-Throughput Approaches for Enhanced Drought Tolerance	Agronomy	15	6	1344	
10.3390/rs10020330	journal-article	Makanza	2018	2018		High-Throughput Phenotyping of Canopy Cover and Senescence in Maize Field Trials Using Aerial Digital Canopy Imaging	Remote Sensing	10	2	330	
10.3390/rs13152918	journal-article	Banerjee	2021	2021		Machine Learning Regression Analysis for Estimation of Crop Emergence Using Multispectral UAV Imagery	Remote Sensing	13	15	2918	
10.3835/plantgenome2014.09.0059	journal-article	Kamfwa	2015	2015	2015	Genome‐Wide Association Study of Agronomic Traits in Common Bean	The Plant Genome	8	2	plantgenome2014.09.0059	
10.4314/acsj.v31i1.8	journal-article	Amongi	1970	1970		Gain and performance in yield and micronutrient concentration in common bean improvement	African Crop Science Journal	31	1	85-111	
10.5897/ajar2019.14564	journal-article	Michael	2020	2020		Genetic gain of maize (Zea mays L.) varieties in Ethiopia over 42 years (1973 - 2015)	African Journal of Agricultural Research	15	3	419-430	
