"effect_id","stratum3","cluster","doi","crossref_first_author","crossref_year","yi_pct","sei_pct","se_basis","primary","included","verified_crossref","fulltext_read","live_crossref_ok","location","analysis_family","role","study_id","label","trait_class","tool_class","metric","r","n","analysis_set","preprint","rel_type","rho_m","h2_image","h2_manual","errvar_ratio_image_over_manual","unit","first_author_crossref","year_crossref","outcome","baseline_value","baseline_unit","new_value","new_unit","pct_reduction","evidence_class","included_study","crossref_verified"
"B01","common bean","Chiorato2010_IAC","10.1590/s1984-70332010000400007","Chiorato",2010,1.068,0.463,"author SE per cycle (9.12 kg/ha, Table 2) / 1.6 y per cycle","Y",TRUE,TRUE,TRUE,TRUE,"Table 2 (PDF p.5/8 = journal p.333); cycle lengths in Methods (PDF p.4/8 = p.332)","MA1",NA,NA,NA,NA,NA,NA,NA,NA,NA,NA,NA,NA,NA,NA,NA,NA,NA,NA,NA,NA,NA,NA,NA,NA,NA,NA,NA
"B02","common bean","Chiorato2010_IAC","10.1590/s1984-70332010000400007","Chiorato",2010,-0.25,0.102,"author SE per cycle (5.02 kg/ha, Table 2) / 2.2 y per cycle","Y",TRUE,TRUE,TRUE,TRUE,"Table 2 (PDF p.5/8 = p.333)","MA1",NA,NA,NA,NA,NA,NA,NA,NA,NA,NA,NA,NA,NA,NA,NA,NA,NA,NA,NA,NA,NA,NA,NA,NA,NA,NA,NA
"B03","common bean","Chiorato2010_IAC","10.1590/s1984-70332010000400007","Chiorato",2010,-0.055,0.153,"author SE per cycle (7.52 kg/ha, Table 3, read from page image) / 2.2","N",FALSE,TRUE,TRUE,TRUE,"Table 3 (PDF p.6/8 = p.334; image table)","MA1",NA,NA,NA,NA,NA,NA,NA,NA,NA,NA,NA,NA,NA,NA,NA,NA,NA,NA,NA,NA,NA,NA,NA,NA,NA,NA,NA
"B04","common bean","Embrapa_1993-2008","10.1007/s10681-018-2246-8","de Faria",2018,1.336,0.336,"derived: SE=|b|/t, t=sqrt(R2(n-2)/(1-R2)), R2=0.726, n=8 cycles","Y",TRUE,TRUE,TRUE,TRUE,"Table 3 (PDF p.7/10); direct method description PDF p.4/10; Abstract PDF p.1/10","MA1",NA,NA,NA,NA,NA,NA,NA,NA,NA,NA,NA,NA,NA,NA,NA,NA,NA,NA,NA,NA,NA,NA,NA,NA,NA,NA,NA
"B05","common bean","Embrapa_1993-2008","10.1007/s10681-018-2246-8","de Faria",2018,0.981,0.285,"derived from R2 and n=8 cycles","N",FALSE,TRUE,TRUE,TRUE,"Table 3 (PDF p.7/10); text PDF p.8/10","MA1",NA,NA,NA,NA,NA,NA,NA,NA,NA,NA,NA,NA,NA,NA,NA,NA,NA,NA,NA,NA,NA,NA,NA,NA,NA,NA,NA
"B06","common bean","Embrapa_1993-2008","10.1007/s10681-018-2246-8","de Faria",2018,1.258,0.354,"derived from R2 and n=8 cycles","N",FALSE,TRUE,TRUE,TRUE,"Table 3 (PDF p.7/10); text PDF p.8/10","MA1",NA,NA,NA,NA,NA,NA,NA,NA,NA,NA,NA,NA,NA,NA,NA,NA,NA,NA,NA,NA,NA,NA,NA,NA,NA,NA,NA
"B07","common bean","Embrapa_1993-2008","10.1007/s10681-018-2246-8","de Faria",2018,0.417,0.73,"derived from reported P=0.587 with df=6 (GLS regression; approximate)","N",FALSE,TRUE,TRUE,TRUE,"Table 3 (PDF p.7/10); text PDF p.8/10","MA1",NA,NA,NA,NA,NA,NA,NA,NA,NA,NA,NA,NA,NA,NA,NA,NA,NA,NA,NA,NA,NA,NA,NA,NA,NA,NA,NA
"B08","common bean","Embrapa_1993-2008","10.1007/s10681-018-2246-8","de Faria",2018,0.449,0.65,"derived from reported P=0.516 with df=6 (GLS regression; approximate)","N",FALSE,TRUE,TRUE,TRUE,"Table 3 (PDF p.7/10); text PDF p.8/10","MA1",NA,NA,NA,NA,NA,NA,NA,NA,NA,NA,NA,NA,NA,NA,NA,NA,NA,NA,NA,NA,NA,NA,NA,NA,NA,NA,NA
"B09","common bean","Zeffa2020_carioca_cultivars","10.3389/fpls.2020.01168","Zeffa",2020,0.525,0.079,"derived from reported 95% HPD (9.3; 17.0) / 3.92","Y",TRUE,TRUE,TRUE,TRUE,"Results 'Genetic Progress' PDF p.7/14; Table 6 PDF p.8/14; Table 4 PDF p.6/14","MA1",NA,NA,NA,NA,NA,NA,NA,NA,NA,NA,NA,NA,NA,NA,NA,NA,NA,NA,NA,NA,NA,NA,NA,NA,NA,NA,NA
"B10","common bean","Zeffa2020_carioca_cultivars","10.3389/fpls.2020.01168","Zeffa",2020,0.48,0.101,"derived from reported 95% HPD (6.1; 14.5) / 3.92","N",FALSE,TRUE,TRUE,TRUE,"Results PDF p.7/14; Table 6 PDF p.8/14","MA1",NA,NA,NA,NA,NA,NA,NA,NA,NA,NA,NA,NA,NA,NA,NA,NA,NA,NA,NA,NA,NA,NA,NA,NA,NA,NA,NA
"B11","common bean","Amongi2023_PABRA","10.4314/acsj.v31i1.8","Amongi",1970,0.481,0.173,"derived from reported slope P=0.011 assuming df=22 (number of regression points not stated; approximate)","Y",TRUE,TRUE,TRUE,TRUE,"Table 2 slope row (PDF p.8/27 = journal p.92); Results PDF p.13/27","MA1",NA,NA,NA,NA,NA,NA,NA,NA,NA,NA,NA,NA,NA,NA,NA,NA,NA,NA,NA,NA,NA,NA,NA,NA,NA,NA,NA
"B12","common bean","Amongi2023_PABRA","10.4314/acsj.v31i1.8","Amongi",1970,0.51,0.321,"derived from reported slope P=0.127 assuming df=22 (number of regression points not stated; approximate)","Y",TRUE,TRUE,TRUE,TRUE,"Table 2 contd. (PDF p.9/27 = p.93); Abstract; Results PDF p.13/27","MA1",NA,NA,NA,NA,NA,NA,NA,NA,NA,NA,NA,NA,NA,NA,NA,NA,NA,NA,NA,NA,NA,NA,NA,NA,NA,NA,NA
"B13","common bean","Amongi2023_PABRA","10.4314/acsj.v31i1.8","Amongi",1970,-0.292,0.661,"derived from reported slope P=0.669 assuming df=9 (number of regression points not stated; approximate)","Y",TRUE,TRUE,TRUE,TRUE,"Table 2 contd. (PDF p.9/27 = p.93); Results PDF p.13/27","MA1",NA,NA,NA,NA,NA,NA,NA,NA,NA,NA,NA,NA,NA,NA,NA,NA,NA,NA,NA,NA,NA,NA,NA,NA,NA,NA,NA
"B14","common bean","Amongi2023_PABRA","10.4314/acsj.v31i1.8","Amongi",1970,1.932,1.424,"derived from reported slope P=0.212 assuming df=8 (number of regression points not stated; approximate)","Y",TRUE,TRUE,TRUE,TRUE,"Table 2 contd. (PDF p.10/27 = p.94); Abstract; Results PDF p.13/27","MA1",NA,NA,NA,NA,NA,NA,NA,NA,NA,NA,NA,NA,NA,NA,NA,NA,NA,NA,NA,NA,NA,NA,NA,NA,NA,NA,NA
"B17","common bean","Barili2016_black_cultivars","10.1590/1983-40632016v4641371","Barili",2016,2.418,NA,"not reported (R2=90% refers to the segmented model; slope P=0.001)","N",FALSE,TRUE,TRUE,TRUE,"Table 3 (PDF p.4-5/8); Results PDF p.4/8; Abstract PDF p.1/8","MA1",NA,NA,NA,NA,NA,NA,NA,NA,NA,NA,NA,NA,NA,NA,NA,NA,NA,NA,NA,NA,NA,NA,NA,NA,NA,NA,NA
"B15","common bean","Alves2015_UFV_RS","10.1590/1984-70332015v15n4a38","Alves",2015,2.869,NA,"not reported","N",FALSE,TRUE,TRUE,TRUE,"Table 7 (PDF p.7/9); Results PDF p.6/9; dates in Methods PDF p.2/9","MA1",NA,NA,NA,NA,NA,NA,NA,NA,NA,NA,NA,NA,NA,NA,NA,NA,NA,NA,NA,NA,NA,NA,NA,NA,NA,NA,NA
"B16","common bean","Silva2010_UFLA_RS","10.1590/s1984-70332010000400010","Silva",2010,3.3,NA,"not reported","N",FALSE,TRUE,TRUE,TRUE,"Results PDF p.3/6; Abstract PDF p.1/6","MA1",NA,NA,NA,NA,NA,NA,NA,NA,NA,NA,NA,NA,NA,NA,NA,NA,NA,NA,NA,NA,NA,NA,NA,NA,NA,NA,NA
"L01","other grain legumes","Todeschini2019_soybean_BR","10.1007/s10681-019-2439-9","Todeschini",2019,2.4,NA,"not given in text (shown in Fig. 1a)","Y",TRUE,TRUE,TRUE,TRUE,"Results PDF p.4/12; Conclusions PDF p.10/12; Abstract PDF p.1/12","MA1",NA,NA,NA,NA,NA,NA,NA,NA,NA,NA,NA,NA,NA,NA,NA,NA,NA,NA,NA,NA,NA,NA,NA,NA,NA,NA,NA
"L02","other grain legumes","Behera2025_ICRISAT_groundnut","10.3389/fpls.2025.1640041","Behera",2025,0.465,NA,"not reported (P values only in Figs 3-7)","N",FALSE,TRUE,TRUE,TRUE,"Table 4 (PDF p.9/18); Abstract PDF p.1/18; Conclusion PDF p.14/18","MA1",NA,NA,NA,NA,NA,NA,NA,NA,NA,NA,NA,NA,NA,NA,NA,NA,NA,NA,NA,NA,NA,NA,NA,NA,NA,NA,NA
"L03","other grain legumes","Behera2025_ICRISAT_groundnut","10.3389/fpls.2025.1640041","Behera",2025,1.475,NA,"not reported (P values only in Figs 3-7)","N",FALSE,TRUE,TRUE,TRUE,"Table 4 (PDF p.9/18); Abstract PDF p.1/18; Conclusion PDF p.14/18","MA1",NA,NA,NA,NA,NA,NA,NA,NA,NA,NA,NA,NA,NA,NA,NA,NA,NA,NA,NA,NA,NA,NA,NA,NA,NA,NA,NA
"L04","other grain legumes","Behera2025_ICRISAT_groundnut","10.3389/fpls.2025.1640041","Behera",2025,0.578,NA,"not reported (P values only in Figs 3-7)","N",FALSE,TRUE,TRUE,TRUE,"Table 4 (PDF p.9/18); Abstract PDF p.1/18; Conclusion PDF p.14/18","MA1",NA,NA,NA,NA,NA,NA,NA,NA,NA,NA,NA,NA,NA,NA,NA,NA,NA,NA,NA,NA,NA,NA,NA,NA,NA,NA,NA
"L05","other grain legumes","Behera2025_ICRISAT_groundnut","10.3389/fpls.2025.1640041","Behera",2025,3.395,NA,"not reported (P values only in Figs 3-7)","N",FALSE,TRUE,TRUE,TRUE,"Table 4 (PDF p.9/18); Abstract PDF p.1/18; Conclusion PDF p.14/18","MA1",NA,NA,NA,NA,NA,NA,NA,NA,NA,NA,NA,NA,NA,NA,NA,NA,NA,NA,NA,NA,NA,NA,NA,NA,NA,NA,NA
"L06","other grain legumes","Behera2025_ICRISAT_groundnut","10.3389/fpls.2025.1640041","Behera",2025,-0.172,NA,"not reported (P values only in Figs 3-7)","N",FALSE,TRUE,TRUE,TRUE,"Table 4 (PDF p.9/18); Abstract PDF p.1/18; Conclusion PDF p.14/18","MA1",NA,NA,NA,NA,NA,NA,NA,NA,NA,NA,NA,NA,NA,NA,NA,NA,NA,NA,NA,NA,NA,NA,NA,NA,NA,NA,NA
"M01","other crops","Mukaro2024_Zimbabwe_maize","10.3389/fpls.2024.1391926","Mukaro",2024,0.79,0.222,"derived from R2 and n entries (Table 3)","N",FALSE,TRUE,TRUE,TRUE,"Table 3 (PDF p.9/15); Results PDF p.8/15; Methods PDF p.7/15","MA1",NA,NA,NA,NA,NA,NA,NA,NA,NA,NA,NA,NA,NA,NA,NA,NA,NA,NA,NA,NA,NA,NA,NA,NA,NA,NA,NA
"M02","other crops","Mukaro2024_Zimbabwe_maize","10.3389/fpls.2024.1391926","Mukaro",2024,0.886,0.17,"derived from R2 and n entries (Table 3)","Y",TRUE,TRUE,TRUE,TRUE,"Table 3 (PDF p.9/15); Results PDF p.8/15; Methods PDF p.7/15","MA1",NA,NA,NA,NA,NA,NA,NA,NA,NA,NA,NA,NA,NA,NA,NA,NA,NA,NA,NA,NA,NA,NA,NA,NA,NA,NA,NA
"M03","other crops","Mukaro2024_Zimbabwe_maize","10.3389/fpls.2024.1391926","Mukaro",2024,0.377,0.065,"derived from R2 and n entries (Table 3)","N",FALSE,TRUE,TRUE,TRUE,"Table 3 (PDF p.9/15); Results PDF p.8/15; Methods PDF p.7/15","MA1",NA,NA,NA,NA,NA,NA,NA,NA,NA,NA,NA,NA,NA,NA,NA,NA,NA,NA,NA,NA,NA,NA,NA,NA,NA,NA,NA
"M04","other crops","Mukaro2024_Zimbabwe_maize","10.3389/fpls.2024.1391926","Mukaro",2024,1.086,0.186,"derived from R2 and n entries (Table 3)","N",FALSE,TRUE,TRUE,TRUE,"Table 3 (PDF p.9/15); Results PDF p.8/15; Methods PDF p.7/15","MA1",NA,NA,NA,NA,NA,NA,NA,NA,NA,NA,NA,NA,NA,NA,NA,NA,NA,NA,NA,NA,NA,NA,NA,NA,NA,NA,NA
"M05","other crops","Mukaro2024_Zimbabwe_maize","10.3389/fpls.2024.1391926","Mukaro",2024,-0.005,NA,"not derivable (R2=0)","N",FALSE,TRUE,TRUE,TRUE,"Table 3 (PDF p.9/15); Results PDF p.8/15; Methods PDF p.7/15","MA1",NA,NA,NA,NA,NA,NA,NA,NA,NA,NA,NA,NA,NA,NA,NA,NA,NA,NA,NA,NA,NA,NA,NA,NA,NA,NA,NA
"M06","other crops","Mukaro2024_Zimbabwe_maize","10.3389/fpls.2024.1391926","Mukaro",2024,1.239,0.303,"derived from R2 and n entries (Table 3)","N",FALSE,TRUE,TRUE,TRUE,"Table 3 (PDF p.9/15); Results PDF p.8/15; Methods PDF p.7/15","MA1",NA,NA,NA,NA,NA,NA,NA,NA,NA,NA,NA,NA,NA,NA,NA,NA,NA,NA,NA,NA,NA,NA,NA,NA,NA,NA,NA
"M07","other crops","Tarekegne2024_CIMMYT_ESA_early_maize","10.3389/fpls.2023.1321308","Tarekegne",2024,1.514,0.136,"author-reported SE of b (Table 6, t/ha converted to kg/ha)","N",FALSE,TRUE,TRUE,TRUE,"Table 6 (PDF p.11/17); text PDF p.7/17; means PDF p.6/17","MA1",NA,NA,NA,NA,NA,NA,NA,NA,NA,NA,NA,NA,NA,NA,NA,NA,NA,NA,NA,NA,NA,NA,NA,NA,NA,NA,NA
"M08","other crops","Tarekegne2024_CIMMYT_ESA_early_maize","10.3389/fpls.2023.1321308","Tarekegne",2024,1.818,0.124,"author-reported SE of b (Table 7, t/ha converted to kg/ha)","N",FALSE,TRUE,TRUE,TRUE,"Table 7 (PDF p.11/17); text PDF p.7/17; means PDF p.6/17","MA1",NA,NA,NA,NA,NA,NA,NA,NA,NA,NA,NA,NA,NA,NA,NA,NA,NA,NA,NA,NA,NA,NA,NA,NA,NA,NA,NA
"M09","other crops","Tarekegne2024_CIMMYT_ESA_early_maize","10.3389/fpls.2023.1321308","Tarekegne",2024,1.763,0.172,"author-reported SE of b (Table 8, t/ha converted to kg/ha)","N",FALSE,TRUE,TRUE,TRUE,"Table 8 (PDF p.12/17); text PDF p.7/17; means PDF p.6/17","MA1",NA,NA,NA,NA,NA,NA,NA,NA,NA,NA,NA,NA,NA,NA,NA,NA,NA,NA,NA,NA,NA,NA,NA,NA,NA,NA,NA
"M10","other crops","Tarekegne2024_CIMMYT_ESA_early_maize","10.3389/fpls.2023.1321308","Tarekegne",2024,1.414,0.151,"author-reported SE of b (Table 9, t/ha converted to kg/ha)","Y",TRUE,TRUE,TRUE,TRUE,"Table 9 (PDF p.12/17); text PDF p.7/17; means PDF p.6/17","MA1",NA,NA,NA,NA,NA,NA,NA,NA,NA,NA,NA,NA,NA,NA,NA,NA,NA,NA,NA,NA,NA,NA,NA,NA,NA,NA,NA
"M11","other crops","Michael2020_Ethiopia_maize","10.5897/ajar2019.14564","Michael",2020,1.241,0.747,"derived from R2 (from figure equation) and n","N",FALSE,TRUE,TRUE,TRUE,"PDF p.4/12 (text) and p.6/12 (Fig. 1 equation)","MA1",NA,NA,NA,NA,NA,NA,NA,NA,NA,NA,NA,NA,NA,NA,NA,NA,NA,NA,NA,NA,NA,NA,NA,NA,NA,NA,NA
"M12","other crops","Michael2020_Ethiopia_maize","10.5897/ajar2019.14564","Michael",2020,0.782,0.423,"derived from R2 (from figure equation) and n","N",FALSE,TRUE,TRUE,TRUE,"PDF p.6-7/12 (text, Fig. 2 equation)","MA1",NA,NA,NA,NA,NA,NA,NA,NA,NA,NA,NA,NA,NA,NA,NA,NA,NA,NA,NA,NA,NA,NA,NA,NA,NA,NA,NA
"M13","other crops","Michael2020_Ethiopia_maize","10.5897/ajar2019.14564","Michael",2020,-0.162,NA,"derived from R2 (from figure equation) and n","N",FALSE,TRUE,TRUE,TRUE,"PDF p.8/12 (Fig. 3 equation)","MA1",NA,NA,NA,NA,NA,NA,NA,NA,NA,NA,NA,NA,NA,NA,NA,NA,NA,NA,NA,NA,NA,NA,NA,NA,NA,NA,NA
"M14","other crops","Yadav2026_AfricaRice","10.3389/fpls.2025.1670651","Yadav",2026,0.138,0.169,"author-reported SE of b in Table 4 (t/ha/yr x1000)","Y",TRUE,TRUE,TRUE,TRUE,"Table 4 (PDF p.11/16); Results PDF p.8/16; sample sizes PDF p.3/16","MA1",NA,NA,NA,NA,NA,NA,NA,NA,NA,NA,NA,NA,NA,NA,NA,NA,NA,NA,NA,NA,NA,NA,NA,NA,NA,NA,NA
"M15","other crops","Yadav2026_AfricaRice","10.3389/fpls.2025.1670651","Yadav",2026,0.344,0.232,"author-reported SE of b in Table 4 (t/ha/yr x1000)","N",FALSE,TRUE,TRUE,TRUE,"Table 4 (PDF p.11/16); Results PDF p.8/16; sample sizes PDF p.3/16","MA1",NA,NA,NA,NA,NA,NA,NA,NA,NA,NA,NA,NA,NA,NA,NA,NA,NA,NA,NA,NA,NA,NA,NA,NA,NA,NA,NA
"M16","other crops","Yadav2026_AfricaRice","10.3389/fpls.2025.1670651","Yadav",2026,0.266,0.155,"author-reported SE of b in Table 4 (t/ha/yr x1000)","N",FALSE,TRUE,TRUE,TRUE,"Table 4 (PDF p.11/16); Results PDF p.8/16; sample sizes PDF p.3/16","MA1",NA,NA,NA,NA,NA,NA,NA,NA,NA,NA,NA,NA,NA,NA,NA,NA,NA,NA,NA,NA,NA,NA,NA,NA,NA,NA,NA
"A01","other crops","Asea2023_Uganda_maize","10.3389/fpls.2023.1020667","Asea",2023,2.238,0.412,"derived from R2 and n entries (Table 6)","Y",TRUE,TRUE,TRUE,TRUE,"Table 6 (PDF p.7/13); Abstract PDF p.1/13","MA1",NA,NA,NA,NA,NA,NA,NA,NA,NA,NA,NA,NA,NA,NA,NA,NA,NA,NA,NA,NA,NA,NA,NA,NA,NA,NA,NA
"A02","other crops","Asea2023_Uganda_maize","10.3389/fpls.2023.1020667","Asea",2023,1.71,0.673,"derived from R2 and n entries (Table 6)","N",FALSE,TRUE,TRUE,TRUE,"Table 6 (PDF p.7/13); Abstract PDF p.1/13","MA1",NA,NA,NA,NA,NA,NA,NA,NA,NA,NA,NA,NA,NA,NA,NA,NA,NA,NA,NA,NA,NA,NA,NA,NA,NA,NA,NA
"A03","other crops","Asea2023_Uganda_maize","10.3389/fpls.2023.1020667","Asea",2023,1.974,0.394,"derived from R2 and n entries (Table 6)","N",FALSE,TRUE,TRUE,TRUE,"Table 6 (PDF p.7/13); Abstract PDF p.1/13","MA1",NA,NA,NA,NA,NA,NA,NA,NA,NA,NA,NA,NA,NA,NA,NA,NA,NA,NA,NA,NA,NA,NA,NA,NA,NA,NA,NA
"A04","other crops","Asea2023_Uganda_maize","10.3389/fpls.2023.1020667","Asea",2023,1.294,0.62,"derived from R2 and n entries (Table 6)","N",FALSE,TRUE,TRUE,TRUE,"Table 6 (PDF p.7/13); Abstract PDF p.1/13","MA1",NA,NA,NA,NA,NA,NA,NA,NA,NA,NA,NA,NA,NA,NA,NA,NA,NA,NA,NA,NA,NA,NA,NA,NA,NA,NA,NA
"A05","other crops","Asea2023_Uganda_maize","10.3389/fpls.2023.1020667","Asea",2023,1.692,0.79,"derived from R2=0.081 and n=54 (Table 8; P=0.037 consistent)","N",FALSE,TRUE,TRUE,TRUE,"Table 8 (PDF p.10/13); Abstract PDF p.1/13","MA1",NA,NA,NA,NA,NA,NA,NA,NA,NA,NA,NA,NA,NA,NA,NA,NA,NA,NA,NA,NA,NA,NA,NA,NA,NA,NA,NA
"A06","other crops","Menkir2022_IITA_WCA_maize","10.3389/fgene.2022.1023318","Menkir",2022,1.32,NA,"not reported (n of hybrids/years not extracted)","Y",TRUE,TRUE,TRUE,TRUE,"PDF p.7/13 (Results); Abstract PDF p.1/13","MA1",NA,NA,NA,NA,NA,NA,NA,NA,NA,NA,NA,NA,NA,NA,NA,NA,NA,NA,NA,NA,NA,NA,NA,NA,NA,NA,NA
"A07","other crops","Menkir2022_IITA_WCA_maize","10.3389/fgene.2022.1023318","Menkir",2022,0.74,NA,"not reported (n of hybrids/years not extracted)","N",FALSE,TRUE,TRUE,TRUE,"PDF p.6/13 (Results); Abstract PDF p.1/13","MA1",NA,NA,NA,NA,NA,NA,NA,NA,NA,NA,NA,NA,NA,NA,NA,NA,NA,NA,NA,NA,NA,NA,NA,NA,NA,NA,NA
"A08","other crops","Menkir2022_IITA_WCA_maize","10.3389/fgene.2022.1023318","Menkir",2022,1.47,NA,"not reported (n of hybrids/years not extracted)","N",FALSE,TRUE,TRUE,TRUE,"PDF p.6/13 (Results); Abstract PDF p.1/13","MA1",NA,NA,NA,NA,NA,NA,NA,NA,NA,NA,NA,NA,NA,NA,NA,NA,NA,NA,NA,NA,NA,NA,NA,NA,NA,NA,NA
"A09","other crops","Menkir2022_IITA_WCA_maize","10.3389/fgene.2022.1023318","Menkir",2022,2.58,NA,"not reported (n of hybrids/years not extracted)","N",FALSE,TRUE,TRUE,TRUE,"PDF p.7/13 (Results); Abstract PDF p.1/13","MA1",NA,NA,NA,NA,NA,NA,NA,NA,NA,NA,NA,NA,NA,NA,NA,NA,NA,NA,NA,NA,NA,NA,NA,NA,NA,NA,NA
"A10","other crops","Menkir2022_IITA_WCA_maize","10.3389/fgene.2022.1023318","Menkir",2022,2.3,NA,"not reported (n of hybrids/years not extracted)","N",FALSE,TRUE,TRUE,TRUE,"PDF p.7/13 (Results); Abstract PDF p.1/13","MA1",NA,NA,NA,NA,NA,NA,NA,NA,NA,NA,NA,NA,NA,NA,NA,NA,NA,NA,NA,NA,NA,NA,NA,NA,NA,NA,NA
"P01","other crops","Prasanna2022_CIMMYT_pipelines","10.1038/s41598-022-24536-4","Prasanna",2022,2.46,NA,"not reported","N",FALSE,TRUE,TRUE,TRUE,"Discussion PDF p.5/13; Abstract PDF p.1/13","MA1",NA,NA,NA,NA,NA,NA,NA,NA,NA,NA,NA,NA,NA,NA,NA,NA,NA,NA,NA,NA,NA,NA,NA,NA,NA,NA,NA
"P02","other crops","Prasanna2022_CIMMYT_pipelines","10.1038/s41598-022-24536-4","Prasanna",2022,2.06,NA,"not reported","N",FALSE,TRUE,TRUE,TRUE,"Discussion PDF p.5/13; Abstract PDF p.1/13","MA1",NA,NA,NA,NA,NA,NA,NA,NA,NA,NA,NA,NA,NA,NA,NA,NA,NA,NA,NA,NA,NA,NA,NA,NA,NA,NA,NA
"P03","other crops","Prasanna2022_CIMMYT_pipelines","10.1038/s41598-022-24536-4","Prasanna",2022,2.13,NA,"not reported","N",FALSE,TRUE,TRUE,TRUE,"Discussion PDF p.5/13; Abstract PDF p.1/13","MA1",NA,NA,NA,NA,NA,NA,NA,NA,NA,NA,NA,NA,NA,NA,NA,NA,NA,NA,NA,NA,NA,NA,NA,NA,NA,NA,NA
"BN1","other crops","Batte2021_IITA_banana","10.1007/s10681-021-02920-x","Batte",2021,1.3,NA,"not reported (R2=0.199, P<0.001)","N",FALSE,TRUE,TRUE,TRUE,"Genetic gains section (PDF p.7-8/10); Abstract PDF p.1/10","MA1",NA,NA,NA,NA,NA,NA,NA,NA,NA,NA,NA,NA,NA,NA,NA,NA,NA,NA,NA,NA,NA,NA,NA,NA,NA,NA,NA
"M01","other crops","Mukaro2024_Zimbabwe_maize","10.3389/fpls.2024.1391926",NA,NA,0.79,0.222,NA,NA,NA,NA,NA,NA,NA,"MA1-allrows","sensitivity (all SE rows)",NA,NA,NA,NA,NA,NA,NA,NA,NA,NA,NA,NA,NA,NA,NA,NA,NA,NA,NA,NA,NA,NA,NA,NA,NA,NA
"M02","other crops","Mukaro2024_Zimbabwe_maize","10.3389/fpls.2024.1391926",NA,NA,0.886,0.17,NA,NA,NA,NA,NA,NA,NA,"MA1-allrows","sensitivity (all SE rows)",NA,NA,NA,NA,NA,NA,NA,NA,NA,NA,NA,NA,NA,NA,NA,NA,NA,NA,NA,NA,NA,NA,NA,NA,NA,NA
"M03","other crops","Mukaro2024_Zimbabwe_maize","10.3389/fpls.2024.1391926",NA,NA,0.377,0.065,NA,NA,NA,NA,NA,NA,NA,"MA1-allrows","sensitivity (all SE rows)",NA,NA,NA,NA,NA,NA,NA,NA,NA,NA,NA,NA,NA,NA,NA,NA,NA,NA,NA,NA,NA,NA,NA,NA,NA,NA
"M04","other crops","Mukaro2024_Zimbabwe_maize","10.3389/fpls.2024.1391926",NA,NA,1.086,0.186,NA,NA,NA,NA,NA,NA,NA,"MA1-allrows","sensitivity (all SE rows)",NA,NA,NA,NA,NA,NA,NA,NA,NA,NA,NA,NA,NA,NA,NA,NA,NA,NA,NA,NA,NA,NA,NA,NA,NA,NA
"M06","other crops","Mukaro2024_Zimbabwe_maize","10.3389/fpls.2024.1391926",NA,NA,1.239,0.303,NA,NA,NA,NA,NA,NA,NA,"MA1-allrows","sensitivity (all SE rows)",NA,NA,NA,NA,NA,NA,NA,NA,NA,NA,NA,NA,NA,NA,NA,NA,NA,NA,NA,NA,NA,NA,NA,NA,NA,NA
"M07","other crops","Tarekegne2024_CIMMYT_ESA_early_maize","10.3389/fpls.2023.1321308",NA,NA,1.514,0.136,NA,NA,NA,NA,NA,NA,NA,"MA1-allrows","sensitivity (all SE rows)",NA,NA,NA,NA,NA,NA,NA,NA,NA,NA,NA,NA,NA,NA,NA,NA,NA,NA,NA,NA,NA,NA,NA,NA,NA,NA
"M08","other crops","Tarekegne2024_CIMMYT_ESA_early_maize","10.3389/fpls.2023.1321308",NA,NA,1.818,0.124,NA,NA,NA,NA,NA,NA,NA,"MA1-allrows","sensitivity (all SE rows)",NA,NA,NA,NA,NA,NA,NA,NA,NA,NA,NA,NA,NA,NA,NA,NA,NA,NA,NA,NA,NA,NA,NA,NA,NA,NA
"M09","other crops","Tarekegne2024_CIMMYT_ESA_early_maize","10.3389/fpls.2023.1321308",NA,NA,1.763,0.172,NA,NA,NA,NA,NA,NA,NA,"MA1-allrows","sensitivity (all SE rows)",NA,NA,NA,NA,NA,NA,NA,NA,NA,NA,NA,NA,NA,NA,NA,NA,NA,NA,NA,NA,NA,NA,NA,NA,NA,NA
"M10","other crops","Tarekegne2024_CIMMYT_ESA_early_maize","10.3389/fpls.2023.1321308",NA,NA,1.414,0.151,NA,NA,NA,NA,NA,NA,NA,"MA1-allrows","sensitivity (all SE rows)",NA,NA,NA,NA,NA,NA,NA,NA,NA,NA,NA,NA,NA,NA,NA,NA,NA,NA,NA,NA,NA,NA,NA,NA,NA,NA
"M11","other crops","Michael2020_Ethiopia_maize","10.5897/ajar2019.14564",NA,NA,1.241,0.747,NA,NA,NA,NA,NA,NA,NA,"MA1-allrows","sensitivity (all SE rows)",NA,NA,NA,NA,NA,NA,NA,NA,NA,NA,NA,NA,NA,NA,NA,NA,NA,NA,NA,NA,NA,NA,NA,NA,NA,NA
"M12","other crops","Michael2020_Ethiopia_maize","10.5897/ajar2019.14564",NA,NA,0.782,0.423,NA,NA,NA,NA,NA,NA,NA,"MA1-allrows","sensitivity (all SE rows)",NA,NA,NA,NA,NA,NA,NA,NA,NA,NA,NA,NA,NA,NA,NA,NA,NA,NA,NA,NA,NA,NA,NA,NA,NA,NA
"M14","other crops","Yadav2026_AfricaRice","10.3389/fpls.2025.1670651",NA,NA,0.138,0.169,NA,NA,NA,NA,NA,NA,NA,"MA1-allrows","sensitivity (all SE rows)",NA,NA,NA,NA,NA,NA,NA,NA,NA,NA,NA,NA,NA,NA,NA,NA,NA,NA,NA,NA,NA,NA,NA,NA,NA,NA
"M15","other crops","Yadav2026_AfricaRice","10.3389/fpls.2025.1670651",NA,NA,0.344,0.232,NA,NA,NA,NA,NA,NA,NA,"MA1-allrows","sensitivity (all SE rows)",NA,NA,NA,NA,NA,NA,NA,NA,NA,NA,NA,NA,NA,NA,NA,NA,NA,NA,NA,NA,NA,NA,NA,NA,NA,NA
"M16","other crops","Yadav2026_AfricaRice","10.3389/fpls.2025.1670651",NA,NA,0.266,0.155,NA,NA,NA,NA,NA,NA,NA,"MA1-allrows","sensitivity (all SE rows)",NA,NA,NA,NA,NA,NA,NA,NA,NA,NA,NA,NA,NA,NA,NA,NA,NA,NA,NA,NA,NA,NA,NA,NA,NA,NA
"A01","other crops","Asea2023_Uganda_maize","10.3389/fpls.2023.1020667",NA,NA,2.238,0.412,NA,NA,NA,NA,NA,NA,NA,"MA1-allrows","sensitivity (all SE rows)",NA,NA,NA,NA,NA,NA,NA,NA,NA,NA,NA,NA,NA,NA,NA,NA,NA,NA,NA,NA,NA,NA,NA,NA,NA,NA
"A02","other crops","Asea2023_Uganda_maize","10.3389/fpls.2023.1020667",NA,NA,1.71,0.673,NA,NA,NA,NA,NA,NA,NA,"MA1-allrows","sensitivity (all SE rows)",NA,NA,NA,NA,NA,NA,NA,NA,NA,NA,NA,NA,NA,NA,NA,NA,NA,NA,NA,NA,NA,NA,NA,NA,NA,NA
"A03","other crops","Asea2023_Uganda_maize","10.3389/fpls.2023.1020667",NA,NA,1.974,0.394,NA,NA,NA,NA,NA,NA,NA,"MA1-allrows","sensitivity (all SE rows)",NA,NA,NA,NA,NA,NA,NA,NA,NA,NA,NA,NA,NA,NA,NA,NA,NA,NA,NA,NA,NA,NA,NA,NA,NA,NA
"A04","other crops","Asea2023_Uganda_maize","10.3389/fpls.2023.1020667",NA,NA,1.294,0.62,NA,NA,NA,NA,NA,NA,NA,"MA1-allrows","sensitivity (all SE rows)",NA,NA,NA,NA,NA,NA,NA,NA,NA,NA,NA,NA,NA,NA,NA,NA,NA,NA,NA,NA,NA,NA,NA,NA,NA,NA
"A05","other crops","Asea2023_Uganda_maize","10.3389/fpls.2023.1020667",NA,NA,1.692,0.79,NA,NA,NA,NA,NA,NA,NA,"MA1-allrows","sensitivity (all SE rows)",NA,NA,NA,NA,NA,NA,NA,NA,NA,NA,NA,NA,NA,NA,NA,NA,NA,NA,NA,NA,NA,NA,NA,NA,NA,NA
NA,NA,NA,"10.1016/j.agsy.2024.104054","Lasdun",2024,NA,NA,NA,NA,FALSE,TRUE,TRUE,TRUE,"Table 1 (Section 3.1, Materials and methods)","MA2",NA,"Lasdun2024","Lasdun2024 stand count Colorado multiple-plant images","plant count","smartphone","Pearson r",0.84,NA,"primary_no_n",FALSE,NA,NA,NA,NA,NA,NA,NA,NA,NA,NA,NA,NA,NA,NA,NA,NA,NA
NA,NA,NA,"10.1016/j.agsy.2024.104054","Lasdun",2024,NA,NA,NA,NA,FALSE,TRUE,TRUE,TRUE,"Table 1 (Section 3.1, Materials and methods)","MA2",NA,"Lasdun2024","Lasdun2024 stand count Colorado whole-plot image","plant count","smartphone","Pearson r",0.96,NA,"primary_no_n",FALSE,NA,NA,NA,NA,NA,NA,NA,NA,NA,NA,NA,NA,NA,NA,NA,NA,NA
NA,NA,NA,"10.1016/j.agsy.2024.104054","Lasdun",2024,NA,NA,NA,NA,FALSE,TRUE,TRUE,TRUE,"Table 1 (Section 3.1, Materials and methods)","MA2",NA,"Lasdun2024","Lasdun2024 stand count Tanzania multiple-plant images","plant count","smartphone","Pearson r",0.99,NA,"primary_no_n",FALSE,NA,NA,NA,NA,NA,NA,NA,NA,NA,NA,NA,NA,NA,NA,NA,NA,NA
NA,NA,NA,"10.1016/j.agsy.2024.104054","Lasdun",2024,NA,NA,NA,NA,FALSE,TRUE,TRUE,TRUE,"Table 1 (Section 3.1, Materials and methods)","MA2",NA,"Lasdun2024","Lasdun2024 stand count Tanzania whole-plot image","plant count","smartphone","Pearson r",0.85,NA,"primary_no_n",FALSE,NA,NA,NA,NA,NA,NA,NA,NA,NA,NA,NA,NA,NA,NA,NA,NA,NA
NA,NA,NA,"10.1016/j.agsy.2024.104054","Lasdun",2024,NA,NA,NA,NA,FALSE,TRUE,TRUE,TRUE,"Table 1 (Section 3.1, Materials and methods)","MA2",NA,"Lasdun2024","Lasdun2024 stand count Tanzania panorama","plant count","smartphone","Pearson r",0.96,NA,"primary_no_n",FALSE,NA,NA,NA,NA,NA,NA,NA,NA,NA,NA,NA,NA,NA,NA,NA,NA,NA
NA,NA,NA,"10.1016/j.agsy.2024.104054","Lasdun",2024,NA,NA,NA,NA,FALSE,TRUE,TRUE,TRUE,"Table 1 (Section 3.1, Materials and methods)","MA2",NA,"Lasdun2024","Lasdun2024 stand count Colombia multiple-plant images","plant count","smartphone","Pearson r",0.85,NA,"primary_no_n",FALSE,NA,NA,NA,NA,NA,NA,NA,NA,NA,NA,NA,NA,NA,NA,NA,NA,NA
NA,NA,NA,"10.1016/j.agsy.2024.104054","Lasdun",2024,NA,NA,NA,NA,FALSE,TRUE,TRUE,TRUE,"Table 1 (Section 3.1, Materials and methods)","MA2",NA,"Lasdun2024","Lasdun2024 stand count Colombia panorama","plant count","smartphone","Pearson r",0.72,NA,"primary_no_n",FALSE,NA,NA,NA,NA,NA,NA,NA,NA,NA,NA,NA,NA,NA,NA,NA,NA,NA
NA,NA,NA,"10.21203/rs.3.rs-3160633/v1","Volpato",2023,NA,NA,NA,NA,TRUE,TRUE,TRUE,TRUE,"Results, stand count section, Fig. 4 and Table 3","MA2",NA,"Volpato2023_preprint","Volpato dry bean stand count Faster R-CNN 7 m vs manual","plant count","UAV-RGB+DL","Pearson r",0.79,132,"primary",TRUE,NA,NA,NA,NA,NA,NA,NA,NA,NA,NA,NA,NA,NA,NA,NA,NA,NA
NA,NA,NA,"10.21203/rs.3.rs-3160633/v1","Volpato",2023,NA,NA,NA,NA,FALSE,TRUE,TRUE,TRUE,"Results, stand count section (annotation boxes vs GT)","MA2",NA,"Volpato2023_preprint","Volpato dry bean annotation boxes vs manual stand count (human-vs-human reference)","plant count","manual image annotation","Pearson r",0.8,132,"context_manual_reliability",TRUE,NA,NA,NA,NA,NA,NA,NA,NA,NA,NA,NA,NA,NA,NA,NA,NA,NA
NA,NA,NA,"10.21203/rs.3.rs-3160633/v1","Volpato",2023,NA,NA,NA,NA,FALSE,TRUE,TRUE,TRUE,"Results, plant height section, Table 4","MA2",NA,"Volpato2023_preprint","Volpato dry bean plant height point-cloud vs manual (mean of 5 environments)","height","UAV-RGB","Pearson r",0.55,NA,"primary_no_n",TRUE,NA,NA,NA,NA,NA,NA,NA,NA,NA,NA,NA,NA,NA,NA,NA,NA,NA
NA,NA,NA,"10.21203/rs.3.rs-3160633/v1","Volpato",2023,NA,NA,NA,NA,FALSE,TRUE,TRUE,TRUE,"Results, relative maturity section and Table 2","MA2",NA,"Volpato2023_preprint","Volpato dry bean relative maturity CNN-LSTM vs visual maturity date 2020 SVREC","maturity","UAV-RGB+DL","Pearson r",0.98,NA,"secondary_model_based",TRUE,NA,NA,NA,NA,NA,NA,NA,NA,NA,NA,NA,NA,NA,NA,NA,NA,NA
NA,NA,NA,"10.21203/rs.3.rs-3160633/v1","Volpato",2023,NA,NA,NA,NA,FALSE,TRUE,TRUE,TRUE,"Results, relative maturity section and Table 2","MA2",NA,"Volpato2023_preprint","Volpato dry bean relative maturity CNN-LSTM vs visual maturity date 2021 SVREC","maturity","UAV-RGB+DL","Pearson r",0.32,NA,"secondary_model_based",TRUE,NA,NA,NA,NA,NA,NA,NA,NA,NA,NA,NA,NA,NA,NA,NA,NA,NA
NA,NA,NA,"10.21203/rs.3.rs-3160633/v1","Volpato",2023,NA,NA,NA,NA,FALSE,TRUE,TRUE,TRUE,"Results, relative maturity section and Table 2","MA2",NA,"Volpato2023_preprint","Volpato dry bean relative maturity CNN-LSTM vs visual maturity date 2021 HURON","maturity","UAV-RGB+DL","Pearson r",0.82,NA,"secondary_model_based",TRUE,NA,NA,NA,NA,NA,NA,NA,NA,NA,NA,NA,NA,NA,NA,NA,NA,NA
NA,NA,NA,"10.21203/rs.3.rs-3160633/v1","Volpato",2023,NA,NA,NA,NA,FALSE,TRUE,TRUE,TRUE,"Results, relative maturity section and Table 2","MA2",NA,"Volpato2023_preprint","Volpato dry bean relative maturity CNN-LSTM vs visual maturity date 2022 SVREC","maturity","UAV-RGB+DL","Pearson r",0.79,NA,"secondary_model_based",TRUE,NA,NA,NA,NA,NA,NA,NA,NA,NA,NA,NA,NA,NA,NA,NA,NA,NA
NA,NA,NA,"10.1007/s11119-024-10121-4","Mohammadi",2024,NA,NA,NA,NA,TRUE,TRUE,TRUE,TRUE,"Results (Plant height) paragraph; Fig. 4a","MA2",NA,"Mohammadi2024","Mohammadi faba bean plant height UAV vs manual DAS 87 (BBCH 70, pre-lodging)","height","UAV-RGB","Pearson r",0.93,152,"primary",FALSE,NA,NA,NA,NA,NA,NA,NA,NA,NA,NA,NA,NA,NA,NA,NA,NA,NA
NA,NA,NA,"10.1007/s11119-024-10121-4","Mohammadi",2024,NA,NA,NA,NA,FALSE,TRUE,TRUE,TRUE,"Results (Plant height) paragraph; Discussion","MA2",NA,"Mohammadi2024","Mohammadi faba bean plant height UAV vs manual DAS 47 (earliest)","height","UAV-RGB","Pearson r",0.35,152,"secondary_nonindependent",FALSE,NA,NA,NA,NA,NA,NA,NA,NA,NA,NA,NA,NA,NA,NA,NA,NA,NA
NA,NA,NA,"10.1007/s11119-024-10121-4","Mohammadi",2024,NA,NA,NA,NA,FALSE,TRUE,TRUE,TRUE,"Results (Plant height) paragraph; Fig. 4a","MA2",NA,"Mohammadi2024","Mohammadi faba bean plant height UAV vs manual pooled over 6 dates","height","UAV-RGB","Pearson r",0.97,912,"secondary_nonindependent",FALSE,NA,NA,NA,NA,NA,NA,NA,NA,NA,NA,NA,NA,NA,NA,NA,NA,NA
NA,NA,NA,"10.3389/fpls.2025.1583526","Guo",2025,NA,NA,NA,NA,TRUE,TRUE,TRUE,TRUE,"Abstract; Results Table 3","MA2",NA,"Guo2025","Guo2025 soybean total pod count (fusion DL+metric learning) vs manual count","seed/pod count","smartphone+DL","Pearson r",0.9664,50,"primary",FALSE,NA,NA,NA,NA,NA,NA,NA,NA,NA,NA,NA,NA,NA,NA,NA,NA,NA
NA,NA,NA,"10.3389/fpls.2025.1583526","Guo",2025,NA,NA,NA,NA,FALSE,TRUE,TRUE,TRUE,"Table 3","MA2",NA,"Guo2025","Guo2025 soybean one-seed pod count vs manual","seed/pod count","smartphone+DL","Pearson r",0.9265,50,"secondary_nonindependent",FALSE,NA,NA,NA,NA,NA,NA,NA,NA,NA,NA,NA,NA,NA,NA,NA,NA,NA
NA,NA,NA,"10.3389/fpls.2025.1583526","Guo",2025,NA,NA,NA,NA,FALSE,TRUE,TRUE,TRUE,"Table 3","MA2",NA,"Guo2025","Guo2025 soybean two-seed pod count vs manual","seed/pod count","smartphone+DL","Pearson r",0.9517,50,"secondary_nonindependent",FALSE,NA,NA,NA,NA,NA,NA,NA,NA,NA,NA,NA,NA,NA,NA,NA,NA,NA
NA,NA,NA,"10.3389/fpls.2025.1583526","Guo",2025,NA,NA,NA,NA,FALSE,TRUE,TRUE,TRUE,"Table 3","MA2",NA,"Guo2025","Guo2025 soybean three-seed pod count vs manual","seed/pod count","smartphone+DL","Pearson r",0.969,50,"secondary_nonindependent",FALSE,NA,NA,NA,NA,NA,NA,NA,NA,NA,NA,NA,NA,NA,NA,NA,NA,NA
NA,NA,NA,"10.3389/fpls.2025.1583526","Guo",2025,NA,NA,NA,NA,FALSE,TRUE,TRUE,TRUE,"Table 3","MA2",NA,"Guo2025","Guo2025 soybean four-seed pod count vs manual","seed/pod count","smartphone+DL","Pearson r",0.9493,50,"secondary_nonindependent",FALSE,NA,NA,NA,NA,NA,NA,NA,NA,NA,NA,NA,NA,NA,NA,NA,NA,NA
NA,NA,NA,"10.3389/fpls.2025.1583526","Guo",2025,NA,NA,NA,NA,FALSE,TRUE,TRUE,TRUE,"Table 3","MA2",NA,"Guo2025","Guo2025 soybean total pod count (object detection only) vs manual","seed/pod count","smartphone+DL","Pearson r",0.8856,50,"secondary_nonindependent",FALSE,NA,NA,NA,NA,NA,NA,NA,NA,NA,NA,NA,NA,NA,NA,NA,NA,NA
NA,NA,NA,"10.1186/s13007-022-00934-7","McDonald",2022,NA,NA,NA,NA,TRUE,TRUE,TRUE,TRUE,"Results, last paragraph before Discussion","MA2",NA,"McDonald2022","McDonald soybean frogeye leaf spot: % diseased leaf area vs 1-5 visual scale (single rater)","disease severity","camera image pipeline","Spearman rho",0.85,2096,"primary",FALSE,NA,NA,NA,NA,NA,NA,NA,NA,NA,NA,NA,NA,NA,NA,NA,NA,NA
NA,NA,NA,"10.1186/s13007-022-00934-7","McDonald",2022,NA,NA,NA,NA,FALSE,TRUE,TRUE,TRUE,"Results","MA2",NA,"McDonald2022","McDonald soybean frogeye: lesion number vs 1-5 visual scale","disease severity","camera image pipeline","Spearman rho",0.83,2096,"secondary_nonindependent",FALSE,NA,NA,NA,NA,NA,NA,NA,NA,NA,NA,NA,NA,NA,NA,NA,NA,NA
NA,NA,NA,"10.1186/s13007-022-00934-7","McDonald",2022,NA,NA,NA,NA,FALSE,TRUE,TRUE,TRUE,"Results, Fig. 3","MA2",NA,"McDonald2022","McDonald soybean frogeye: % diseased leaf area automatic vs manually corrected","disease severity","camera image pipeline","Pearson r",0.998,75,"secondary_circular",FALSE,NA,NA,NA,NA,NA,NA,NA,NA,NA,NA,NA,NA,NA,NA,NA,NA,NA
NA,NA,NA,"10.1186/s13007-022-00934-7","McDonald",2022,NA,NA,NA,NA,FALSE,TRUE,TRUE,TRUE,"Results, Fig. 3","MA2",NA,"McDonald2022","McDonald soybean frogeye: lesion number automatic vs manually corrected","disease severity","camera image pipeline","Pearson r",0.997,75,"secondary_circular",FALSE,NA,NA,NA,NA,NA,NA,NA,NA,NA,NA,NA,NA,NA,NA,NA,NA,NA
NA,NA,NA,"10.3389/fpls.2021.770217","Liu",2021,NA,NA,NA,NA,TRUE,TRUE,TRUE,TRUE,"Results Fig. 8-10 text (pp. 9-10)","MA2",NA,"Liu2021","Liu2021 PocketMaize in-field plant height","height","smartphone","R2 -> r",0.9788,90,"primary",FALSE,NA,NA,NA,NA,NA,NA,NA,NA,NA,NA,NA,NA,NA,NA,NA,NA,NA
NA,NA,NA,"10.3389/fpls.2021.770217","Liu",2021,NA,NA,NA,NA,FALSE,TRUE,TRUE,TRUE,"Results Fig. 8-10 text (pp. 9-10)","MA2",NA,"Liu2021","Liu2021 PocketMaize in-field leaf area","leaf area","smartphone","R2 -> r",0.8888,90,"secondary_other_trait",FALSE,NA,NA,NA,NA,NA,NA,NA,NA,NA,NA,NA,NA,NA,NA,NA,NA,NA
NA,NA,NA,"10.3389/fpls.2021.770217","Liu",2021,NA,NA,NA,NA,FALSE,TRUE,TRUE,TRUE,"Results Fig. 8-10 text (pp. 9-10)","MA2",NA,"Liu2021","Liu2021 PocketMaize in-field leaf dry weight","biomass","smartphone","R2 -> r",0.8775,90,"secondary_other_trait",FALSE,NA,NA,NA,NA,NA,NA,NA,NA,NA,NA,NA,NA,NA,NA,NA,NA,NA
NA,NA,NA,"10.3389/fpls.2021.770217","Liu",2021,NA,NA,NA,NA,FALSE,TRUE,TRUE,TRUE,"Results Fig. 8-10 text (pp. 9-10)","MA2",NA,"Liu2021","Liu2021 PocketMaize in-field stem dry weight","biomass","smartphone","R2 -> r",0.9381,90,"secondary_other_trait",FALSE,NA,NA,NA,NA,NA,NA,NA,NA,NA,NA,NA,NA,NA,NA,NA,NA,NA
NA,NA,NA,"10.3389/fpls.2021.770217","Liu",2021,NA,NA,NA,NA,FALSE,TRUE,TRUE,TRUE,"Results Fig. 8-10 text","MA2",NA,"Liu2021","Liu2021 PocketMaize potted plant height","height","smartphone","R2 -> r",0.9633,90,"secondary_pot",FALSE,NA,NA,NA,NA,NA,NA,NA,NA,NA,NA,NA,NA,NA,NA,NA,NA,NA
NA,NA,NA,"10.3389/fpls.2021.770217","Liu",2021,NA,NA,NA,NA,FALSE,TRUE,TRUE,TRUE,"Results Fig. 8-10 text","MA2",NA,"Liu2021","Liu2021 PocketMaize potted leaf area","leaf area","smartphone","R2 -> r",0.781,90,"secondary_pot",FALSE,NA,NA,NA,NA,NA,NA,NA,NA,NA,NA,NA,NA,NA,NA,NA,NA,NA
NA,NA,NA,"10.3389/fpls.2021.770217","Liu",2021,NA,NA,NA,NA,FALSE,TRUE,TRUE,TRUE,"Results Fig. 8-10 text","MA2",NA,"Liu2021","Liu2021 PocketMaize potted leaf dry weight","biomass","smartphone","R2 -> r",0.6782,90,"secondary_pot",FALSE,NA,NA,NA,NA,NA,NA,NA,NA,NA,NA,NA,NA,NA,NA,NA,NA,NA
NA,NA,NA,"10.3389/fpls.2021.770217","Liu",2021,NA,NA,NA,NA,FALSE,TRUE,TRUE,TRUE,"Results Fig. 8-10 text","MA2",NA,"Liu2021","Liu2021 PocketMaize potted stem dry weight","biomass","smartphone","R2 -> r",0.8,90,"secondary_pot",FALSE,NA,NA,NA,NA,NA,NA,NA,NA,NA,NA,NA,NA,NA,NA,NA,NA,NA
NA,NA,NA,"10.1186/s13007-023-01012-2","Zang",2023,NA,NA,NA,NA,TRUE,TRUE,TRUE,TRUE,"Results, ""Comparing different 3D sensing..."": best correlations 0.89/0.89/0.82/0.83 (Fig. 5)","MA2",NA,"Zang2023","Zang2023 wheat canopy height DAP (drone RGB photogrammetry) vs field ruler","height","UAV-RGB","Pearson r",0.83,1920,"primary",FALSE,NA,NA,NA,NA,NA,NA,NA,NA,NA,NA,NA,NA,NA,NA,NA,NA,NA
NA,NA,NA,"10.1186/s13007-023-01012-2","Zang",2023,NA,NA,NA,NA,FALSE,TRUE,TRUE,TRUE,"Results (Fig. 5)","MA2",NA,"Zang2023","Zang2023 wheat canopy height TLS (laser, not image) vs field ruler","height","LiDAR (not image-based)","Pearson r",0.89,1920,"secondary_non_image",FALSE,NA,NA,NA,NA,NA,NA,NA,NA,NA,NA,NA,NA,NA,NA,NA,NA,NA
NA,NA,NA,"10.1186/s13007-023-01012-2","Zang",2023,NA,NA,NA,NA,FALSE,TRUE,TRUE,TRUE,"Results (Fig. 5)","MA2",NA,"Zang2023","Zang2023 wheat canopy height BLS (laser, not image) vs field ruler","height","LiDAR (not image-based)","Pearson r",0.89,1920,"secondary_non_image",FALSE,NA,NA,NA,NA,NA,NA,NA,NA,NA,NA,NA,NA,NA,NA,NA,NA,NA
NA,NA,NA,"10.1186/s13007-023-01012-2","Zang",2023,NA,NA,NA,NA,FALSE,TRUE,TRUE,TRUE,"Results (Fig. 5)","MA2",NA,"Zang2023","Zang2023 wheat canopy height GLS (laser, not image) vs field ruler","height","LiDAR (not image-based)","Pearson r",0.82,1365,"secondary_non_image",FALSE,NA,NA,NA,NA,NA,NA,NA,NA,NA,NA,NA,NA,NA,NA,NA,NA,NA
NA,NA,NA,"10.1186/s13007-023-01012-2","Zang",2023,NA,NA,NA,NA,FALSE,TRUE,TRUE,TRUE,"Results, ""Comparing the broad sense heritability..."" and Table 6","MA2",NA,"Zang2023","Zang2023 wheat canopy height H2: DAP vs FM (growth-stage groups)","height","UAV-RGB","H2 pair",NA,480,"primary_h2",FALSE,NA,NA,NA,NA,NA,NA,NA,NA,NA,NA,NA,NA,NA,NA,NA,NA,NA
NA,NA,NA,"10.1186/s13007-023-01012-2","Zang",2023,NA,NA,NA,NA,FALSE,TRUE,TRUE,TRUE,"Results heritability paragraph, Table 6","MA2",NA,"Zang2023","Zang2023 wheat canopy height H2: DAP vs FM (canopy-height groups)","height","UAV-RGB","H2 pair",NA,480,"secondary_nonindependent",FALSE,NA,NA,NA,NA,NA,NA,NA,NA,NA,NA,NA,NA,NA,NA,NA,NA,NA
NA,NA,NA,"10.1186/s13007-023-01012-2","Zang",2023,NA,NA,NA,NA,FALSE,TRUE,TRUE,TRUE,"Results heritability paragraph, Table 6","MA2",NA,"Zang2023","Zang2023 wheat canopy height H2: DAP vs FM (LAI groups)","height","UAV-RGB","H2 pair",NA,480,"secondary_nonindependent",FALSE,NA,NA,NA,NA,NA,NA,NA,NA,NA,NA,NA,NA,NA,NA,NA,NA,NA
NA,NA,NA,"10.21203/rs.3.rs-1469702/v1","zang",2022,NA,NA,NA,NA,TRUE,TRUE,TRUE,TRUE,"Results; Abstract","MA2",NA,"Zang2022_preprint","Zang2022 wheat plant height UAV DSM vs measured (jointing-grain filling)","height","UAV-RGB","R2 -> r",0.9774,2004,"primary",TRUE,NA,NA,NA,NA,NA,NA,NA,NA,NA,NA,NA,NA,NA,NA,NA,NA,NA
NA,NA,NA,"10.21203/rs.3.rs-1469702/v1","zang",2022,NA,NA,NA,NA,FALSE,TRUE,TRUE,TRUE,"Results Fig. 5; Abstract","MA2",NA,"Zang2022_preprint","Zang2022 wheat plant density from UAV canopy coverage vs manual density","plant count","UAV-RGB","R2 -> r",0.9058,501,"secondary_proxy",TRUE,NA,NA,NA,NA,NA,NA,NA,NA,NA,NA,NA,NA,NA,NA,NA,NA,NA
NA,NA,NA,"10.3390/rs13152918","Banerjee",2021,NA,NA,NA,NA,TRUE,TRUE,TRUE,TRUE,"Abstract; Results (Fig. 4a)","MA2",NA,"Banerjee2021","Banerjee wheat seedling emergence count from multispectral UAV (GPR, held-out test) vs manual count","plant count","UAV-multispectral+ML","R2 -> r",0.9274,80,"primary",FALSE,NA,NA,NA,NA,NA,NA,NA,NA,NA,NA,NA,NA,NA,NA,NA,NA,NA
NA,NA,NA,"10.1186/s13007-018-0289-4","Fernandez-Gallego",2018,NA,NA,NA,NA,TRUE,TRUE,TRUE,TRUE,"Table 1 (original RGB row)","MA2",NA,"FernandezGallego2018","Fernandez-Gallego wheat ear counting Aranjuez irrigated anthesis (May 12)","plant count","digital camera + algorithm","Pearson r",0.79,72,"primary",FALSE,NA,NA,NA,NA,NA,NA,NA,NA,NA,NA,NA,NA,NA,NA,NA,NA,NA
NA,NA,NA,"10.1186/s13007-018-0289-4","Fernandez-Gallego",2018,NA,NA,NA,NA,TRUE,TRUE,TRUE,TRUE,"Table 1 (original RGB row)","MA2",NA,"FernandezGallego2018","Fernandez-Gallego wheat ear counting Aranjuez rainfed anthesis (May 12)","plant count","digital camera + algorithm","Pearson r",0.72,24,"primary",FALSE,NA,NA,NA,NA,NA,NA,NA,NA,NA,NA,NA,NA,NA,NA,NA,NA,NA
NA,NA,NA,"10.1186/s13007-018-0289-4","Fernandez-Gallego",2018,NA,NA,NA,NA,TRUE,TRUE,TRUE,TRUE,"Table 1 (original RGB row)","MA2",NA,"FernandezGallego2018","Fernandez-Gallego wheat ear counting Valladolid irrigated late grain filling (Jun 9)","plant count","digital camera + algorithm","Pearson r",0.87,24,"primary",FALSE,NA,NA,NA,NA,NA,NA,NA,NA,NA,NA,NA,NA,NA,NA,NA,NA,NA
NA,NA,NA,"10.1186/s13007-018-0289-4","Fernandez-Gallego",2018,NA,NA,NA,NA,TRUE,TRUE,TRUE,TRUE,"Table 1 (original RGB row)","MA2",NA,"FernandezGallego2018","Fernandez-Gallego wheat ear counting Valladolid rainfed late grain filling (Jun 9)","plant count","digital camera + algorithm","Pearson r",0.42,24,"primary",FALSE,NA,NA,NA,NA,NA,NA,NA,NA,NA,NA,NA,NA,NA,NA,NA,NA,NA
NA,NA,NA,"10.3389/fpls.2019.01176","Sadeghi-Tehran",2019,NA,NA,NA,NA,FALSE,TRUE,TRUE,TRUE,"Results Fig. 12B","MA2",NA,"SadeghiTehran2019","DeepCount wheat spikes vs manual image-based annotation (126 images)","plant count","RGB camera + CNN","R2 -> r",0.9695,126,"secondary_image_reference",FALSE,NA,NA,NA,NA,NA,NA,NA,NA,NA,NA,NA,NA,NA,NA,NA,NA,NA
NA,NA,NA,"10.3389/fpls.2019.01176","Sadeghi-Tehran",2019,NA,NA,NA,NA,TRUE,TRUE,TRUE,TRUE,"Results Fig. 13 text (Discussion para.)","MA2",NA,"SadeghiTehran2019","DeepCount wheat spikes vs in-situ field counts, 2016-FS","plant count","RGB camera + CNN","R2 -> r",0.9434,54,"primary",FALSE,NA,NA,NA,NA,NA,NA,NA,NA,NA,NA,NA,NA,NA,NA,NA,NA,NA
NA,NA,NA,"10.3389/fpls.2019.01176","Sadeghi-Tehran",2019,NA,NA,NA,NA,TRUE,TRUE,TRUE,TRUE,"Results Fig. 13 text","MA2",NA,"SadeghiTehran2019","DeepCount wheat spikes vs in-situ field counts, 2015-FS","plant count","RGB camera + CNN","R2 -> r",0.8367,72,"primary",FALSE,NA,NA,NA,NA,NA,NA,NA,NA,NA,NA,NA,NA,NA,NA,NA,NA,NA
NA,NA,NA,"10.3389/fpls.2019.01176","Sadeghi-Tehran",2019,NA,NA,NA,NA,FALSE,TRUE,TRUE,TRUE,"Discussion paragraph on Fig. 13E","MA2",NA,"SadeghiTehran2019","DeepCount wheat spikes vs in-situ field counts, all datasets pooled","plant count","RGB camera + CNN","R2 -> r",0.8485,NA,"secondary_nonindependent",FALSE,NA,NA,NA,NA,NA,NA,NA,NA,NA,NA,NA,NA,NA,NA,NA,NA,NA
NA,NA,NA,"10.3389/fpls.2016.01990","Komyshev",2017,NA,NA,NA,NA,FALSE,TRUE,TRUE,TRUE,"Table 2","MA2",NA,"Komyshev2017","Komyshev SeedCounter wheat grain number vs actual number (mean of 18 device x lighting series)","seed/pod count","smartphone","Pearson r",0.9967,40,"secondary_lab",FALSE,NA,NA,NA,NA,NA,NA,NA,NA,NA,NA,NA,NA,NA,NA,NA,NA,NA
NA,NA,NA,"10.3389/fpls.2016.01990","Komyshev",2017,NA,NA,NA,NA,FALSE,TRUE,TRUE,TRUE,"Table 3","MA2",NA,"Komyshev2017","Komyshev SeedCounter wheat grain length vs microscope measurement (mean of 18 series)","seed size","smartphone","Pearson r",0.9201,250,"secondary_lab",FALSE,NA,NA,NA,NA,NA,NA,NA,NA,NA,NA,NA,NA,NA,NA,NA,NA,NA
NA,NA,NA,"10.3389/fpls.2016.01990","Komyshev",2017,NA,NA,NA,NA,FALSE,TRUE,TRUE,TRUE,"Table 3","MA2",NA,"Komyshev2017","Komyshev SeedCounter wheat grain width vs microscope measurement (mean of 18 series)","seed size","smartphone","Pearson r",0.7757,250,"secondary_lab",FALSE,NA,NA,NA,NA,NA,NA,NA,NA,NA,NA,NA,NA,NA,NA,NA,NA,NA
NA,NA,NA,"10.1101/129353","Karisto",2017,NA,NA,NA,NA,TRUE,TRUE,TRUE,TRUE,"Results, ""Ranking of cultivars""","MA2",NA,"Karisto2017_preprint","Karisto wheat STB: PLACL (median, image) vs visual AUDPC, cultivar level","disease severity","scanner image analysis","Spearman rho",0.38,335,"primary",TRUE,NA,NA,NA,NA,NA,NA,NA,NA,NA,NA,NA,NA,NA,NA,NA,NA,NA
NA,NA,NA,"10.1101/129353","Karisto",2017,NA,NA,NA,NA,FALSE,TRUE,TRUE,TRUE,"Methods, macro optimisation paragraph","MA2",NA,"Karisto2017_preprint","Karisto wheat STB: pycnidia counts macro vs manual count (leaf level)","disease severity","scanner image analysis","Spearman rho",0.96,36,"secondary_lab",TRUE,NA,NA,NA,NA,NA,NA,NA,NA,NA,NA,NA,NA,NA,NA,NA,NA,NA
NA,NA,NA,"10.1590/s1984-70332013000300005","Parrella",2013,NA,NA,NA,NA,TRUE,TRUE,TRUE,TRUE,"Results, ""Phenotypic correlations"" paragraph","MA2",NA,"Parrella2013","Parrella common bean ALS: % diseased leaf area (digital image, Quant) vs 1-9 graded visual scale, dry season 2006, 2nd rating","disease severity","digital camera image analysis","Pearson r",0.69,12,"primary",FALSE,NA,NA,NA,NA,NA,NA,NA,NA,NA,NA,NA,NA,NA,NA,NA,NA,NA
NA,NA,NA,"10.1590/s1984-70332013000300005","Parrella",2013,NA,NA,NA,NA,FALSE,TRUE,TRUE,TRUE,"Results, ""Phenotypic correlations"" paragraph","MA2",NA,"Parrella2013","Parrella common bean ALS: % diseased leaf area vs graded scale, rainy season 2006/07 (2nd and 3rd rating, AUDPC)","disease severity","digital camera image analysis","Pearson r",0.61,12,"secondary_nonindependent",FALSE,NA,NA,NA,NA,NA,NA,NA,NA,NA,NA,NA,NA,NA,NA,NA,NA,NA
NA,NA,NA,"10.1007/s13313-015-0360-9","Librelon",2015,NA,NA,NA,NA,FALSE,TRUE,TRUE,TRUE,"Results, ""Diagrammatic scale validation"" paragraphs; Table 2","MA2",NA,"Librelon2015","Librelon common bean ALS visual estimate vs digital (Quant) actual severity: inexperienced raters (n=9), without diagrammatic scale","disease severity","human visual estimate (on scanned leaf images)","R2 -> r",0.911,40,"context_manual_reliability",FALSE,NA,NA,NA,NA,NA,NA,NA,NA,NA,NA,NA,NA,NA,NA,NA,NA,NA
NA,NA,NA,"10.1007/s13313-015-0360-9","Librelon",2015,NA,NA,NA,NA,FALSE,TRUE,TRUE,TRUE,"Results, ""Diagrammatic scale validation"" paragraphs; Table 2","MA2",NA,"Librelon2015","Librelon common bean ALS visual estimate vs digital (Quant) actual severity: experienced raters (n=5), without diagrammatic scale","disease severity","human visual estimate (on scanned leaf images)","R2 -> r",0.9327,40,"context_manual_reliability",FALSE,NA,NA,NA,NA,NA,NA,NA,NA,NA,NA,NA,NA,NA,NA,NA,NA,NA
NA,NA,NA,"10.1007/s13313-015-0360-9","Librelon",2015,NA,NA,NA,NA,FALSE,TRUE,TRUE,TRUE,"Results, ""Diagrammatic scale validation"" paragraphs; Table 2","MA2",NA,"Librelon2015","Librelon common bean ALS visual estimate vs digital (Quant) actual severity: inexperienced raters (n=9), with diagrammatic scale, rating 1","disease severity","human visual estimate (on scanned leaf images)","R2 -> r",0.9539,40,"context_manual_reliability",FALSE,NA,NA,NA,NA,NA,NA,NA,NA,NA,NA,NA,NA,NA,NA,NA,NA,NA
NA,NA,NA,"10.1007/s13313-015-0360-9","Librelon",2015,NA,NA,NA,NA,FALSE,TRUE,TRUE,TRUE,"Results, ""Diagrammatic scale validation"" paragraphs; Table 2","MA2",NA,"Librelon2015","Librelon common bean ALS visual estimate vs digital (Quant) actual severity: experienced raters (n=5), with diagrammatic scale, rating 1","disease severity","human visual estimate (on scanned leaf images)","R2 -> r",0.9327,40,"context_manual_reliability",FALSE,NA,NA,NA,NA,NA,NA,NA,NA,NA,NA,NA,NA,NA,NA,NA,NA,NA
NA,NA,NA,"10.1007/s13313-015-0360-9","Librelon",2015,NA,NA,NA,NA,FALSE,TRUE,TRUE,TRUE,"Results (repeatability sentence); Table 3","MA2",NA,"Librelon2015","Librelon common bean ALS intra-rater repeatability with scale (R2 rating2 on rating1), inexperienced","disease severity","human visual estimate","R2 -> r",0.9592,40,"context_manual_reliability",FALSE,NA,NA,NA,NA,NA,NA,NA,NA,NA,NA,NA,NA,NA,NA,NA,NA,NA
NA,NA,NA,"10.1007/s13313-015-0360-9","Librelon",2015,NA,NA,NA,NA,FALSE,TRUE,TRUE,TRUE,"Results (repeatability sentence); Table 3","MA2",NA,"Librelon2015","Librelon common bean ALS intra-rater repeatability with scale, experienced","disease severity","human visual estimate","R2 -> r",0.937,40,"context_manual_reliability",FALSE,NA,NA,NA,NA,NA,NA,NA,NA,NA,NA,NA,NA,NA,NA,NA,NA,NA
NA,NA,NA,"10.1007/s13313-015-0360-9","Librelon",2015,NA,NA,NA,NA,FALSE,TRUE,TRUE,TRUE,"Results (reproducibility paragraph); Tables 4-5","MA2",NA,"Librelon2015","Librelon common bean ALS inter-rater reproducibility without scale (mean pairwise R2)","disease severity","human visual estimate","R2 -> r",0.9274,40,"context_manual_reliability",FALSE,NA,NA,NA,NA,NA,NA,NA,NA,NA,NA,NA,NA,NA,NA,NA,NA,NA
NA,NA,NA,"10.1007/s10658-013-0371-8","Sun",2014,NA,NA,NA,NA,FALSE,TRUE,TRUE,TRUE,"Results, Fig. 5 text","MA2",NA,"Sun2014","Sun tomato bacterial spot: Horsfall-Barratt midpoint (visual) vs image-analysis % area, F2 population","disease severity","scanner image analysis","Pearson r",0.91,439,"secondary_greenhouse",FALSE,NA,NA,NA,NA,NA,NA,NA,NA,NA,NA,NA,NA,NA,NA,NA,NA,NA
NA,NA,NA,"10.21203/rs.3.rs-10685107/v1","Gijare",2026,NA,NA,NA,NA,TRUE,TRUE,TRUE,TRUE,"Results 3.4 (Fig. 3A-D) and Abstract","MA2",NA,"Gijare2026_preprint","Gijare soybean seed area smartphone image (PLIMAN) vs Vernier caliper E1","seed size","smartphone","R2 -> r",0.2627,192,"primary",TRUE,NA,NA,NA,NA,NA,NA,NA,NA,NA,NA,NA,NA,NA,NA,NA,NA,NA
NA,NA,NA,"10.21203/rs.3.rs-10685107/v1","Gijare",2026,NA,NA,NA,NA,TRUE,TRUE,TRUE,TRUE,"Results 3.4 (Fig. 3A-D) and Abstract","MA2",NA,"Gijare2026_preprint","Gijare soybean seed area smartphone image (PLIMAN) vs Vernier caliper E2","seed size","smartphone","R2 -> r",0.1924,192,"primary",TRUE,NA,NA,NA,NA,NA,NA,NA,NA,NA,NA,NA,NA,NA,NA,NA,NA,NA
NA,NA,NA,"10.21203/rs.3.rs-10685107/v1","Gijare",2026,NA,NA,NA,NA,FALSE,TRUE,TRUE,TRUE,"Results 3.4 (Fig. 3A-D) and Abstract","MA2",NA,"Gijare2026_preprint","Gijare soybean seed perimeter smartphone image (PLIMAN) vs Vernier caliper E1","seed size","smartphone","R2 -> r",0.2324,192,"secondary_nonindependent",TRUE,NA,NA,NA,NA,NA,NA,NA,NA,NA,NA,NA,NA,NA,NA,NA,NA,NA
NA,NA,NA,"10.21203/rs.3.rs-10685107/v1","Gijare",2026,NA,NA,NA,NA,FALSE,TRUE,TRUE,TRUE,"Results 3.4 (Fig. 3A-D) and Abstract","MA2",NA,"Gijare2026_preprint","Gijare soybean seed perimeter smartphone image (PLIMAN) vs Vernier caliper E2","seed size","smartphone","R2 -> r",0.0548,192,"secondary_nonindependent",TRUE,NA,NA,NA,NA,NA,NA,NA,NA,NA,NA,NA,NA,NA,NA,NA,NA,NA
NA,NA,NA,"10.21203/rs.3.rs-10685107/v1","Gijare",2026,NA,NA,NA,NA,FALSE,TRUE,TRUE,TRUE,"Table 1","MA2",NA,"Gijare2026_preprint","Gijare soybean seed area H2: smartphone image vs Vernier caliper E1","seed size","smartphone","H2 pair",NA,192,"primary_h2",TRUE,NA,NA,NA,NA,NA,NA,NA,NA,NA,NA,NA,NA,NA,NA,NA,NA,NA
NA,NA,NA,"10.21203/rs.3.rs-10685107/v1","Gijare",2026,NA,NA,NA,NA,FALSE,TRUE,TRUE,TRUE,"Table 1","MA2",NA,"Gijare2026_preprint","Gijare soybean seed area H2: smartphone image vs Vernier caliper E2","seed size","smartphone","H2 pair",NA,192,"primary_h2",TRUE,NA,NA,NA,NA,NA,NA,NA,NA,NA,NA,NA,NA,NA,NA,NA,NA,NA
NA,NA,NA,"10.21203/rs.3.rs-10685107/v1","Gijare",2026,NA,NA,NA,NA,FALSE,TRUE,TRUE,TRUE,"Table 1","MA2",NA,"Gijare2026_preprint","Gijare soybean seed perimeter H2: smartphone image vs Vernier caliper E1","seed size","smartphone","H2 pair",NA,192,"secondary_nonindependent",TRUE,NA,NA,NA,NA,NA,NA,NA,NA,NA,NA,NA,NA,NA,NA,NA,NA,NA
NA,NA,NA,"10.21203/rs.3.rs-10685107/v1","Gijare",2026,NA,NA,NA,NA,FALSE,TRUE,TRUE,TRUE,"Table 1","MA2",NA,"Gijare2026_preprint","Gijare soybean seed perimeter H2: smartphone image vs Vernier caliper E2","seed size","smartphone","H2 pair",NA,192,"secondary_nonindependent",TRUE,NA,NA,NA,NA,NA,NA,NA,NA,NA,NA,NA,NA,NA,NA,NA,NA,NA
NA,NA,NA,"10.1534/g3.118.200700","Gage",2018,NA,NA,NA,NA,FALSE,TRUE,TRUE,TRUE,"Table 1","MA2",NA,"Gage2018","Gage2018 maize tassel length H2: image-based vs manual","morphology","camera image analysis","H2 pair",NA,942,"primary_h2",FALSE,NA,NA,NA,NA,NA,NA,NA,NA,NA,NA,NA,NA,NA,NA,NA,NA,NA
NA,NA,NA,"10.1534/g3.118.200700","Gage",2018,NA,NA,NA,NA,FALSE,TRUE,TRUE,TRUE,"Table 1","MA2",NA,"Gage2018","Gage2018 maize spike length H2: image-based vs manual","morphology","camera image analysis","H2 pair",NA,942,"secondary_nonindependent",FALSE,NA,NA,NA,NA,NA,NA,NA,NA,NA,NA,NA,NA,NA,NA,NA,NA,NA
NA,NA,NA,"10.1534/g3.118.200700","Gage",2018,NA,NA,NA,NA,FALSE,TRUE,TRUE,TRUE,"Table 1","MA2",NA,"Gage2018","Gage2018 maize branch number H2: image-based vs manual","morphology","camera image analysis","H2 pair",NA,942,"secondary_nonindependent",FALSE,NA,NA,NA,NA,NA,NA,NA,NA,NA,NA,NA,NA,NA,NA,NA,NA,NA
NA,NA,NA,"10.1534/g3.118.200700","Gage",2018,NA,NA,NA,NA,FALSE,TRUE,TRUE,TRUE,"Table 1","MA2",NA,"Gage2018","Gage2018 maize tassel weight H2: image-based vs manual","morphology","camera image analysis","H2 pair",NA,942,"secondary_nonindependent",FALSE,NA,NA,NA,NA,NA,NA,NA,NA,NA,NA,NA,NA,NA,NA,NA,NA,NA
NA,NA,NA,"10.3390/rs10020330","Makanza",2018,NA,NA,NA,NA,TRUE,TRUE,TRUE,TRUE,"Results, comparison paragraph before Fig. 5; Fig. 5","MA2",NA,"Makanza2018","Makanza maize canopy senescence: UAV RGB senescence index vs visual score, Trial 1","senescence","UAV-RGB","Pearson r",0.64,150,"primary",FALSE,NA,NA,NA,NA,NA,NA,NA,NA,NA,NA,NA,NA,NA,NA,NA,NA,NA
NA,NA,NA,"10.3390/rs10020330","Makanza",2018,NA,NA,NA,NA,FALSE,TRUE,TRUE,TRUE,"Table 2","MA2",NA,"Makanza2018","Makanza maize senescence H2: UAV senescence index vs visual Sen3","senescence","UAV-RGB","H2 pair",NA,450,"primary_h2",FALSE,NA,NA,NA,NA,NA,NA,NA,NA,NA,NA,NA,NA,NA,NA,NA,NA,NA
NA,NA,NA,"10.1007/s00122-025-05063-y","Burner",2025,NA,NA,NA,NA,FALSE,TRUE,TRUE,TRUE,"Results (remote sensing traits paragraph; Table S1 not available)","MA2",NA,"Burner2025","Burner soybean canopy wilting H2: UAV GNDVI (proxy index) vs visual canopy-wilting score","drought response","UAV-multispectral","H2 pair",NA,NA,"secondary_proxy",FALSE,NA,NA,NA,NA,NA,NA,NA,NA,NA,NA,NA,NA,NA,NA,NA,NA,NA
NA,NA,NA,"10.1186/s13007-019-0478-9","Dobbels",2019,NA,NA,NA,NA,FALSE,TRUE,TRUE,TRUE,"Results; Fig. 2b","MA2",NA,"Dobbels2019","Dobbels soybean IDC: inter-rater reliability of visual 1-5 scores (two raters)","stress score","human visual","Pearson r",0.93,252,"context_manual_reliability",FALSE,NA,NA,NA,NA,NA,NA,NA,NA,NA,NA,NA,NA,NA,NA,NA,NA,NA
NA,NA,NA,"10.1186/s13007-019-0478-9","Dobbels",2019,NA,NA,NA,NA,FALSE,TRUE,TRUE,TRUE,"Results; Fig. 2a","MA2",NA,"Dobbels2019","Dobbels soybean IDC: visual score date 1 vs date 2 (stability of visual rating)","stress score","human visual","Pearson r",0.8,3386,"context_manual_reliability",FALSE,NA,NA,NA,NA,NA,NA,NA,NA,NA,NA,NA,NA,NA,NA,NA,NA,NA
NA,NA,NA,"10.1186/s13007-019-0478-9","Dobbels",2019,NA,NA,NA,NA,FALSE,TRUE,TRUE,TRUE,"Results, Tables 3-4","MA2",NA,"Dobbels2019","Dobbels soybean IDC: UAS image-based classification accuracy vs visual score (random forest), date 1","stress score","UAV-RGB+DL","classification accuracy",NA,3386,"secondary_other_measure",FALSE,NA,NA,NA,NA,NA,NA,NA,NA,NA,NA,NA,NA,NA,NA,NA,NA,NA
NA,NA,NA,"10.1186/s13007-019-0478-9","Dobbels",2019,NA,NA,NA,NA,FALSE,TRUE,TRUE,TRUE,"Results ""UAS image-based scoring can detect differences""; Fig. 4","MA2",NA,"Dobbels2019","Dobbels soybean IDC: precision (LSD) of UAS image scores vs visual scores across trials","stress score","UAV-RGB+DL","proportion of trials image LSD < visual LSD",NA,36,"secondary_other_measure",FALSE,NA,NA,NA,NA,NA,NA,NA,NA,NA,NA,NA,NA,NA,NA,NA,NA,NA
NA,NA,NA,"10.3389/fpls.2018.01002","Bai",2018,NA,NA,NA,NA,FALSE,TRUE,TRUE,TRUE,"Results, Tables 3-4","MA2",NA,"Bai2018","Bai soybean IDC: computer score (SVM on RGB colour features) vs field visual score","stress score","camera image + ML","classification accuracy",NA,765,"secondary_other_measure",FALSE,NA,NA,NA,NA,NA,NA,NA,NA,NA,NA,NA,NA,NA,NA,NA,NA,NA
NA,NA,NA,"10.1186/s13007-017-0173-7","Naik",2017,NA,NA,NA,NA,FALSE,TRUE,TRUE,TRUE,"Abstract; Results (classification)","MA2",NA,"Naik2017","Naik soybean IDC: hierarchical ML classifier accuracy vs expert visual rating","stress score","camera image + ML","classification accuracy",NA,4366,"secondary_other_measure",FALSE,NA,NA,NA,NA,NA,NA,NA,NA,NA,NA,NA,NA,NA,NA,NA,NA,NA
NA,NA,NA,"10.21203/rs.3.rs-2728656/v1","Hudson",2023,NA,NA,NA,NA,FALSE,TRUE,TRUE,TRUE,"Results, Fig. 1C; Discussion","MA2",NA,"Hudson2023_preprint","Hudson maize Fusarium ear rot: Ilastik pixel-classification (log disease pixels) vs manual kernel count","disease severity","camera image + ML","R2 -> r",0.5321,49,"secondary_other_trait",TRUE,NA,NA,NA,NA,NA,NA,NA,NA,NA,NA,NA,NA,NA,NA,NA,NA,NA
NA,NA,NA,"10.21203/rs.3.rs-2728656/v1","Hudson",2023,NA,NA,NA,NA,FALSE,TRUE,TRUE,TRUE,"Results, Fig. 1A","MA2",NA,"Hudson2023_preprint","Hudson maize Fusarium ear rot: Ilastik vs manual pixel annotation in Paint","disease severity","camera image + ML","R2 -> r",0.8608,49,"secondary_circular",TRUE,NA,NA,NA,NA,NA,NA,NA,NA,NA,NA,NA,NA,NA,NA,NA,NA,NA
NA,NA,NA,"10.21203/rs.3.rs-3160633/v1",NA,NA,NA,NA,NA,NA,NA,NA,NA,NA,"Results, stand count section (annotation boxes vs GT)","MA2-manualrel",NA,"Volpato2023_preprint","Volpato dry bean annotation boxes vs manual stand count (human-vs-human reference)",NA,NA,NA,0.8,132,"context_manual_reliability",NA,NA,NA,NA,NA,NA,NA,NA,NA,NA,NA,NA,NA,NA,NA,NA,NA,NA
NA,NA,NA,"10.1007/s13313-015-0360-9",NA,NA,NA,NA,NA,NA,NA,NA,NA,NA,"Results, ""Diagrammatic scale validation"" paragraphs; Table 2","MA2-manualrel",NA,"Librelon2015","Librelon common bean ALS visual estimate vs digital (Quant) actual severity: inexperienced raters (n=9), without diagrammatic scale",NA,NA,NA,0.911,40,"context_manual_reliability",NA,NA,NA,NA,NA,NA,NA,NA,NA,NA,NA,NA,NA,NA,NA,NA,NA,NA
NA,NA,NA,"10.1007/s13313-015-0360-9",NA,NA,NA,NA,NA,NA,NA,NA,NA,NA,"Results, ""Diagrammatic scale validation"" paragraphs; Table 2","MA2-manualrel",NA,"Librelon2015","Librelon common bean ALS visual estimate vs digital (Quant) actual severity: experienced raters (n=5), without diagrammatic scale",NA,NA,NA,0.9327,40,"context_manual_reliability",NA,NA,NA,NA,NA,NA,NA,NA,NA,NA,NA,NA,NA,NA,NA,NA,NA,NA
NA,NA,NA,"10.1007/s13313-015-0360-9",NA,NA,NA,NA,NA,NA,NA,NA,NA,NA,"Results, ""Diagrammatic scale validation"" paragraphs; Table 2","MA2-manualrel",NA,"Librelon2015","Librelon common bean ALS visual estimate vs digital (Quant) actual severity: inexperienced raters (n=9), with diagrammatic scale, rating 1",NA,NA,NA,0.9539,40,"context_manual_reliability",NA,NA,NA,NA,NA,NA,NA,NA,NA,NA,NA,NA,NA,NA,NA,NA,NA,NA
NA,NA,NA,"10.1007/s13313-015-0360-9",NA,NA,NA,NA,NA,NA,NA,NA,NA,NA,"Results, ""Diagrammatic scale validation"" paragraphs; Table 2","MA2-manualrel",NA,"Librelon2015","Librelon common bean ALS visual estimate vs digital (Quant) actual severity: experienced raters (n=5), with diagrammatic scale, rating 1",NA,NA,NA,0.9327,40,"context_manual_reliability",NA,NA,NA,NA,NA,NA,NA,NA,NA,NA,NA,NA,NA,NA,NA,NA,NA,NA
NA,NA,NA,"10.1007/s13313-015-0360-9",NA,NA,NA,NA,NA,NA,NA,NA,NA,NA,"Results (repeatability sentence); Table 3","MA2-manualrel",NA,"Librelon2015","Librelon common bean ALS intra-rater repeatability with scale (R2 rating2 on rating1), inexperienced",NA,NA,NA,0.9592,40,"context_manual_reliability",NA,NA,NA,NA,NA,NA,NA,NA,NA,NA,NA,NA,NA,NA,NA,NA,NA,NA
NA,NA,NA,"10.1007/s13313-015-0360-9",NA,NA,NA,NA,NA,NA,NA,NA,NA,NA,"Results (repeatability sentence); Table 3","MA2-manualrel",NA,"Librelon2015","Librelon common bean ALS intra-rater repeatability with scale, experienced",NA,NA,NA,0.937,40,"context_manual_reliability",NA,NA,NA,NA,NA,NA,NA,NA,NA,NA,NA,NA,NA,NA,NA,NA,NA,NA
NA,NA,NA,"10.1007/s13313-015-0360-9",NA,NA,NA,NA,NA,NA,NA,NA,NA,NA,"Results (reproducibility paragraph); Tables 4-5","MA2-manualrel",NA,"Librelon2015","Librelon common bean ALS inter-rater reproducibility without scale (mean pairwise R2)",NA,NA,NA,0.9274,40,"context_manual_reliability",NA,NA,NA,NA,NA,NA,NA,NA,NA,NA,NA,NA,NA,NA,NA,NA,NA,NA
NA,NA,NA,"10.1186/s13007-019-0478-9",NA,NA,NA,NA,NA,NA,NA,NA,NA,NA,"Results; Fig. 2b","MA2-manualrel",NA,"Dobbels2019","Dobbels soybean IDC: inter-rater reliability of visual 1-5 scores (two raters)",NA,NA,NA,0.93,252,"context_manual_reliability",NA,NA,NA,NA,NA,NA,NA,NA,NA,NA,NA,NA,NA,NA,NA,NA,NA,NA
NA,NA,NA,"10.21203/rs.3.rs-3160633/v1",NA,NA,NA,NA,NA,NA,NA,NA,NA,NA,"Results, stand count section (annotation boxes vs GT)","MA2-manualrel-validity",NA,"Volpato2023_preprint","Volpato dry bean annotation boxes vs manual stand count (human-vs-human reference)",NA,NA,NA,0.8,132,"context_manual_reliability",NA,"rater-vs-rater r",0.894427190999916,NA,NA,NA,NA,NA,NA,NA,NA,NA,NA,NA,NA,NA,NA,NA
NA,NA,NA,"10.1007/s13313-015-0360-9",NA,NA,NA,NA,NA,NA,NA,NA,NA,NA,"Results, ""Diagrammatic scale validation"" paragraphs; Table 2","MA2-manualrel-validity",NA,"Librelon2015","Librelon common bean ALS visual estimate vs digital (Quant) actual severity: inexperienced raters (n=9), without diagrammatic scale",NA,NA,NA,0.911,40,"context_manual_reliability",NA,"rater-vs-truth r",0.911,NA,NA,NA,NA,NA,NA,NA,NA,NA,NA,NA,NA,NA,NA,NA
NA,NA,NA,"10.1007/s13313-015-0360-9",NA,NA,NA,NA,NA,NA,NA,NA,NA,NA,"Results, ""Diagrammatic scale validation"" paragraphs; Table 2","MA2-manualrel-validity",NA,"Librelon2015","Librelon common bean ALS visual estimate vs digital (Quant) actual severity: experienced raters (n=5), without diagrammatic scale",NA,NA,NA,0.9327,40,"context_manual_reliability",NA,"rater-vs-truth r",0.9327,NA,NA,NA,NA,NA,NA,NA,NA,NA,NA,NA,NA,NA,NA,NA
NA,NA,NA,"10.1007/s13313-015-0360-9",NA,NA,NA,NA,NA,NA,NA,NA,NA,NA,"Results, ""Diagrammatic scale validation"" paragraphs; Table 2","MA2-manualrel-validity",NA,"Librelon2015","Librelon common bean ALS visual estimate vs digital (Quant) actual severity: inexperienced raters (n=9), with diagrammatic scale, rating 1",NA,NA,NA,0.9539,40,"context_manual_reliability",NA,"rater-vs-truth r",0.9539,NA,NA,NA,NA,NA,NA,NA,NA,NA,NA,NA,NA,NA,NA,NA
NA,NA,NA,"10.1007/s13313-015-0360-9",NA,NA,NA,NA,NA,NA,NA,NA,NA,NA,"Results, ""Diagrammatic scale validation"" paragraphs; Table 2","MA2-manualrel-validity",NA,"Librelon2015","Librelon common bean ALS visual estimate vs digital (Quant) actual severity: experienced raters (n=5), with diagrammatic scale, rating 1",NA,NA,NA,0.9327,40,"context_manual_reliability",NA,"rater-vs-truth r",0.9327,NA,NA,NA,NA,NA,NA,NA,NA,NA,NA,NA,NA,NA,NA,NA
NA,NA,NA,"10.1007/s13313-015-0360-9",NA,NA,NA,NA,NA,NA,NA,NA,NA,NA,"Results (repeatability sentence); Table 3","MA2-manualrel-validity",NA,"Librelon2015","Librelon common bean ALS intra-rater repeatability with scale (R2 rating2 on rating1), inexperienced",NA,NA,NA,0.9592,40,"context_manual_reliability",NA,"rater-vs-rater R2",0.989640118293324,NA,NA,NA,NA,NA,NA,NA,NA,NA,NA,NA,NA,NA,NA,NA
NA,NA,NA,"10.1007/s13313-015-0360-9",NA,NA,NA,NA,NA,NA,NA,NA,NA,NA,"Results (repeatability sentence); Table 3","MA2-manualrel-validity",NA,"Librelon2015","Librelon common bean ALS intra-rater repeatability with scale, experienced",NA,NA,NA,0.937,40,"context_manual_reliability",NA,"rater-vs-rater R2",0.983863610073269,NA,NA,NA,NA,NA,NA,NA,NA,NA,NA,NA,NA,NA,NA,NA
NA,NA,NA,"10.1007/s13313-015-0360-9",NA,NA,NA,NA,NA,NA,NA,NA,NA,NA,"Results (reproducibility paragraph); Tables 4-5","MA2-manualrel-validity",NA,"Librelon2015","Librelon common bean ALS inter-rater reproducibility without scale (mean pairwise R2)",NA,NA,NA,0.9274,40,"context_manual_reliability",NA,"rater-vs-rater R2",0.981333834839235,NA,NA,NA,NA,NA,NA,NA,NA,NA,NA,NA,NA,NA,NA,NA
NA,NA,NA,"10.1186/s13007-019-0478-9",NA,NA,NA,NA,NA,NA,NA,NA,NA,NA,"Results; Fig. 2b","MA2-manualrel-validity",NA,"Dobbels2019","Dobbels soybean IDC: inter-rater reliability of visual 1-5 scores (two raters)",NA,NA,NA,0.93,252,"context_manual_reliability",NA,"rater-vs-rater r",0.964365076099296,NA,NA,NA,NA,NA,NA,NA,NA,NA,NA,NA,NA,NA,NA,NA
NA,NA,NA,"10.1186/s13007-023-01012-2",NA,NA,NA,NA,NA,NA,NA,NA,NA,NA,"Results, ""Comparing the broad sense heritability..."" and Table 6","MA2-h2",NA,"Zang2023","Zang2023 wheat canopy height H2: DAP vs FM (growth-stage groups)",NA,NA,NA,NA,NA,NA,NA,NA,NA,0.79,0.77,0.8899,NA,NA,NA,NA,NA,NA,NA,NA,NA,NA,NA,NA
NA,NA,NA,"10.21203/rs.3.rs-10685107/v1",NA,NA,NA,NA,NA,NA,NA,NA,NA,NA,"Table 1","MA2-h2",NA,"Gijare2026_preprint","Gijare soybean seed area H2: smartphone image vs Vernier caliper E1",NA,NA,NA,NA,NA,NA,NA,NA,NA,0.2499,0.7295,8.0949,NA,NA,NA,NA,NA,NA,NA,NA,NA,NA,NA,NA
NA,NA,NA,"10.21203/rs.3.rs-10685107/v1",NA,NA,NA,NA,NA,NA,NA,NA,NA,NA,"Table 1","MA2-h2",NA,"Gijare2026_preprint","Gijare soybean seed area H2: smartphone image vs Vernier caliper E2",NA,NA,NA,NA,NA,NA,NA,NA,NA,0.9704,0.7535,0.0932,NA,NA,NA,NA,NA,NA,NA,NA,NA,NA,NA,NA
NA,NA,NA,"10.1534/g3.118.200700",NA,NA,NA,NA,NA,NA,NA,NA,NA,NA,"Table 1","MA2-h2",NA,"Gage2018","Gage2018 maize tassel length H2: image-based vs manual",NA,NA,NA,NA,NA,NA,NA,NA,NA,0.79,0.95,5.0506,NA,NA,NA,NA,NA,NA,NA,NA,NA,NA,NA,NA
NA,NA,NA,"10.3390/rs10020330",NA,NA,NA,NA,NA,NA,NA,NA,NA,NA,"Table 2","MA2-h2",NA,"Makanza2018","Makanza maize senescence H2: UAV senescence index vs visual Sen3",NA,NA,NA,NA,NA,NA,NA,NA,NA,0.529,0.5,0.8904,NA,NA,NA,NA,NA,NA,NA,NA,NA,NA,NA,NA
"E01",NA,NA,"10.1016/j.agsy.2024.104054",NA,NA,NA,NA,NA,NA,NA,NA,TRUE,TRUE,"Sect. 4.1.2 ""Throughput efficiency and reduced labor"" (printed p.5-6); Abstract (p.1) says ""under a minute""","MA3",NA,NA,NA,NA,NA,NA,NA,NA,NA,NA,NA,NA,NA,NA,NA,"Lasdun2024_phone","Lasdun",2024,"time per plot (full phenotyping of a breeding plot)","144","s/plot (derived: 24 min/plot divided by ~10)",30,"s/plot (upper bound, ""less than 30 s"")",79.2,"C",TRUE,TRUE
"E02",NA,NA,"10.1016/j.agsy.2024.104054",NA,NA,NA,NA,NA,NA,NA,NA,TRUE,TRUE,"Sect. 4.1.2 (printed p.5-6)","MA3",NA,NA,NA,NA,NA,NA,NA,NA,NA,NA,NA,NA,NA,NA,NA,NA,"Lasdun",2024,"time per plot (full phenotyping of a breeding plot)","1440","s/plot (12 person-h / 30 plots)",30,"s/plot (upper bound)",97.9,"D",TRUE,TRUE
"E03",NA,NA,"10.1016/j.agsy.2024.104054",NA,NA,NA,NA,NA,NA,NA,NA,TRUE,TRUE,"Sect. 4.1.2","MA3",NA,NA,NA,NA,NA,NA,NA,NA,NA,NA,NA,NA,NA,NA,NA,NA,"Lasdun",2024,"time per plot","144","s/plot (derived)",1440,"s/plot",-900,"C",TRUE,TRUE
"E04",NA,NA,"10.3389/fpls.2019.00449",NA,NA,NA,NA,NA,NA,NA,NA,TRUE,TRUE,"Results p.5 (900 plots/h, 10 min analysis/trial) and p.6 (visual: one score every ~9 s = 400 plots/h); Discussion p.9 (""approximately half the time of visual scoring"")","MA3",NA,NA,NA,NA,NA,NA,NA,NA,NA,NA,NA,NA,NA,NA,NA,"Walter2019_handheld","Walter",2019,"in-field time per plot (capture only)","9","s/plot (400 plots/h)",4,"s/plot (900 plots/h)",55.6,"A",TRUE,TRUE
"E04b",NA,NA,"10.3389/fpls.2019.00449",NA,NA,NA,NA,NA,NA,NA,NA,TRUE,TRUE,"Computed from Results p.5-6 and Table 1 (p.2-3)","MA3",NA,NA,NA,NA,NA,NA,NA,NA,NA,NA,NA,NA,NA,NA,NA,"Walter2019_handheld_total","Walter",2019,"total time for trials A-E (capture + operator analysis)","293.1","min (1,954 plots x 9 s)",180.3,"min (1,954 plots x 4 s = 130.3 min + 5 trials x ~10 min analysis)",38.5,"C",TRUE,TRUE
"E05",NA,NA,"10.3389/fpls.2019.00449",NA,NA,NA,NA,NA,NA,NA,NA,TRUE,TRUE,"Results p.6 (HIB 7,400 plots/h; 9,600-plot trial imaged in 80 min; visual ~400 plots/h ""would be expected""); Discussion p.10","MA3",NA,NA,NA,NA,NA,NA,NA,NA,NA,NA,NA,NA,NA,NA,NA,"Walter2019_boom","Walter",2019,"time per plot (capture)","9","s/plot (~400 plots/h expected)",0.49,"s/plot (7,400 plots/h)",94.6,"A",TRUE,TRUE
"E06",NA,NA,"10.1038/srep42839",NA,NA,NA,NA,NA,NA,NA,NA,TRUE,TRUE,"Results p.2 (Manual phenotyping ... ~45 plots per hour; HTP 3000 plots/h); Methods (tractor speed 1.0 kph, ~3000 plots/h)","MA3",NA,NA,NA,NA,NA,NA,NA,NA,NA,NA,NA,NA,NA,NA,NA,"Tanger2017_tractor","Tanger",2017,"throughput / time per plot","80","s/plot (45 plots/h, elapsed; 160 s person-time with 2 people)",1.2,"s/plot (3,000 plots/h, one tractor driver)",98.5,"A",TRUE,TRUE
"E07",NA,NA,"10.1038/srep42839",NA,NA,NA,NA,NA,NA,NA,NA,TRUE,TRUE,"Results p.2; Discussion p.3 (""4500 plots in a 1.5 ha trial with one pass ... in under two hours"")","MA3",NA,NA,NA,NA,NA,NA,NA,NA,NA,NA,NA,NA,NA,NA,NA,"Tanger2017_tractor","Tanger",2017,"total labour hours for the study","200","h (single manual height pass, all plots)",18,"h (11 HTP sampling dates, tractor driver)",91,"A",TRUE,TRUE
"E08",NA,NA,"10.1038/s42003-025-07890-7",NA,NA,NA,NA,NA,NA,NA,NA,TRUE,TRUE,"Results and discussion, Case study I (p.3)","MA3",NA,NA,NA,NA,NA,NA,NA,NA,NA,NA,NA,NA,NA,NA,NA,"DeBruin2025_robot","DeBruin",2025,"labour hours for ear-height data","150","h (estimated manual)",20,"h (in-field robot collection)",86.7,"A",TRUE,TRUE
"E09",NA,NA,"10.1038/s42003-025-07890-7",NA,NA,NA,NA,NA,NA,NA,NA,TRUE,TRUE,"Results and discussion, Case study II (p.4)","MA3",NA,NA,NA,NA,NA,NA,NA,NA,NA,NA,NA,NA,NA,NA,NA,"DeBruin2025_robot","DeBruin",2025,"labour hours for 3 traits on 384 experimental units","192","h (estimated manual, 30 min/EU)",1.6,"h (single person with robot; 250 EUs/h)",99.2,"A",TRUE,TRUE
"E10",NA,NA,"10.1038/s42003-025-07890-7",NA,NA,NA,NA,NA,NA,NA,NA,TRUE,TRUE,"Results and discussion, Case study II (p.5)","MA3",NA,NA,NA,NA,NA,NA,NA,NA,NA,NA,NA,NA,NA,NA,NA,"DeBruin2025_robot","DeBruin",2025,"person-hours for stalk biomass","100","person-h (approx.)",4,"h (upper bound, one robot + one person)",96,"A",TRUE,TRUE
"E11",NA,NA,"10.1371/journal.pone.0352433",NA,NA,NA,NA,NA,NA,NA,NA,TRUE,TRUE,"Table 8 (Results, cost-benefit comparison; ~p.15-16 of 19) and Discussion (p.17: ""every two seconds compared to 30 seconds for ImageJ and approximately 1 minute for visual"")","MA3",NA,NA,NA,NA,NA,NA,NA,NA,NA,NA,NA,NA,NA,NA,NA,"Mwanje2026_ML","Mwanje",2026,"data capture / scoring time per sample","60","s/sample",1.5,"s/sample (1-2 s)",97.5,"A",TRUE,TRUE
"E12",NA,NA,"10.1371/journal.pone.0352433",NA,NA,NA,NA,NA,NA,NA,NA,TRUE,TRUE,"Table 8; Discussion p.17","MA3",NA,NA,NA,NA,NA,NA,NA,NA,NA,NA,NA,NA,NA,NA,NA,"Mwanje2026_ImageJ","Mwanje",2026,"data capture / scoring time per sample","60","s/sample",30,"s/sample",50,"A",TRUE,TRUE
"E13",NA,NA,"10.3389/fpls.2016.01990",NA,NA,NA,NA,NA,NA,NA,NA,TRUE,TRUE,"Discussion, last paragraph before Author Contributions (p.8); processing time 30 s-1 min per image on p.6","MA3",NA,NA,NA,NA,NA,NA,NA,NA,NA,NA,NA,NA,NA,NA,NA,"Komyshev2017_SeedCounter","Komyshev",2017,"time to measure length and width of 50 grains","50","min (40-60 min)",1,"min (approx. 1 min)",98,"A",TRUE,TRUE
"E14",NA,NA,"10.3389/fpls.2016.01990",NA,NA,NA,NA,NA,NA,NA,NA,TRUE,TRUE,"Discussion (p.8)","MA3",NA,NA,NA,NA,NA,NA,NA,NA,NA,NA,NA,NA,NA,NA,NA,"Komyshev2017_count","Komyshev",2017,"time to count ~50 grains","<=20-55","s (manual ""may be a little less"" than app)",37.5,"s (app 20-55 s)",0,"A",TRUE,TRUE
"E15",NA,NA,"10.3389/fpls.2025.1659781",NA,NA,NA,NA,NA,NA,NA,NA,TRUE,TRUE,"Table 4 (p.12-13), Sect. 3.3 (p.8), Sect. 4.2 (p.16)","MA3",NA,NA,NA,NA,NA,NA,NA,NA,NA,NA,NA,NA,NA,NA,NA,"Zu2025_DL","Zu",2025,"time to count 100 seeds","63.7","s (mean of 15 species)",0.35,"s",99.5,"A",TRUE,TRUE
"E16",NA,NA,"10.3389/fpls.2025.1659781",NA,NA,NA,NA,NA,NA,NA,NA,TRUE,TRUE,"Table 4 (p.12-13)","MA3",NA,NA,NA,NA,NA,NA,NA,NA,NA,NA,NA,NA,NA,NA,NA,"Zu2025_IP","Zu",2025,"time to count 100 seeds","63.7","s",3.75,"s",94.1,"A",TRUE,TRUE
"E17",NA,NA,"10.3389/fpls.2025.1659781",NA,NA,NA,NA,NA,NA,NA,NA,TRUE,TRUE,"Table 4 (p.12)","MA3",NA,NA,NA,NA,NA,NA,NA,NA,NA,NA,NA,NA,NA,NA,NA,"Zu2025_DL","Zu",2025,"time to count 10 seeds","5.0","s",0.33,"s",93.4,"A",TRUE,TRUE
"E18",NA,NA,"10.1186/s13007-016-0134-6",NA,NA,NA,NA,NA,NA,NA,NA,TRUE,TRUE,"Methods, field data measurements (p.4: 280 plots with hand-held spectroradiometer) and image processing (p.9: flights <20 min); Study area (p.3: 1092 lines, 39 trials x 30 entries, 3 replications)","MA3",NA,NA,NA,NA,NA,NA,NA,NA,NA,NA,NA,NA,NA,NA,NA,"Haghighattalab2016_UAS","Haghighattalab",2016,"time per plot (field data acquisition)","12.9","s/plot (280 plots in <=1 h solar-noon window)",0.34,"s/plot (<20 min flight for ~3,510 plots)",97.3,"A",TRUE,TRUE
"E19",NA,NA,"10.3389/fpls.2016.01131",NA,NA,NA,NA,NA,NA,NA,NA,TRUE,TRUE,"Figure 2 caption (p.4)","MA3",NA,NA,NA,NA,NA,NA,NA,NA,NA,NA,NA,NA,NA,NA,NA,"Tattaris2016_UAV","Tattaris",2016,"time to cover one trial","69","min (assumed 10 s/plot, ~414 plots)",10,"s (""several seconds"" interpreted as <=10 s)",99.8,"B",TRUE,TRUE
"E20",NA,NA,"10.1016/j.plantsci.2018.06.015",NA,NA,NA,NA,NA,NA,NA,NA,TRUE,TRUE,"Sect. 2.4.1 (manuscript lines 353-373) and Table 1","MA3",NA,NA,NA,NA,NA,NA,NA,NA,NA,NA,NA,NA,NA,NA,NA,"Reynolds2019_model","Reynolds",2019,"plots per day (inverse = time per plot)","800","microplots/day",4000,"microplots/day",80,"B",TRUE,TRUE
"E21",NA,NA,"10.1016/j.plantsci.2018.06.015",NA,NA,NA,NA,NA,NA,NA,NA,TRUE,TRUE,"Table 1; Sect. 2.4.1 (lines 359-371)","MA3",NA,NA,NA,NA,NA,NA,NA,NA,NA,NA,NA,NA,NA,NA,NA,NA,"Reynolds",2019,"imaging cost per plot.day per year","0.98","USD per plot.day per year",0.29,"USD per plot.day per year",70.4,"B",TRUE,TRUE
"E22",NA,NA,"10.1016/j.plantsci.2018.06.015",NA,NA,NA,NA,NA,NA,NA,NA,TRUE,TRUE,"Table 1 scenario 2; Sect. 2.4.1 (lines 361-363)","MA3",NA,NA,NA,NA,NA,NA,NA,NA,NA,NA,NA,NA,NA,NA,NA,NA,"Reynolds",2019,"imaging cost per plot.day per year","0.98","USD per plot.day per year",0.98,"USD per plot.day per year",0,"B",TRUE,TRUE
"E23",NA,NA,"10.1016/j.plantsci.2018.06.015",NA,NA,NA,NA,NA,NA,NA,NA,TRUE,TRUE,"Table 2 (scenario 1); Sect. III (lines 484-496)","MA3",NA,NA,NA,NA,NA,NA,NA,NA,NA,NA,NA,NA,NA,NA,NA,NA,"Reynolds",2019,"TOTAL experiment cost (plot handling + imaging + analysis + storage)","98","kUSD (57.6 USD/plot)",91,"kUSD (53.5 USD/plot)",7.1,"B",TRUE,TRUE
"E24",NA,NA,"10.1016/j.plantsci.2018.06.015",NA,NA,NA,NA,NA,NA,NA,NA,TRUE,TRUE,"Table 2; Sect. III (""plot handling 65-77% of total cost"")","MA3",NA,NA,NA,NA,NA,NA,NA,NA,NA,NA,NA,NA,NA,NA,NA,NA,"Reynolds",2019,"share of total experiment cost that is NOT plot handling","","",NA,"",30,"E",TRUE,TRUE
"E25",NA,NA,"10.1016/j.plantsci.2018.06.015",NA,NA,NA,NA,NA,NA,NA,NA,TRUE,TRUE,"Sect. 2.2 (lines 304-306)","MA3",NA,NA,NA,NA,NA,NA,NA,NA,NA,NA,NA,NA,NA,NA,NA,NA,"Reynolds",2019,"baseline cost: field plot handling per microplot per experiment","40","USD per microplot (range 30-50)",NA,"",NA,"E",TRUE,TRUE
"E26",NA,NA,"10.1007/s00122-018-3206-3",NA,NA,NA,NA,NA,NA,NA,NA,TRUE,TRUE,"Discussion, ""Scaling-up selections to larger nurseries"" (p.191)","MA3",NA,NA,NA,NA,NA,NA,NA,NA,NA,NA,NA,NA,NA,NA,NA,NA,"Juliana",2018,"baseline cost of one yield-trial plot (assumption)","10","USD per yield-trial plot (assumed)",NA,"",NA,"E",TRUE,TRUE
"E27",NA,NA,"10.1371/journal.pone.0352433",NA,NA,NA,NA,NA,NA,NA,NA,TRUE,TRUE,"Table 8 (~p.15-16 of 19)","MA3",NA,NA,NA,NA,NA,NA,NA,NA,NA,NA,NA,NA,NA,NA,NA,NA,"Mwanje",2026,"set-up cost","14","USD (visual: accessories/consumables)",922,"USD (camera 272 + computer 600 + accessories 50)",-6486,"E",TRUE,TRUE
"E28",NA,NA,"10.1186/1746-4811-10-23",NA,NA,NA,NA,NA,NA,NA,NA,TRUE,TRUE,"Background (~$AUD15000 for commercial SeedCount-type systems; p.2), Methods (consumer flatbed scanners <$250 AUD), Results (210 s vs 101 s; p.3-4)","MA3",NA,NA,NA,NA,NA,NA,NA,NA,NA,NA,NA,NA,NA,NA,NA,NA,"Whan",2014,"equipment cost","15000","AUD",250,"AUD (upper bound)",98.3,"D",TRUE,TRUE
