"analysis_id","left_out","estimate","ci_lb","ci_ub"
"MA1.CB.primary","Chiorato2010_IAC",0.675898445203581,0.121633330241772,1.23016356016539
"MA1.CB.primary","Embrapa_1993-2008",0.362592242675294,-0.107489711662566,0.832674197013155
"MA1.CB.primary","Zeffa2020_carioca_cultivars",0.516792080081954,-0.126638170012619,1.16022233017653
"MA1.CB.primary","Amongi2023_PABRA",0.599616173910359,-0.546482481837327,1.74571482965805
"MA1.OC.primary","Mukaro2024_Zimbabwe_maize",1.22355706286611,-1.38481110667511,3.83192523240732
"MA1.OC.primary","Tarekegne2024_CIMMYT_ESA_early_maize",1.03851098691015,-1.55884977673119,3.63587175055149
"MA1.OC.primary","Yadav2026_AfricaRice",1.43584696069845,-0.17096079759454,3.04265471899143
"MA1.OC.primary","Asea2023_Uganda_maize",0.815460060590832,-0.778631371240111,2.40955149242177
"MA2.primary","Volpato2023_preprint",0.86122276022973,0.720619895795459,0.933787793469039
"MA2.primary","Mohammadi2024",0.849134930093326,0.700322213691015,0.927214168411502
"MA2.primary","Guo2025",0.841378842897616,0.694737165116337,0.920866297374067
"MA2.primary","McDonald2022",0.857559663383429,0.712813246748919,0.93223793196726
"MA2.primary","Liu2021",0.835556728849909,0.693280512370118,0.915143436681483
"MA2.primary","Zang2023",0.85894924690816,0.715537601486683,0.932888353169138
"MA2.primary","Zang2022_preprint",0.83558325732358,0.692871188937107,0.91529987710706
"MA2.primary","Banerjee2021",0.849658243822628,0.701132942509036,0.927517238499634
"MA2.primary","FernandezGallego2018",0.864737825361302,0.724438342773068,0.936246121033811
"MA2.primary","SadeghiTehran2019",0.85422802417116,0.706238601202404,0.930692544525236
"MA2.primary","Karisto2017_preprint",0.873865422121896,0.756884479236434,0.936589720933961
"MA2.primary","Parrella2013",0.863812848721371,0.729384963458096,0.934011761758586
"MA2.primary","Gijare2026_preprint",0.877728077017,0.77381457660611,0.935634227792629
"MA2.primary","Makanza2018",0.867227105412976,0.735813799967012,0.935693602047091
"MA3.time.primary","DeBruin2025",94.2787837648922,84.9290237263497,97.8281224378218
"MA3.time.primary","Haghighattalab2016",94.087744798235,84.6518092482751,97.7225484009007
"MA3.time.primary","Komyshev2017",93.9036363882816,84.4990931713112,97.6023564493983
"MA3.time.primary","Mwanje2026",95.4425730330868,89.4013502116819,98.0403031543093
"MA3.time.primary","Tanger2017",94.3020016518308,84.9709546970183,97.8397040849097
"MA3.time.primary","Walter2019",95.8037429118507,89.7670263905846,98.2792319982491
"MA3.time.primary","Zu2025",93.8393014929329,81.8622265264002,97.9074495471992
