"rho_m","T","ER_at_pooled_r","ER_at_r_lb","ER_at_r_ub"
0.6,"T1",0.584799137119392,0.261750448776791,0.782472261573581
0.7,"T1",0.478963623051786,0.0735691906218556,0.727024014523709
0.8,"T1",0.261865132656696,-0.312443646619038,0.613284020575255
0.85,"T1",0.0424196315546331,-0.702629595613886,0.498314405070601
0.9,"T1",-0.398571327597839,-1.48673533043607,0.267274986353114
0.95,"T1",-1.7254210486522,-3.84594577213183,-0.427874385568289
0.6,"T2",NA,NA,NA
0.7,"T2",NA,NA,NA
0.8,"T2",NA,0.511806802157753,NA
0.85,"T2",NA,0.0275022898077691,NA
0.9,"T2",0.50793663259526,-0.835475716587744,NA
0.95,"T2",-0.911823876622933,-3.26143575859483,0.525900957819069
