"analysis_id","analysis","stratum","role","model","k_effects","k_clusters","estimate","ci_lb","ci_ub","pi_lb","pi_ub","tau2","I2_pct","Q","Q_p","units","ci_method","notes"
"MA1.CB.primary","Genetic gain, common bean: three-level REML (cluster/effect)","common bean","primary","rma.mv REML, random=~1|programme/effect; t-based CI",8,4,0.5054,0.0027,1.008,-0.7418,1.7525,0.233,86.9988,53.0452,0,"% of mean yield per year","t (df = k-1)","8 effects from 4 programmes (IAC Brazil x2 periods, Embrapa Brazil, Zeffa Brazil era trial, PABRA Africa x4 variety groups). Estimates are slope/mean of era or cycle regressions, SE from author tables or derived (see se_basis in meta_inputs_used.csv). CANDIDATE for gain_target_pct_per_yr."
"MA1.CB.naive","Genetic gain, common bean: two-level REML-KH, ignoring dependence","common bean","sensitivity","rma REML, test=knha",8,4,0.5054,0.0063,1.0044,-0.7404,1.7511,0.233,86.9988,53.0452,0,"% of mean yield per year","Knapp-Hartung t (df=k-1)",""
"MA1.CB.robust","Genetic gain, common bean: cluster-robust variance (CR1)","common bean","sensitivity","rma REML + robust(cluster)",8,4,0.5054,-0.0015,1.0122,NA,NA,0.233,86.9988,53.0452,0,"% of mean yield per year","sandwich t, df=3 (4 clusters: unreliable)","With only 4 clusters the robust CI is indicative at best."
"MA1.CB.clustercollapsed","Genetic gain, common bean: one estimate per programme","common bean","sensitivity","FE-pool within programme, then rma REML-KH",4,4,0.4811,-0.4708,1.4329,-1.5058,2.468,0.3003,95.1359,42.9158,0,"% of mean yield per year","Knapp-Hartung t (df=3)","IAC periods 1989-96 (+1.07) and 1997-2007 (-0.25) are pooled by fixed effect here, which understates their disagreement."
"MA1.CB.embrapaB08","Genetic gain, common bean: Embrapa direct estimate replaced by mixed-model indirect (B08)","common bean","sensitivity","rma.mv REML",8,4,0.3639,-0.0615,0.7893,-0.6069,1.3347,0.1362,78.9155,43.537,0,"% of mean yield per year","t","Embrapa 1993-2008: direct 1.34 vs 0.45 %/yr by method (de Faria 2018 Table 3); shows method dependence."
"MA1.CB.exB02","Genetic gain, common bean: excluding IAC 1997-2007 (null window after change of breeding goals)","common bean","sensitivity","rma.mv REML",7,4,0.7167,0.2466,1.1869,-0.1622,1.5957,0.0921,59.7725,9.5539,0.1447,"% of mean yield per year","t",""
"MA1.CB.imputedA","Genetic gain, common bean: + B17 with imputed SE (rule A = 0.25)","common bean","sensitivity","rma.mv REML",9,5,0.9045,0.0306,1.7784,-1.2939,3.1029,0.7653,95.5082,122.2197,0,"% of mean yield per year","t","B17 = post-1988 segment slope of a bi-segmented model (upward bias); SE imputed."
"MA1.CB.imputedB","Genetic gain, common bean: + B17 with imputed SE (rule B = 0.42)","common bean","sensitivity","rma.mv REML",9,5,0.8396,0.0504,1.6288,-1.1561,2.8353,0.6319,94.2743,77.2273,0,"% of mean yield per year","t","B17 = post-1988 segment slope of a bi-segmented model (upward bias); SE imputed."
"MA1.OC.primary","Genetic gain, other crops (SSA maize and rice): REML-KH","other crops","primary","rma REML, test=knha (one primary row per programme -> independent)",4,4,1.122,-0.251,2.4949,-1.7989,4.0428,0.6562,94.7592,42.3814,0,"% of mean yield per year","Knapp-Hartung t (df=k-1)","Primary rows: Zimbabwe national maize AVT (M02), CIMMYT ESA early hybrids random stress (M10), Uganda NPT maize (A01), AfricaRice irrigated lowland (M14). Maize dominates (3/4)."
"MA1.OC.maizeOnly","Genetic gain, SSA maize only","other crops","sensitivity","rma REML-KH",3,3,1.4358,-0.171,3.0427,-1.4848,4.3565,0.3213,88.2925,11.5128,0.0032,"% of mean yield per year","Knapp-Hartung t",""
"MA1.OC.imputedA","Genetic gain, other crops: + A06 with imputed SE (rule A = 0.25)","other crops","sensitivity","rma REML-KH",5,5,1.1504,0.2219,2.0789,-0.9823,3.2831,0.4782,92.3868,44.6037,0,"% of mean yield per year","Knapp-Hartung t",""
"MA1.OC.imputedB","Genetic gain, other crops: + A06 with imputed SE (rule B = 0.42)","other crops","sensitivity","rma REML-KH",5,5,1.1457,0.2008,2.0907,-1.0275,3.319,0.4968,91.754,43.1982,0,"% of mean yield per year","Knapp-Hartung t",""
"MA1.OC.allrows","Genetic gain, other crops: ALL rows with SE (incl. non-primary sub-analyses), three-level","other crops","sensitivity","rma.mv REML, random=~1|programme/effect",19,5,1.0875,0.4432,1.7318,-0.4817,2.6567,0.4638,93.2752,242.6564,0,"% of mean yield per year","t","Sub-rows overlap (e.g. IVT/AVT, management regimes); weights are not independent. Includes low-quality Michael 2020 rows."
"MA1.LG.primary","Genetic gain, other grain legumes (primary rows: soybean Brazil L01 only; no SE)","other grain legumes","descriptive","median (range) -- NOT pooled",1,1,2.4,2.4,2.4,NA,NA,NA,NA,NA,NA,"% of mean yield per year","none: estimate=median, ci_lb/ci_ub=min/max","k<3 usable pooled effects or no variances -> descriptive only. Only 1 usable primary effect (soybean South Brazil 1965-2011, 2.4 %/yr, no SE). SSA legume papers (cowpea, chickpea, lentil, Uganda beans) could not be obtained as legal full text."
"MA1.LG.sens_all","Genetic gain, other grain legumes: soybean L01 + ICRISAT groundnut rows L02-L06 (no SE)","other grain legumes","descriptive","median (range) -- NOT pooled",6,2,1.0265,-0.172,3.395,NA,NA,NA,NA,NA,NA,"% of mean yield per year","none: estimate=median, ci_lb/ci_ub=min/max","k<3 usable pooled effects or no variances -> descriptive only. Groundnut rows are five trials of one ICRISAT programme (India), outside SSA/LatAm. Median across 6 rows shown."
"MA1.LG.sens_imputedA","Genetic gain, other grain legumes: L01 + groundnut with imputed SE (rule A = 0.25), three-level","other grain legumes","sensitivity","rma.mv REML (all SEs imputed)",6,2,1.3568,-0.0508,2.7645,-2.3129,5.0265,1.7381,96.6089,147.4465,0,"% of mean yield per year","t (df=k-1)","ALL SEs imputed and only 2 independent programmes -> indicative only; do not use as a parameter."
"MA1.MOD","Genetic gain: moderator test, other crops minus common bean (primary SE-bearing rows)","common bean vs other crops","sensitivity","rma.mv REML, mods=~stratum",12,8,0.5704,-0.3578,1.4986,NA,NA,0.3754,NA,1.8751,0.2009,"difference in % of mean yield per year","t","Estimate = other crops - common bean; Q column = omnibus QM test of the moderator, Q_p its p-value."
"MA2.primary","Phenotyping accuracy: tool-vs-manual correlation, three-level REML on Fisher z (back-transformed r)","all crops/traits","primary","rma.mv REML on Fisher z, random=~1|study/effect, v=1/(n-3)",19,14,0.8569,0.7263,0.9278,-0.1092,0.9905,0.409,99.2718,2589.0439,0,"Pearson-equivalent r (Spearman rho and sqrt(R2) treated as r)","t (df=k-1), back-transformed","Primary = analysis_set 'primary' with known n. Mix of Pearson, Spearman, sqrt(R2) (sign assumed positive); reference standards differ (ruler, manual count, visual score). I2 on the z scale."
"MA2.naive","Phenotyping accuracy: two-level REML-KH on rows (ignores dependence)","all crops/traits","sensitivity","rma REML, test=knha",19,14,0.8313,0.7093,0.9049,-0.1577,0.9877,0.3924,99.2411,2589.0439,0,"r","Knapp-Hartung t",""
"MA2.studylevel","Phenotyping accuracy: one effect per study (FE-pooled within study), REML-KH","all crops/traits","sensitivity","rma REML-KH on study-level z",14,14,0.8593,0.7273,0.93,-0.1175,0.991,0.3962,99.455,2570.1452,0,"r","Knapp-Hartung t (df=13)",""
"MA2.legume","Accuracy: legumes (bean, soybean, faba)","subgroup","sensitivity","rma.mv REML",7,6,0.8302,0.4984,0.9499,-0.4382,0.9933,0.3908,98.74,419.4798,0,"r","t",""
"MA2.nonlegume","Accuracy: non-legumes (wheat, maize)","subgroup","sensitivity","rma.mv REML",12,8,0.8752,0.689,0.953,-0.1898,0.994,0.4405,99.222,1824.6302,0,"r","t",""
"MA2.MOD.legume","Accuracy: moderator test legume vs non-legume (difference in Fisher z, non-legume - legume)","subgroup","sensitivity","rma.mv REML, mods=~legume",19,14,0.1842,-0.5712,0.9396,NA,NA,0.4328,NA,0.2647,0.6135,"difference in Fisher z","t","Q = QM omnibus, Q_p its p-value."
"MA2.trait.plant_count","Accuracy: trait = plant count","subgroup","sensitivity","rma.mv REML",8,4,0.8479,0.689,0.929,0.2646,0.977,0.1419,88.4929,47.8827,0,"r","t",""
"MA2.trait.height","Accuracy: trait = height","subgroup","sensitivity","rma REML-KH",4,4,0.9502,0.7664,0.9902,0.0031,0.9987,0.2643,99.5085,1100.7088,0,"r","t",""
"MA2.trait.disease_severity","Accuracy: trait = disease severity","subgroup","sensitivity","rma REML-KH",3,3,0.6831,-0.2867,0.9615,-0.892,0.996,0.2086,98.3979,210.7681,0,"r","t",""
"MA2.trait.seed_size","Accuracy: trait = seed size","subgroup","descriptive","median (range) -- NOT pooled",2,1,0.2275,0.1924,0.2627,NA,NA,NA,NA,NA,NA,"r","none: estimate=median, ci_lb/ci_ub=min/max","k<3 usable pooled effects or no variances -> descriptive only. fewer than 3 independent studies. "
"MA2.tool.smartphone","Accuracy: tool class matching 'smartphone'","subgroup","sensitivity","rma.mv REML",4,3,0.9064,-0.4995,0.9984,-0.9888,1,1.2401,99.32,380.0384,0,"r","t",""
"MA2.tool.UAV-RGB","Accuracy: tool class matching 'UAV-RGB'","subgroup","sensitivity","rma REML-KH",5,5,0.8821,0.5838,0.9706,-0.3487,0.9962,0.3302,99.5292,1254.1329,0,"r","t",""
"MA2.tool.camera","Accuracy: tool class matching 'camera'","subgroup","sensitivity","rma.mv REML",8,4,0.821,0.6591,0.9102,0.2681,0.9671,0.1158,88.9639,33.6564,0,"r","t",""
"MA2.beanonly_imputed","Accuracy: common/dry bean only (Volpato, Parrella, Lasdun); missing n imputed = 30","common bean","sensitivity","rma.mv REML",14,6,0.812,0.5034,0.9369,-0.4662,0.9922,0.5031,98.0703,485.5307,0,"r","t","Lasdun 2024 reports no n (7 stand-count r values); n=30 assumed. Volpato is a preprint. 3 studies only: indicative."
"MA2.imputed_n30","Accuracy: primary + 'primary_no_n' rows (n imputed = 30)","all crops/traits","sensitivity","rma.mv REML",27,15,0.8548,0.7386,0.9217,-0.0979,0.99,0.4202,99.0212,2671.5091,0,"r","t","Adds Lasdun (7 rows) and Volpato height; n imputed where missing."
"MA2.imputed_n90","Accuracy: primary + 'primary_no_n' rows (n imputed = 90)","all crops/traits","sensitivity","rma.mv REML",27,15,0.8537,0.7374,0.9209,-0.1137,0.9901,0.4283,99.1182,2854.6543,0,"r","t","Adds Lasdun (7 rows) and Volpato height; n imputed where missing."
"MA2.nopreprint","Accuracy: peer-reviewed studies only (preprints removed)","all crops/traits","sensitivity","rma.mv REML",14,10,0.8854,0.7887,0.9393,0.2869,0.9867,0.238,98.2554,232.0893,0,"r","t","Removed: Volpato 2023, Zang 2022, Karisto 2017, Gijare 2026 (Crossref type posted-content)."
"MA2.pearsononly","Accuracy: Pearson r rows only (no Spearman, no sqrt(R2))","all crops/traits","sensitivity","rma.mv REML",10,7,0.8357,0.6778,0.9199,0.1346,0.9792,0.1958,95.8068,111.1534,0,"r","t",""
"MA2.egger","Accuracy: small-study effects, Egger-type regression test (study level)","all crops/traits","sensitivity","regtest(model='lm', predictor='sei')",14,14,0.9186,NA,NA,NA,NA,NA,NA,NA,0.4674,"r at se->0 (regression limit estimate); p of the asymmetry test in Q_p column","-","Egger-type test z=-0.75, p=0.467, k=14 studies (low power; no evidence of asymmetry). Estimate column = limit estimate as se->0, back-transformed."
"MA2.ranktest","Accuracy: small-study effects, Begg rank correlation (study level)","all crops/traits","sensitivity","ranktest",14,14,0.3626,NA,NA,NA,NA,NA,NA,NA,0.0795,"Kendall tau; p in Q_p column","-",""
"MA2.trimfill","Accuracy: trim-and-fill adjusted pooled r (study level, R0 estimator)","all crops/traits","sensitivity","trimfill",14,14,0.8593,0.7273,0.93,NA,NA,0.3962,99.455,2570.1452,0,"r","t/z","0 studies imputed on the right side. Trim-and-fill is exploratory; extreme heterogeneity invalidates its assumptions."
"MA2.manualrel","Manual-scoring reliability (rater-vs-rater or rater-vs-measured truth), RE on Fisher z","context","primary","rma REML-KH, 3 studies",3,3,0.9021,0.5569,0.9816,-0.1679,0.9962,0.1081,92.3127,28.8089,0,"r","Knapp-Hartung t (df=2)","Studies: Librelon 2015 (bean angular leaf spot; 7 rows averaged), Dobbels 2019 (soybean IDC inter-rater), Volpato 2023 preprint (human annotation vs field count). k=3: indicative. Bock 2021 benchmark (full text read): trained raters/standard area diagrams Lin's rho_c 0.85-0.95; inexperienced <=0.60."
"MA2.ER.T1","Implied error-variance reduction vs manual, translation T1","translation","sensitivity","Monte-Carlo over pooled r(tool) and pooled r(manual reliability), 1e5 draws",NA,NA,-0.4257,-2.5352,0.4202,NA,NA,NA,NA,NA,NA,"fraction of plot error variance","2.5-97.5% of MC draws","P(ER>0)=0.22, P(ER>=0.10)=0.16, share of draws infeasible (r > rho_manual) and discarded = 0.00. T1: reference treated as error-free -> tool error share = 1 - r^2 (pessimistic for tools)."
"MA2.ER.T2","Implied error-variance reduction vs manual, translation T2","translation","sensitivity","Monte-Carlo over pooled r(tool) and pooled r(manual reliability), 1e5 draws",NA,NA,0.2386,-2.0262,0.9623,NA,NA,NA,NA,NA,NA,"fraction of plot error variance","2.5-97.5% of MC draws","P(ER>0)=0.62, P(ER>=0.10)=0.57, share of draws infeasible (r > rho_manual) and discarded = 0.22. T2: reference manual with reliability from MA2.manualrel, independent errors (central)."
"MA2.manualrel.validity","Manual-scoring validity coefficient after converting rater-vs-rater r (sqrt) and R2 (fourth root), RE on Fisher z","context","sensitivity","rma REML-KH, 3 studies",3,3,0.9483,0.7584,0.9898,0.2211,0.9978,0.1,91.7416,28.1824,0,"r (correlation with the true value)","Knapp-Hartung t (df=2)","Same studies as MA2.manualrel; each row converted to a correlation with the true value: rater-vs-truth r kept, rater-vs-rater r -> sqrt(r), rater-vs-rater R2 -> R2^(1/4). Assumes parallel raters with independent errors; intra-rater repeatability also contains persistent rater bias, so it overstates validity."
"MA2.manualrel.truthonly","Manual-scoring correlation with a digital measure of the truth (rater-vs-truth rows only, one study)","context","descriptive","median (range) -- NOT pooled",4,1,0.9327,0.911,0.9539,NA,NA,NA,NA,NA,NA,"r","none: estimate=median, ci_lb/ci_ub=min/max","k<3 usable pooled effects or no variances -> descriptive only. Librelon 2015 only (4 rows: rater experience x diagrammatic scale); no pooling possible."
"MA2.ER.T2v","Implied error-variance reduction vs manual, translation T2 with the validity coefficient of manual scoring","translation","sensitivity","Monte-Carlo over pooled r(tool) and pooled manual validity, 1e5 draws",NA,NA,-0.8511,-4.9063,0.7835,NA,NA,NA,NA,NA,NA,"fraction of plot error variance","2.5-97.5% of MC draws","P(ER>0)=0.22, P(ER>=0.10)=0.19, share of draws infeasible (r > rho_manual) and discarded = 0.02. Break-even manual validity is sqrt(r_pool)."
"MA2.ER.h2","Error-to-signal ratio (image/manual) from heritability pairs; reported as error reduction = 1 - ratio","translation","sensitivity","unweighted RE on log ratio (no variances reported; nominal v=1e-8)",4,4,-0.3654,-4.4694,0.6591,-29.401,0.9387,0.7606,NA,NA,NA,"fraction (positive = image tool has LESS error per unit signal)","Knapp-Hartung t (df=3); PI/CI limits flipped by transform","Studies: Zang 2023 (wheat height, UAV), Makanza 2018 (maize senescence, UAV), Gijare 2026 preprint (soybean seed area, two environments averaged), Gage 2018 (maize tassel, image traits from 1 env vs manual 3 env). Burner 2025 excluded (proxy index). Median study ratio shown separately."
"MA2.ER.h2.median","Error reduction from H2 pairs: median across 4 studies (range)","translation","descriptive","median (range) -- NOT pooled",4,4,0.1099,-4.0506,0.1314,NA,NA,NA,NA,NA,NA,"fraction","none: estimate=median, ci_lb/ci_ub=min/max","k<3 usable pooled effects or no variances -> descriptive only. Median is the robust summary because Gage 2018 is a large negative outlier (image traits from one environment)."
"MA3.time.primary","Time reduction, digital vs manual: class A (author-measured/reported both rates), all settings","time savings","primary","unweighted RE (REML) on log(new/baseline), nominal v=1e-8 (no variances reported)",10,7,94.5466,87.1545,97.6848,6.5184,99.6819,1.4344,NA,NA,NA,"% reduction in time (1 - new/baseline)","Knapp-Hartung t on log scale, back-transformed","Unweighted: no study reports a variance for a time ratio, so the REML weights are equal and the CI reflects between-unit spread only. Units = paper x tool; E14 (Komyshev seed counting, no numeric manual baseline, 'no saving') excluded here and added back as ratio=1 in a sensitivity analysis."
"MA3.time.primary.median","Time reduction: class A units, median (range)","time savings","descriptive","median (range) -- NOT pooled",10,7,96.3918,50,98.0957,NA,NA,NA,NA,NA,NA,"% time reduction","none: estimate=median, ci_lb/ci_ub=min/max","k<3 usable pooled effects or no variances -> descriptive only. Median of unit-level percentage reductions; gives the robust central value because the log-mean is dominated by lab seed-counting ratios of 0.01-0.07."
"MA3.time.paperlevel","Time reduction: class A, one estimate per paper","time savings","sensitivity","unweighted RE (REML) on log(new/baseline), nominal v=1e-8 (no variances reported)",7,7,95.4568,90.7969,97.7572,66.5428,99.3831,0.5826,NA,NA,NA,"% reduction in time (1 - new/baseline)","Knapp-Hartung t on log scale, back-transformed","Unweighted: no study reports a variance for a time ratio, so the REML weights are equal and the CI reflects between-unit spread only. k = number of papers."
"MA3.time.field","Time reduction: class A, field-plot data capture only","time savings","sensitivity","unweighted RE (REML) on log(new/baseline), nominal v=1e-8 (no variances reported)",5,4,93.9212,74.9127,98.5271,-95.7979,99.8113,1.3034,NA,NA,NA,"% reduction in time (1 - new/baseline)","Knapp-Hartung t on log scale, back-transformed","Unweighted: no study reports a variance for a time ratio, so the REML weights are equal and the CI reflects between-unit spread only. "
"MA3.time.lab","Time reduction: class A, lab/sample-level image analysis (seed counting, scoring images)","time savings","sensitivity","unweighted RE (REML) on log(new/baseline), nominal v=1e-8 (no variances reported)",5,3,95.1077,72.9764,99.1143,-221.8078,99.9256,1.8945,NA,NA,NA,"% reduction in time (1 - new/baseline)","Knapp-Hartung t on log scale, back-transformed","Unweighted: no study reports a variance for a time ratio, so the REML weights are equal and the CI reflects between-unit spread only. "
"MA3.time.handheld","Time reduction: class A, smartphone/handheld platforms (field + lab)","time savings","sensitivity","unweighted RE (REML) on log(new/baseline), nominal v=1e-8 (no variances reported)",6,4,92.9331,64.9657,98.5745,-388.3405,99.8977,2.3271,NA,NA,NA,"% reduction in time (1 - new/baseline)","Knapp-Hartung t on log scale, back-transformed","Unweighted: no study reports a variance for a time ratio, so the REML weights are equal and the CI reflects between-unit spread only. "
"MA3.time.vehicle","Time reduction: class A, vehicle/UAV/robot platforms","time savings","sensitivity","unweighted RE (REML) on log(new/baseline), nominal v=1e-8 (no variances reported)",4,4,96.3032,94.0615,97.6987,89.331,98.7191,0.0887,NA,NA,NA,"% reduction in time (1 - new/baseline)","Knapp-Hartung t on log scale, back-transformed","Unweighted: no study reports a variance for a time ratio, so the REML weights are equal and the CI reflects between-unit spread only. "
"MA3.time.fieldhandheld","Time reduction: class A, field-plot AND smartphone/handheld (closest to the modeled tool)","time savings","descriptive","median (range) -- NOT pooled",1,1,55.5556,55.5556,55.5556,NA,NA,NA,NA,NA,NA,"% time reduction","none: estimate=median, ci_lb/ci_ub=min/max","k<3 usable pooled effects or no variances -> descriptive only. k<3 units. Only Walter 2019 hand-held camera (class A). With the Lasdun 2024 row (class C) see MA3.time.fieldhandheld_withC."
"MA3.time.ABC","Time reduction: classes A+B+C (adds Lasdun E01 derived, Tattaris assumption, Reynolds model)","time savings","sensitivity","unweighted RE (REML) on log(new/baseline), nominal v=1e-8 (no variances reported)",13,10,90.7734,75.0642,96.586,-280.7331,99.7764,2.7068,NA,NA,NA,"% reduction in time (1 - new/baseline)","Knapp-Hartung t on log scale, back-transformed","Unweighted: no study reports a variance for a time ratio, so the REML weights are equal and the CI reflects between-unit spread only. B/C rows rest on derived or assumed baselines."
"MA3.time.fieldhandheld_withC","Time reduction: field-plot smartphone/handheld incl. Lasdun E01 (class C)","time savings","descriptive","median (range) -- NOT pooled",2,2,67.3611,55.5556,79.1667,NA,NA,NA,NA,NA,NA,"% time reduction","none: estimate=median, ci_lb/ci_ub=min/max","k<3 usable pooled effects or no variances -> descriptive only. k<3 units. Walter 2019 hand-held (capture only) and Lasdun 2024 (derived baseline). k = 2 -> descriptive."
"MA3.time.walter_total","Time reduction: class A with Walter hand-held replaced by total time incl. image analysis (E04b)","time savings","sensitivity","unweighted RE (REML) on log(new/baseline), nominal v=1e-8 (no variances reported)",10,7,94.3664,86.09,97.7184,-12.9039,99.7189,1.5965,NA,NA,NA,"% reduction in time (1 - new/baseline)","Knapp-Hartung t on log scale, back-transformed","Unweighted: no study reports a variance for a time ratio, so the REML weights are equal and the CI reflects between-unit spread only. Capture 55.6% falls to 38.5% once ~10 min operator image analysis per trial is counted."
"MA3.time.plusnull","Time reduction: class A + Komyshev seed-counting null result (ratio set to 1)","time savings","sensitivity","unweighted RE (REML) on log(new/baseline), nominal v=1e-8 (no variances reported)",11,7,92.8958,81.3665,97.2915,-100.5445,99.7483,2.0602,NA,NA,NA,"% reduction in time (1 - new/baseline)","Knapp-Hartung t on log scale, back-transformed","Unweighted: no study reports a variance for a time ratio, so the REML weights are equal and the CI reflects between-unit spread only. E14: authors state manual counting of ~50 grains 'may be a little less' time than the app; ratio assumed 1.0 (no saving)."
"MA3.cost.descriptive","Cost reduction (imaging cost per plot / total experiment cost), Reynolds 2019 cost model: E21 (-70%), E22 (0%), E23 (-7%)","cost","descriptive","median (range) -- NOT pooled",3,1,7.1,0,70.4,NA,NA,NA,NA,NA,NA,"% cost reduction","none: estimate=median, ci_lb/ci_ub=min/max","k<3 usable pooled effects or no variances -> descriptive only. All three rows come from ONE modelled study (Reynolds 2019, high-income infrastructure costs; UAV vs ground vehicle / hand-held), none is manual vs digital in an African breeding programme. k_papers = 1: NOT poolable."
"MA3.cost.share_nonhandling","Share of total experiment cost that is NOT plot handling (E24, Reynolds 2019)","cost","descriptive","median (range) -- NOT pooled",3,1,30,25,36.3,NA,NA,NA,NA,NA,NA,"% of total cost","none: estimate=median, ci_lb/ci_ub=min/max","k<3 usable pooled effects or no variances -> descriptive only. Reported range 25-36.3% (central ~30%), = upper bound on any saving from digital data capture alone in that cost structure."
"MA3.cost.plot_benchmark","Baseline cost per plot: Juliana 2018 assumption (E26, USD 10) vs Reynolds 2019 plot handling (E25, USD 30-50 high-income)","cost","descriptive","median (range) -- NOT pooled",4,2,35,10,50,NA,NA,NA,NA,NA,NA,"USD per plot","none: estimate=median, ci_lb/ci_ub=min/max","k<3 usable pooled effects or no variances -> descriptive only. Not an effect size. USD 10 is an unreferenced wheat-nursery assumption; Das 2025 gives East African maize per-row minimum costs (USD 5.73 evaluation, 9.35 germplasm)."
"MA3.cost.implied_handheld","Implied reduction in TOTAL cost per plot = data-capture share x time reduction (smartphone/handheld, field)","cost","descriptive","bounding arithmetic (not a pooled estimate)",6,NA,0.2022,0.139,0.2875,NA,NA,NA,NA,NA,NA,"fraction of total plot cost","min/max over share {0.25,0.30,0.363} x time reduction {0.556,0.792}","Assumes plot handling (land, planting, harvest; 65-77% of cost in Reynolds 2019) is unchanged and the whole non-handling share falls in proportion to time. Reynolds' share is for high-income field infrastructure and an imaging baseline: East African bean plots are unmeasured. With the pooled all-platform time reduction (94.5%) the range is 24-34%."
