effect_id,doi,first_author_crossref,year_crossref,container_title_crossref,crop,region,digital_method,comparator,outcome,baseline_value,baseline_unit,new_value,new_unit,pct_reduction,pct_low,pct_high,n,evidence_class,scope_of_time_or_cost,location,notes,fulltext_markdown_file,crossref_verified
E01,10.1016/j.agsy.2024.104054,Lasdun,2024,Agricultural Systems,common bean,Colombia (Cali) & Tanzania,mobile-phone CV phenotyping + low-cost companion device (4 m x 3 m breeding plot),"traditional visual estimation (derived from ""an order of magnitude"" statement)",time per plot (full phenotyping of a breeding plot),144,s/plot (derived: 24 min/plot divided by ~10),30,"s/plot (upper bound, ""less than 30 s"")",79.2,58.3,89.6,,C,capture + trait extraction as reported (not defined),"Sect. 4.1.2 ""Throughput efficiency and reduced labor"" (printed p.5-6); Abstract (p.1) says ""under a minute""","Text: initial manual SOPs needed 12 person-hours for 30 plots, ""an order of magnitude more than traditional visual estimations""; with the companion device a 4x3 m plot takes <30 s, ""exceeding manual visual methods"". Visual time derived by the authors as 24 min/10 = 2.4 min/plot (approximate; lo/hi = sensitivity to the order-of-magnitude factor 20x/5x, NOT a CI). Abstract states ""<1 min"" while body states ""<30 s"". Closest peer-reviewed support for the >=70% the tool/Bruno claim; no verbatim "">=70%"" statement found.",Lasdun2024_Participatory.md,TRUE
E02,10.1016/j.agsy.2024.104054,Lasdun,2024,Agricultural Systems,common bean,Colombia & Tanzania,mobile-phone CV phenotyping + companion device,"initial phone-imaging SOP (digital, first version)",time per plot (full phenotyping of a breeding plot),1440,s/plot (12 person-h / 30 plots),30,s/plot (upper bound),97.9,,,30,D,as reported,Sect. 4.1.2 (printed p.5-6),"Computed from 12 person-hours per 30 plots = 24 min/plot vs <30 s/plot. Comparator is the project's own first digital SOP, not manual phenotyping; shows the first version was ~10x SLOWER than visual scoring (E03).",Lasdun2024_Participatory.md,TRUE
E03,10.1016/j.agsy.2024.104054,Lasdun,2024,Agricultural Systems,common bean,Colombia & Tanzania,initial phone-imaging SOP (v1),traditional visual estimation,time per plot,144,s/plot (derived),1440,s/plot,-900,,,30,C,as reported,Sect. 4.1.2,"""an order of magnitude more than traditional visual estimations"" => ~ +900% time (approximate). Digital tools can be slower than manual scoring unless workflow is engineered; relevant to the modeled tool cost-reduction lower bound.",Lasdun2024_Participatory.md,TRUE
E04,10.3389/fpls.2019.00449,Walter,2019,Frontiers in Plant Science,wheat,"South Australia (Roseworthy, Turretfield; Australian Grain Technologies breeding programme)",hand-held RGB camera + batch image analysis (FiJi) of colour-based traits,visual scoring in the field (trials A-E),in-field time per plot (capture only),9,s/plot (400 plots/h),4,s/plot (900 plots/h),55.6,,,1954,A,capture only; + ~10 min image analysis per trial; computer time 0.02-0.12 s/image,"Results p.5 (900 plots/h, 10 min analysis/trial) and p.6 (visual: one score every ~9 s = 400 plots/h); Discussion p.9 (""approximately half the time of visual scoring"")","n = 1,954 plots in 5 field trials A-E (432+432+240+648+202, Table 1). Authors from the breeding company AGT (conflict-of-interest statement). Digital H2 higher than visual in 4/5 trials (e.g. 0.74 vs 0.46) so speed gain did not cost reliability.",Walter2019_High.md,TRUE
E04b,10.3389/fpls.2019.00449,Walter,2019,Frontiers in Plant Science,wheat,South Australia (AGT breeding programme),hand-held RGB camera + batch image analysis (FiJi),visual scoring in the field (trials A-E),total time for trials A-E (capture + operator analysis),293.1,"min (1,954 plots x 9 s)",180.3,"min (1,954 plots x 4 s = 130.3 min + 5 trials x ~10 min analysis)",38.5,,,1954,C,capture + operator image analysis,Computed from Results p.5-6 and Table 1 (p.2-3),"Derived by the authors from reported rates (4 s vs 9 s per plot; ~10 min analysis per trial) and plot counts; even without high-throughput infrastructure digital imaging ""can save time"" (Discussion p.9). Savings shrink to ~39% once operator analysis time is included.",Walter2019_High.md,TRUE
E05,10.3389/fpls.2019.00449,Walter,2019,Frontiers in Plant Science,wheat,South Australia (Winulta trial; AGT breeding programme),"tractor-mounted high-throughput imaging boom (HIB) + batch analysis, canopy cover",visual canopy-cover scoring (rate transferred from other traits in same study),time per plot (capture),9,s/plot (~400 plots/h expected),0.49,"s/plot (7,400 plots/h)",94.6,,,9600,A,"capture only; image analysis ~10 min for the 9,600-plot trial","Results p.6 (HIB 7,400 plots/h; 9,600-plot trial imaged in 80 min; visual ~400 plots/h ""would be expected""); Discussion p.10","Visual baseline for canopy cover was not measured on trial F; it is assumed from the visual scoring rate of other traits. Same paper cites Khan et al. 2018: UAV 1,200 plots/h vs mobile ground platform 120 plots/h (secondary, not used).",Walter2019_High.md,TRUE
E06,10.1038/srep42839,Tanger,2017,Scientific Reports,rice,Philippines (IRRI),"tractor-based field HTP platform (NDVI, NDRE, canopy temperature, height sensors)",manual plant height by two experienced professionals,throughput / time per plot,80,"s/plot (45 plots/h, elapsed; 160 s person-time with 2 people)",1.2,"s/plot (3,000 plots/h, one tractor driver)",98.5,,,1568,A,capture only,"Results p.2 (Manual phenotyping ... ~45 plots per hour; HTP 3000 plots/h); Methods (tractor speed 1.0 kph, ~3000 plots/h)","n = 1,568 entries (1,516 RILs), 3 cohorts, 4,500+ plots per HTP pass. On person-time basis reduction is 99.3%. Manual rate quoted for the simplest trait (height).",Tanger2017_Field.md,TRUE
E07,10.1038/srep42839,Tanger,2017,Scientific Reports,rice,Philippines (IRRI),"tractor-based field HTP platform (11 sampling dates, 5 HTP traits)","manual plant height, one pass over all plots",total labour hours for the study,200,"h (single manual height pass, all plots)",18,"h (11 HTP sampling dates, tractor driver)",91.0,,,1568,A,capture only; excludes data processing,"Results p.2; Discussion p.3 (""4500 plots in a 1.5 ha trial with one pass ... in under two hours"")","Conservative: manual 200 h covers ONE trait at ONE time, HTP 18 h covers 11 time points and ~15 measured points/plot vs 3 plants/plot manual (authors: ""significant savings in time and labor for substantially more data"").",Tanger2017_Field.md,TRUE
E08,10.1038/s42003-025-07890-7,DeBruin,2025,Communications Biology,maize,USA and Canada (142 research fields; ear height from 5 locations),TerraSentia autonomous under-canopy robot (ear height),manual ruler measurement (author-estimated labour),labour hours for ear-height data,150,h (estimated manual),20,h (in-field robot collection),86.7,,,4826,A,in-field collection only,"Results and discussion, Case study I (p.3)","Manual rate 1-2 min per experimental unit. Manual hours are author ESTIMATES (counterfactual), robot hours measured. Authors hold stock in the robot company (competing interests).",DeBruin2025_Breaking.md,TRUE
E09,10.1038/s42003-025-07890-7,DeBruin,2025,Communications Biology,maize,USA and Canada,"TerraSentia robot multi-sensor (stem diameter, LAI, plant height)",manual leaf-area-meter + ruler + calipers (30 min per experimental unit),labour hours for 3 traits on 384 experimental units,192,"h (estimated manual, 30 min/EU)",1.6,h (single person with robot; 250 EUs/h),99.2,,,384,A,in-field collection; post-processing not counted,"Results and discussion, Case study II (p.4)",Manual hours estimated by authors.,DeBruin2025_Breaking.md,TRUE
E10,10.1038/s42003-025-07890-7,DeBruin,2025,Communications Biology,maize,USA and Canada,robot-trait model predicting stalk biomass,manual stalk biomass measurement,person-hours for stalk biomass,100,person-h (approx.),4,"h (upper bound, one robot + one person)",96.0,,,,A,in-field collection,"Results and discussion, Case study II (p.5)","Manual 100 person-hours were actually spent (not a counterfactual). Authors: ""25-fold reduction in effort"". Accuracy trade-off: broad-sense H2 0.89 manual vs 0.76 robot-predicted (-14.6%). Directly relevant to the ""faster, not more accurate"" thesis.",DeBruin2025_Breaking.md,TRUE
E11,10.1371/journal.pone.0352433,Mwanje,2026,PLOS One,banana,Uganda (IITA),machine-learning segmentation of corm images (banana weevil damage),expert visual scoring,data capture / scoring time per sample,60,s/sample,1.5,s/sample (1-2 s),97.5,96.7,98.3,370,A,per-image processing time; image acquisition time not stated separately,"Table 8 (Results, cost-benefit comparison; ~p.15-16 of 19) and Discussion (p.17: ""every two seconds compared to 30 seconds for ImageJ and approximately 1 minute for visual"")","370 images from 185 plants, 22 genotypes. lo/hi = range from the reported 1-2 s, not a CI. Cost items: camera 272 USD, computer 600 USD, accessories 50 vs 14 USD for visual (see E26).",Mwanje2026_Digital.md,TRUE
E12,10.1371/journal.pone.0352433,Mwanje,2026,PLOS One,banana,Uganda (IITA),ImageJ semi-automated analysis of corm images,expert visual scoring,data capture / scoring time per sample,60,s/sample,30,s/sample,50.0,,,370,A,per-image processing time,Table 8; Discussion p.17,Manual thresholding; CCC with ML 0.90 vs visual 0.89 (poorer agreement for visual).,Mwanje2026_Digital.md,TRUE
E13,10.3389/fpls.2016.01990,Komyshev,2017,Frontiers in Plant Science,wheat,Russia (Novosibirsk),"SeedCounter Android app (grain length/width/area, 50 grains)",microscope manual measurement,time to measure length and width of 50 grains,50,min (40-60 min),1,min (approx. 1 min),98.0,97.5,98.3,50,A,measurement/processing time per 50 grains,"Discussion, last paragraph before Author Contributions (p.8); processing time 30 s-1 min per image on p.6","Lab/field grain phenotyping of wheat, five varieties; reduction range from 40-60 min baseline.",Komyshev2017_Evaluation.md,TRUE
E14,10.3389/fpls.2016.01990,Komyshev,2017,Frontiers in Plant Science,wheat,Russia,SeedCounter app (counting ~50 grains),manual counting,time to count ~50 grains,<=20-55,"s (manual ""may be a little less"" than app)",37.5,s (app 20-55 s),0,,,50,A,processing time,Discussion (p.8),"No saving for simple counting: manual counting of ~50 grains ""may be a little less"" time. Estimate 0 is a placeholder for ""no gain""; not suitable for pooling.",Komyshev2017_Evaluation.md,TRUE
E15,10.3389/fpls.2025.1659781,Zu,2025,Frontiers in Plant Science,"15 crop/weed species incl. maize, wheat, peanut, alfalfa (seeds)",China (Jilin),"mobile app, deep-learning (YOLOv5) seed counting",manual counting by six counters,time to count 100 seeds,63.7,s (mean of 15 species),0.35,s,99.5,99.3,99.6,15,A,DL: model processing time only (image acquisition excluded); manual: whole count,"Table 4 (p.12-13), Sect. 3.3 (p.8), Sect. 4.2 (p.16)","Means computed by the authors from Table 4 (15 species). lo/hi = min/max across species, not a CI. Lab seed counting, not field plots; accuracy of DL inconsistent for clustered seeds.",Zu2025_Automated.md,TRUE
E16,10.3389/fpls.2025.1659781,Zu,2025,Frontiers in Plant Science,15 crop/weed species,China,"mobile app, image-processing (cloud) seed counting",manual counting,time to count 100 seeds,63.7,s,3.75,s,94.1,90.9,97.2,15,A,IP: upload-to-result time,Table 4 (p.12-13),Computed from Table 4; includes cloud round trip.,Zu2025_Automated.md,TRUE
E17,10.3389/fpls.2025.1659781,Zu,2025,Frontiers in Plant Science,15 crop/weed species,China,"mobile app, deep-learning seed counting",manual counting,time to count 10 seeds,5.0,s,0.33,s,93.4,91.4,95.8,15,A,DL processing only,Table 4 (p.12),"Small batches: saving is smaller (image-processing method only 24% faster at 10 seeds, range -2% to 54%).",Zu2025_Automated.md,TRUE
E18,10.1186/s13007-016-0134-6,Haghighattalab,2016,Plant Methods,wheat,"Mexico (CIMMYT, Cd Obregon)",low-cost UAS (IRIS+ / eBee) RGB-NIR imaging of a 2 ha trial,hand-held ASD spectroradiometer,time per plot (field data acquisition),12.9,s/plot (280 plots in <=1 h solar-noon window),0.34,"s/plot (<20 min flight for ~3,510 plots)",97.3,,,3510,A,"flight time only; excludes orthomosaic generation, georeferencing and plot extraction","Methods, field data measurements (p.4: 280 plots with hand-held spectroradiometer) and image processing (p.9: flights <20 min); Study area (p.3: 1092 lines, 39 trials x 30 entries, 3 replications)","Plot count (3,510 = 39 x 30 x 3) derived by the authors. Handheld baseline is limited by the 1 h around solar noon, i.e. an upper bound on handheld throughput. Image processing is substantial and not counted.",Haghighattalab2016_Application.md,TRUE
E19,10.3389/fpls.2016.01131,Tattaris,2016,Frontiers in Plant Science,wheat,Mexico (CIMMYT),UAV imaging (multispectral/thermal) of a trial,proximal NDVI/CT sensors at 10 s per plot (assumed),time to cover one trial,69,"min (assumed 10 s/plot, ~414 plots)",10,"s (""several seconds"" interpreted as <=10 s)",99.8,99.0,,414,B,acquisition only,Figure 2 caption (p.4),"Illustration, not a measurement: caption says ""Assuming a measurement time of 10 s per plot, ... ~69 min for this trial, compared to several seconds with the UAV"". Plot count derived (4140 s/10 s). Lower bound 99.0% is my conservative reading.",Tattaris2016_Direct.md,TRUE
E20,10.1016/j.plantsci.2018.06.015,Reynolds,2019,Plant Science,generic field microplots (cost model; French/UK/US/German infrastructures),Europe/US (high labour cost),"UAV imaging (4,000 microplots/day)",hand-held ground vehicle (800 microplots/day assumed; text: ~100/h),plots per day (inverse = time per plot),800,microplots/day,4000,microplots/day,80.0,,,,B,imaging throughput only,Sect. 2.4.1 (manuscript lines 353-373) and Table 1,"Modelled/assumed throughputs from infrastructure surveys; accepted-manuscript text (line-numbered), numbers should be checked against the typeset Plant Sci 282:14-22 version.",Reynolds2019_What.md,TRUE
E21,10.1016/j.plantsci.2018.06.015,Reynolds,2019,Plant Science,generic field microplots,Europe/US (high labour cost),"UAV imaging, full-capacity (offer-limited) scenario",hand-held ground vehicle,imaging cost per plot.day per year,0.98,USD per plot.day per year,0.29,USD per plot.day per year,70.4,,,,B,"vehicle+sensor+software+personnel, imaging only",Table 1; Sect. 2.4.1 (lines 359-371),vs automated ground vehicle (1.02): -71.6%. Includes personnel at European labour cost.,Reynolds2019_What.md,TRUE
E22,10.1016/j.plantsci.2018.06.015,Reynolds,2019,Plant Science,generic field microplots,Europe/US,"UAV imaging, demand-limited scenario (4,000 microplots/yr)",hand-held ground vehicle,imaging cost per plot.day per year,0.98,USD per plot.day per year,0.98,USD per plot.day per year,0.0,,,,B,imaging only,Table 1 scenario 2; Sect. 2.4.1 (lines 361-363),When equipment utilisation is low the UAV advantage disappears; vs automated ground vehicle (1.67): -41.3%. Relevant to the tool fixed-cost amortisation under low utilisation.,Reynolds2019_What.md,TRUE
E23,10.1016/j.plantsci.2018.06.015,Reynolds,2019,Plant Science,generic field microplots,Europe/US,"UAV imaging + analysis (typical 1,700-microplot experiment, 10 measurement days)",hand-held ground vehicle,TOTAL experiment cost (plot handling + imaging + analysis + storage),98,kUSD (57.6 USD/plot),91,kUSD (53.5 USD/plot),7.1,,,1700,B,all-in experiment cost,Table 2 (scenario 1); Sect. III (lines 484-496),Choice of imaging vehicle changes TOTAL phenotyping cost by only ~5-7% (scenario 2: UAV 103 vs hand-held 98 kUSD = +5%). Plot handling alone = 68 kUSD (40 USD/plot).,Reynolds2019_What.md,TRUE
E24,10.1016/j.plantsci.2018.06.015,Reynolds,2019,Plant Science,generic field microplots,Europe/US,any image-based data capture + analysis + storage (7 scenario/vehicle combinations),plot handling/management cost,share of total experiment cost that is NOT plot handling,,,,,30.0,25.0,36.3,1700,E,cost structure (computed from Table 2),"Table 2; Sect. III (""plot handling 65-77% of total cost"")","Computed by the authors: (imaging+image analysis+trait analysis+storage)/total = 25.1% (UAV s1) to 36.3% (automated vehicle s2); robotised platform 25.2%. Upper bound on total cost-per-plot saving achievable by digital data capture alone is therefore ~25-36% in this cost structure, i.e. at the LOW end of the tool 30-70% unless the $10/plot figure covers data collection only. UNIT: percent of total cost (not a reduction).",Reynolds2019_What.md,TRUE
E25,10.1016/j.plantsci.2018.06.015,Reynolds,2019,Plant Science,generic field microplots,Europe/US,n/a (baseline cost),n/a,baseline cost: field plot handling per microplot per experiment,40,USD per microplot (range 30-50),,,,30,50,1700,E,"hire of field, plant management, irrigation, harvest",Sect. 2.2 (lines 304-306),"Typical breeding-company value; 68 kUSD for 1,700 microplots. High-income labour/land cost; East African plot costs likely lower. UNIT: USD per plot (baseline).",Reynolds2019_What.md,TRUE
E26,10.1007/s00122-018-3206-3,Juliana,2018,Theoretical and Applied Genetics,wheat,"Mexico (CIMMYT, Ciudad Obregon)",n/a (baseline cost),n/a,baseline cost of one yield-trial plot (assumption),10,USD per yield-trial plot (assumed),,,,,,,E,yield trial plot; genotyping assumed 20 USD/sample,"Discussion, ""Scaling-up selections to larger nurseries"" (p.191)","Statement: ""cost-savings of about 180,000 USD (assuming that the cost of a yield trial plot is 10 USD)"" for skipping GY phenotyping of ~9,000 lines in two stressed environments. An ASSUMED benchmark, not an empirical cost; this is the source of the project's cost_per_plot = 10 USD. Crossref year 2018 (online 19 Oct 2018), vol. 132 (2019). UNIT: USD per plot (baseline).",Juliana2019_Integrating.md,TRUE
E27,10.1371/journal.pone.0352433,Mwanje,2026,PLOS One,banana,Uganda (IITA),camera + computer + accessories for image-based scoring,visual scoring (14 USD consumables),set-up cost,14,USD (visual: accessories/consumables),922,USD (camera 272 + computer 600 + accessories 50),-6486,,,,E,fixed set-up cost,Table 8 (~p.15-16 of 19),"Fixed cost of ~0.9 kUSD for a camera+PC workflow at IITA; below the tool fixed-cost range (3-20 kUSD). Negative sign = cost INCREASE. Per-sample cost rated ""High"" (visual) vs ""Moderate"" (digital) qualitatively only.",Mwanje2026_Digital.md,TRUE
E28,10.1186/1746-4811-10-23,Whan,2014,Plant Methods,wheat (and Brachypodium),Australia (CSIRO),GrainScan (flatbed scanner < 250 AUD + free software),"SeedCount commercial imaging system (~15,000 AUD) - NOT manual",equipment cost,15000,AUD,250,AUD (upper bound),98.3,,,,D,capital cost,"Background (~$AUD15000 for commercial SeedCount-type systems; p.2), Methods (consumer flatbed scanners <$250 AUD), Results (210 s vs 101 s; p.3-4)","Comparator is another digital system. Same paper: image capture 101 s (scanner) vs 210 s (SeedCount), i.e. -51.9% time. Not a manual comparison: exclude from manual-vs-digital pooling.",Whan2014_Grainscan.md,TRUE
