doi,crossref_title,first_author,year,container,verified,fulltext_read,included,exclusion_reason
10.1016/j.agsy.2024.104054,Participatory AI for inclusive crop improvement,Lasdun,2024,Agricultural Systems,True,True,True,
10.3389/fpls.2019.00449,High-Throughput Field Imaging and Basic Image Analysis in a Wheat Breeding Programme,Walter,2019,Frontiers in Plant Science,True,True,True,
10.1038/srep42839,Field-based high throughput phenotyping rapidly identifies genomic regions controlling yield components in rice,Tanger,2017,Scientific Reports,True,True,True,
10.1038/s42003-025-07890-7,Breaking the field phenotyping bottleneck in maize with autonomous robots,DeBruin,2025,Communications Biology,True,True,True,
10.1371/journal.pone.0352433,Digital assessment of banana (Musa spp.) genotype resistance to banana weevil (Cosmopolites sordidus) compared with expert visual assessment,Mwanje,2026,PLOS One,True,True,True,
10.3389/fpls.2016.01990,"Evaluation of the SeedCounter, A Mobile Application for Grain Phenotyping",Komyshev,2017,Frontiers in Plant Science,True,True,True,
10.3389/fpls.2025.1659781,Automated seed counting using image processing and deep learning,Zu,2025,Frontiers in Plant Science,True,True,True,
10.1186/s13007-016-0134-6,Application of unmanned aerial systems for high throughput phenotyping of large wheat breeding nurseries,Haghighattalab,2016,Plant Methods,True,True,True,
10.3389/fpls.2016.01131,A Direct Comparison of Remote Sensing Approaches for High-Throughput Phenotyping in Plant Breeding,Tattaris,2016,Frontiers in Plant Science,True,True,True,
10.1016/j.plantsci.2018.06.015,What is cost-efficient phenotyping? Optimizing costs for different scenarios,Reynolds,2019,Plant Science,True,True,True,
10.1007/s00122-018-3206-3,Integrating genomic-enabled prediction and high-throughput phenotyping in breeding for climate-resilient bread wheat,Juliana,2018,Theoretical and Applied Genetics,True,True,True,
10.1186/1746-4811-10-23,"GrainScan: a low cost, fast method for grain size and colour measurements",Whan,2014,Plant Methods,True,True,True,"comparator is another digital system (SeedCount), cost/time of digital tools only"
10.1186/s13007-015-0069-3,A software tool for the input and management of phenotypic data using personal digital assistants and other mobile devices,Köhl,2015,Plant Methods,True,True,False,PDA/barcode data-entry software; no quantified time or cost comparison
10.1186/s13007-017-0173-7,A real-time phenotyping framework using machine learning for plant stress severity rating in soybean,Naik,2017,Plant Methods,True,True,False,"no time/cost quantification (qualitative ""labor-intensive"")"
10.1038/srep44048,Computer vision and machine learning for robust phenotyping in genome-wide studies,Zhang,2017,Scientific Reports,True,True,False,no time/cost quantification
10.3390/agronomy9050258,High-Throughput Field-Phenotyping Tools for Plant Breeding and Precision Agriculture,Chawade,2019,Agronomy,True,True,False,"review; qualitative only (states labour is the major fraction of phenotyping cost, citing Reynolds 2019)"
10.1186/s42483-020-00049-8,From visual estimates to fully automated sensor-based measurements of plant disease severity: status and challenges for improving accuracy,Bock,2020,Phytopathology Research,True,True,False,"review; qualitative speed/cost comparison (Table 6), no numbers"
10.1186/s13007-020-00686-2,"A simple, cost-effective high-throughput image analysis pipeline improves genomic prediction accuracy for days to maturity in wheat",Shabannejad,2020,Plant Methods,True,True,False,no time/cost quantification
10.3390/rs13081560,Development of a Mobile Platform for Field-Based High-Throughput Wheat Phenotyping,Khak Pour,2021,Remote Sensing,True,True,False,platform development; no manual comparison
10.3389/fpls.2017.02002,High-Throughput Phenotyping of Plant Height: Comparing Unmanned Aerial Vehicles and Ground LiDAR Estimates,Madec,2017,Frontiers in Plant Science,True,True,False,only UAV flight duration (10-15 min x2); no manual time quantified
10.1104/pp.112.205120,<i>SmartGrain</i>                     : High-Throughput Phenotyping Software for Measuring Seed Shape through Image Analysis,Tanabata,2012,Plant Physiology,True,True,False,"no numeric time saving vs manual; software speed only (""a few minutes"" per A4 image)"
10.1186/s13007-015-0078-2,Unmanned aerial platform-based multi-spectral imaging for field phenotyping of maize,Zaman-Allah,2015,Plant Methods,True,True,False,"qualitative (""quick, low cost""); no numbers"
10.3389/fsufs.2025.1545600,Costing of the breeding operations for the national maize programs in Eastern and Southern Africa,Das,2025,Frontiers in Sustainable Food Systems,True,True,False,"costing of ESA maize programs; per-row costs only in figures, no tech comparison; (config cites it as ""Keimpe et al."")"
10.3389/fpls.2025.1553272,More bang for your buck: potential gains through optimizing maize breeding schemes in sub-Saharan Africa,Chaingeni,2025,Frontiers in Plant Science,True,True,False,"relative plot costs only (Table 3, % of reference); no phenotyping-technology comparison; (config cites it as ""Voss-Fels et al."")"
10.1186/s13007-022-00934-7,"Automated, image-based disease measurement for phenotyping resistance to soybean frogeye leaf spot",McDonald,2022,Plant Methods,True,True,False,"automated analysis speed only (<10 s/image, 100 images <15 min); no manual time baseline"
10.1186/s13007-025-01395-4,"OpenPheno: an open-access, user-friendly, and smartphone-based software platform for instant plant phenotyping",Hu,2025,Plant Methods,True,True,False,no quantified time/cost comparison
10.3389/fpls.2021.770217,PocketMaize: An Android-Smartphone Application for Maize Plant Phenotyping,Liu,2021,Frontiers in Plant Science,True,True,False,no quantified time/cost comparison
10.1007/s00122-019-03317-0,Enhancing the rate of genetic gain in public-sector plant breeding programs: lessons from the breeder’s equation,Cobb,2019,Theoretical and Applied Genetics,True,True,False,breeder-equation review; no phenotyping time/cost comparison
10.1186/s13007-018-0289-4,Wheat ear counting in-field conditions: high throughput and low-cost approach using RGB images,Fernandez-Gallego,2018,Plant Methods,True,True,False,no time/cost quantification
10.3390/rs10020330,High-Throughput Phenotyping of Canopy Cover and Senescence in Maize Field Trials Using Aerial Digital Canopy Imaging,Makanza,2018,Remote Sensing,True,True,False,"author assertion only (""many hours/days"" ground scoring vs 10-15 min UAV flights); no measured manual time"
10.1186/s12859-022-04755-2,"GridScore: a tool for accurate, cross-platform phenotypic data collection and visualization",Raubach,2022,BMC Bioinformatics,True,True,False,no quantified time/cost
10.1186/s12859-025-06352-5,Beyond the clipboard: data collection with GridScore NEXT,Raubach,2026,BMC Bioinformatics,True,True,False,"qualitative (""faster"", ""considerable time saving""); no numbers"
10.1186/s13007-020-00625-1,Machine learning for high-throughput field phenotyping and image processing provides insight into the association of above and below-ground traits in cassava (Manihot esculenta Crantz),Selvaraj,2020,Plant Methods,True,True,False,no time/cost comparison vs manual
10.1186/s13007-024-01309-w,AI-powered detection and quantification of post-harvest physiological deterioration (PPD) in cassava using YOLO foundation models and K-means clustering,Ayalde,2024,Plant Methods,True,True,False,no quantified manual time
10.1038/s41598-024-66281-w,Advancing common bean (Phaseolus vulgaris L.) disease detection with YOLO driven deep learning to enhance agricultural AI,Gomez,2024,Scientific Reports,True,True,False,annotation effort only; no manual-vs-digital time
10.1093/g3journal/jkac078,Breedbase: a digital ecosystem for modern plant breeding,Morales,2022,G3 Genes|Genomes|Genetics,True,True,False,software description; no quantified time/cost
10.3389/fpls.2019.01176,DeepCount: In-Field Automatic Quantification of Wheat Spikes Using Simple Linear Iterative Clustering and Deep Convolutional Neural Networks,Sadeghi-Tehran,2019,Frontiers in Plant Science,True,True,False,processing 90-100 s/image only; no manual time
10.1186/s13007-019-0478-9,Soybean iron deficiency chlorosis high-throughput phenotyping using an unmanned aircraft system,Dobbels,2019,Plant Methods,True,True,False,no time/cost quantification
10.1186/s13007-022-00906-x,A comparison of ImageJ and machine learning based image analysis methods to measure cassava bacterial blight disease severity,Elliott,2022,Plant Methods,True,True,False,digital-vs-digital only (ImageJ 6.5 min vs ML 2.5 min per image)
10.3389/fpls.2025.1488760,Plant height measurement using UAV-based aerial RGB and LiDAR images in soybean,Pun Magar,2025,Frontiers in Plant Science,True,True,False,no time/cost quantification
10.3390/s25113535,"UAV-Based LiDAR and Multispectral Imaging for Estimating Dry Bean Plant Height, Lodging and Seed Yield",Panigrahi,2025,Sensors,True,True,False,no time/cost quantification
10.2135/cropsci2013.08.0579,Field Book: An Open‐Source Application for Field Data Collection on Android,Rife,2014,Crop Science,True,False,False,legal full text not obtainable (no PDF via legal_only)
10.21273/horttech.14.3.0402,Using Personal Digital Assistants and Database Forms as Tools for Field Data Collection: Practical Experiences from Research Trials,Villordon,2004,HortTechnology,True,False,False,legal full text not obtainable
10.1016/j.heliyon.2023.e12974,Digitalization of potato breeding program: Improving data collection and management,Dipta,2023,Heliyon,True,False,False,"legal full-text retrieval: ""paywall - requires institutional access"" (twice); candidate EDC time-saving source"
10.17660/actahortic.2019.1232.8,Field Book: use in phenotypic data collection in rose breeding,Lau,2019,Acta Horticulturae,True,False,False,legal full text not obtainable
10.1016/j.tplants.2018.02.001,Translating High-Throughput Phenotyping into Genetic Gain,Araus,2018,Trends in Plant Science,True,False,False,legal full text not obtainable (timeout)
10.1016/j.tplants.2013.09.008,Field high-throughput phenotyping: the new crop breeding frontier,Araus,2014,Trends in Plant Science,True,False,False,legal full text not obtainable
10.1016/j.plantsci.2019.110396,Breeder friendly phenotyping,Reynolds,2020,Plant Science,True,False,False,legal full text not obtainable
10.3390/agronomy4030349,Proximal Remote Sensing Buggies and Potential Applications for Field-Based Phenotyping,Deery,2014,Agronomy,True,False,False,legal full text not obtainable (no PDF found)
10.3390/rs8121031,High Throughput Field Phenotyping of Wheat Plant Height and Growth Rate in Field Plot Trials Using UAV Based Remote Sensing,Holman,2016,Remote Sensing,True,False,False,legal full text not obtainable
10.3390/rs9060544,Digital Counts of Maize Plants by Unmanned Aerial Vehicles (UAVs),Gnädinger,2017,Remote Sensing,True,False,False,legal full text not obtainable
10.3732/apps.1400033,Easy Leaf Area: Automated digital image analysis for rapid and accurate measurement of leaf area,Easlon,2014,Applications in Plant Sciences,True,False,False,legal full text not obtainable
10.2135/cropsci2015.05.0290,Development and Deployment of a Portable Field Phenotyping Platform,Crain,2016,Crop Science,True,False,False,legal full text not obtainable
10.3835/plantgenome2017.05.0043,Combining High‐Throughput Phenotyping and Genomic Information to Increase Prediction and Selection Accuracy in Wheat Breeding,Crain,2018,The Plant Genome,True,False,False,legal full text not obtainable
10.3389/fpls.2017.00421,High-Throughput Phenotyping of Sorghum Plant Height Using an Unmanned Aerial Vehicle and Its Application to Genomic Prediction Modeling,Watanabe,2017,Frontiers in Plant Science,True,False,False,legal full text not obtainable
10.2135/tppj2017.08.0006,Temporal Estimates of Crop Growth in Sorghum and Maize Breeding Enabled by Unmanned Aerial Systems,Pugh,2018,The Plant Phenome Journal,True,False,False,legal full text not obtainable
10.34133/plantphenomics.0265,Phenotyping of Panicle Number and Shape in Rice Breeding Materials Based on Unmanned Aerial Vehicle Imagery,Lu,2024,Plant Phenomics,True,False,False,legal full text not obtainable
10.3923/ijpbg.2017.19.24,Phenotyping a Tomato Breeding Population by Manual Field Evaluation and Digital Imaging Analysis,Daniel,2016,International Journal of Plant Breeding and Genetics,True,False,False,legal full text not obtainable
10.1111/pbr.70056,"Advancing Crop Breeding Through Phenotyping: A Review of Methods, Applications and Low‐Cost Solutions",Nahakpam,2025,Plant Breeding,True,False,False,paywall - requires institutional access
10.1002/ppj2.20058,Unmanned aerial system‐based high‐throughput phenotyping for plant breeding,Bhandari,2023,The Plant Phenome Journal,True,False,False,publisher site timeout; legal full text not obtainable
10.1016/j.compag.2019.104965,Unmanned aerial system and satellite-based high resolution imagery for high-throughput phenotyping in dry bean,Sankaran,2019,Computers and Electronics in Agriculture,True,False,False,legal full text not obtainable
10.34133/plantphenomics.0278,"Drone-Based Digital Phenotyping to Evaluating Relative Maturity, Stand Count, and Plant Height in Dry Beans (Phaseolus vulgaris L.)",Volpato,2024,Plant Phenomics,True,False,False,legal full text not obtainable
10.34133/plantphenomics.0234,Deep Learning Methods Using Imagery from a Smartphone for Recognizing Sorghum Panicles and Counting Grains at a Plant Level,Santiago,2024,Plant Phenomics,True,False,False,legal full text not obtainable
10.1016/j.mex.2026.103837,Efficient and accurate tiller counting of hand-collected samples using images of straw bundles,Saravanan,2026,MethodsX,True,False,False,Cloudflare anti-bot block; legal full text not obtainable
10.1002/pld3.41,High‐fidelity detection of crop biomass quantitative trait loci from low‐cost imaging in the field,Banan,2018,Plant Direct,True,False,False,paywall - requires institutional access
10.1002/csc2.20684,Simple deterministic modeling can guide the design of breeding pipelines for self‐pollinated crops,Atlin,2022,Crop Science,True,False,False,paywall - requires institutional access
10.3390/agronomy8050063,High-Throughput Phenotyping of Seed/Seedling Evaluation Using Digital Image Analysis,Zhang,2018,Agronomy,True,False,False,legal full text not obtainable
