u1,u2,u3,y
-0.972141665542293,0.0121049954397068,0.401496075876189,51930681.1462875
-0.454754342711602,-0.422561163131616,-0.413982946905809,9818616.14194623
-0.671057503999647,-0.0332183811106514,0.14836589490643,26214916.3108514
-0.470842465916282,0.0402966126522025,-0.388583792760248,12380387.4321753
-0.525167731325524,0.245244272611625,0.162000733192992,22478912.7522041
-0.782435214201294,-0.712556163264661,-0.170135761251633,7379200.48810563
-0.930330547364821,-0.123699656344269,-0.357875765317996,44272961.5735722
-0.31923659267736,-0.46403939698026,0.322914172379166,3668773.33329982
-0.433070163456477,-0.239552869744081,0.00947768557239306,7358263.16255452
-0.456798143271591,0.0992844167353736,-0.32789191716781,14758880.3912013
-0.404788253246314,-0.0770404452247736,-0.558356886101245,9108035.74369908
-0.758539672066172,-0.306099615917647,0.0391231802555487,17227292.559671
-0.538931423230078,-0.143263924336014,-0.526397422876427,17309474.3836282
-0.502441474910291,-0.205846925614548,-0.144963416923799,15372982.9564157
-0.231382514470584,-0.141525650411247,-0.00429420652321683,7445040.06386635
-0.808727868899931,0.281515708661458,-0.212297643996836,59904231.0434572
-0.466554792906485,-0.289370278975683,0.117399899464071,9418142.2101735
-0.683525722224307,-0.409859700753955,-0.330801961828988,12677594.9714719
-1.00140183187077,0.27777807080517,0.100054180026022,69386462.1208487
-0.161720114763138,0.0074860180477609,-0.64113034496904,-317083.236079538
-0.520109426635039,-0.279295644877868,0.0206341425877563,14168938.4961942
0.0873282937464083,-0.421503707586634,0.0845481614131669,229275.121836007
-0.840513827817521,-0.483850842847583,0.226698220490212,13456287.3018553
-0.752404700325026,0.0742977779456272,-0.335818493706105,34428162.2192104
-0.220732892340882,-0.20738893763705,-0.140141642764991,6163294.04834422
-0.56062509131044,-0.400714670581652,0.0729928089299896,10045487.4605207
-0.487063420511411,0.20446953318861,-0.279249084434615,18503755.4656222
-0.661668768840795,-0.237754339470609,-0.233603093414624,17341138.4120629
-0.859074559222196,-0.301657669917441,-0.102857724002166,25031436.2262039
-0.599567760671118,-0.109808649356826,0.234851702921878,18897839.6862668
-0.0987476961404164,-0.109750308672345,0.167858042184144,862281.110422041
-0.598713624941991,0.0523422265363766,-0.568518496905481,25505358.7259051
-0.369979708249036,0.68875210774524,-0.0423753850881406,6444866.24479919
-0.204624182760637,-0.165271926262793,-0.460025875538409,6218072.75771633
-0.767472707411892,-0.11395203850296,0.205748508285469,27510355.7978924
-0.787911317317497,-0.143768847452976,-0.205264087176585,22692150.1021653
-0.155215686582263,-0.566368981165777,0.0769261710195321,2135610.72855635
-0.407049875424207,-0.178716546299146,0.19731972608835,6147667.86895035
-0.0339835652977662,-0.405274898105458,0.0864768984072309,530617.026275662
-0.420449680328593,-0.275460717034718,-0.482869459189172,6887330.22548376
-0.328957300211567,0.338318391761295,-0.436372194735248,19578446.8793469
-0.150612297457631,-0.161560508656702,0.0515491202865363,7350838.66084753
-0.814870235535832,-0.0825425320456744,-0.408968814308503,24331649.4825496
-0.278325723770519,0.136820616434088,-0.295877867884064,13926335.2246951
-0.082295681191399,-0.453943905347573,-0.424816329800473,2839855.51144777
-0.730822640638344,0.158374658860922,-0.072666922149572,39609752.812316
-0.450249237126629,-0.269512910321112,0.494259839273441,4436018.61418214
-0.156906701656971,-0.52777533715124,-0.223606492862992,2704572.65855047
-0.117809693351204,-0.340133324679188,0.328911806093185,3197727.11289269
-0.721388480153787,-0.332694981120672,-0.326824845620937,14949750.8362507
-0.609468083477955,-0.368572363540371,0.441331478648476,9326005.91681615
-0.854398599209442,-0.0672805043718298,-0.368972943091286,27918461.5555258
-0.291836024776773,-0.0321217281086617,0.628238802177129,7654305.74040108
-0.0840491518370328,0.00970756724967146,-0.286343661467483,487646.273093389
-0.661357808606948,-0.182263892332843,-0.0865014151220301,21224387.6387106
-0.0210458893937796,-0.42151455988915,-0.19388214796818,263708.975799363
-0.473063158730089,0.3828961705296,-0.101060710039041,29447611.7765411
0.022040521908212,-0.0586733118422744,-0.438648843225267,-5138.98551628681
-0.901326990055494,-0.406435793330883,0.0807294332846344,19891518.2519835
-1.18872664606254,0.328890731202203,-0.215079404049523,136108569.930913
-0.745029117743064,0.0670070143340982,0.351012703631677,30411053.1808403
-0.531250051704673,0.0347465643925716,0.657320938175356,10985113.5558909
0.0474406713285828,-0.26091221981214,0.355373525121098,458854.343870314
-0.523375812523517,0.0633618769639917,-0.224372363089012,14736043.845267
-0.747897929677128,-0.602267781955614,0.0273055354106505,11926744.3107002
-0.296624397779834,0.0474732580837258,-0.328178532882661,10132299.676524
-0.434281989884282,-0.226673878541322,0.0916642621672695,6407709.02939979
-0.355508706054077,0.147791191771534,0.0961444678488346,15727982.4396214
-0.705558342617081,0.123512867054874,0.573546321156143,30391244.538564
-0.230558205205275,0.154993400666635,0.167116985310735,218812.2477145
-1.09370380851343,0.236221282822202,-0.0809444878032764,100636511.281632
-0.703563977803786,-0.262077628384318,-0.429150973627807,18885517.2569655
-0.603505565470078,-0.300169895130113,-0.110131889097864,14172506.0403499
-0.730659320454124,-0.689449664705314,-0.0253248410303988,7847626.73723504
-0.990892918707853,-0.18081291021826,-0.667084650944325,38954714.715847
-0.526694264484201,0.0773394338547096,0.222621131746684,14257668.0300018
-0.386893755333043,0.0956959993848616,0.519201785351098,14698749.0001244
-0.5045946808882,-0.12397856168702,-0.309995930895084,20793210.8396261
-0.566265041583419,-0.300100677804217,-0.276828618113663,14100922.5293831
-0.84050025517653,0.186093060191596,0.0601297887539591,50768389.946017
-0.588097738199043,-0.395326999326589,0.16376687784024,10703201.4403836
-0.967811981863836,-0.0302306162255752,0.000457160306854443,57029515.2657694
-0.637038983420663,-0.576884147801179,-0.0362470986743175,6309241.12421129
-0.367715653929101,-0.154022606978312,0.0605894930913085,7892137.4132203
-0.746330743451003,-0.298835501869744,0.0806270105735964,16701625.5195364
-0.768421425710052,-0.285863324174241,0.147174725237705,15657943.5262292
-0.776935800568027,-0.018931576188658,0.108502521753365,28508372.7381732
-0.740354747173886,-0.157148845166927,-0.121074193375387,23520343.0711752
0.0175880716701402,-0.335273460511341,-0.447634995438399,1044.82077868971
-0.924120841603952,0.0368883053654148,-0.312796046915484,60819719.1167659
-0.242125374711006,-0.373009785934184,0.0661253438012901,5394272.93189531
-0.672496358486657,-0.469968669547532,0.0264125560733495,8832762.87898973
-0.643527192767318,0.165135086130436,-0.0542556756061471,42381015.3073493
-0.707021082449266,0.373640787437985,-0.27468268022815,65759316.5930809
-0.125985640624397,-0.542293755407495,-0.172478347821067,2527316.73784528
-0.258240639383396,0.450315887319858,-0.636147603928356,2062494.30792046
-0.692808534485656,0.0188332289986775,-0.184729660125779,29548085.6758821
-0.569902186848796,0.475119195440773,-0.00308045987990579,37061685.3256531
-0.461436590978946,0.555398145755143,0.126410957236905,38090578.8369308
-0.737589904465597,-0.755824452820527,0.0797204081072627,6927556.49952157
-0.564185196434895,-0.804502818832855,-0.0967296411049299,3181219.35306573
-0.0702020970568058,-0.444675452650541,0.116239344937086,2605310.69878597
-0.584892455230515,-0.142951849447995,0.251269140185012,15095585.2087152
-0.466668212597026,-0.105161923873861,-0.489907130277798,9313258.49685696
-0.806240643147763,0.138362220424693,-0.514217487714283,43863250.571325
-0.267689810731834,0.0396818060697631,0.0840079463595172,7919350.82484106
-0.361676716778653,-0.251165865514321,0.00605839836342248,6735353.94765888
-0.65314634383649,-0.329806428899639,-0.471414568372768,13360710.9375097
-0.203373720812883,-0.154934175854137,-0.194764790715518,6442167.77317834
-0.414671942673573,-0.293286032392213,0.289682370217921,6108966.88153429
-1.01678759732464,0.0393611340038463,-0.12954496905161,68858981.8808116
-0.758174336975246,0.217243566453637,-0.0533882050362042,49114623.8235243
-0.0764950109753859,-0.340707859757913,-0.196288963331477,3059328.88038896
-0.866877169416595,-0.511004537367077,-0.545075560539403,18883151.5153528
-0.0883417073201071,-0.372534716084088,-0.141587652224082,4062993.76716077
-0.545805572110709,-0.235320697464518,-0.265354773645973,17276990.3891299
-0.276185869287228,-0.00453665438237791,-0.240683361425596,9982134.41388591
-0.703843709919538,0.485807170871339,-0.254410317906794,39589192.2743552
-1.01116765967918,-0.0989545610617536,0.0444612964935719,45156598.5383634
-0.196728936885761,0.322425685911861,-0.307702714095175,1155561.65763647
-0.392255258807694,-0.258612520263856,-0.0197334805578225,5966831.38698154
-0.236240676319401,0.161361002631596,0.368850314919542,483924.28141015
-0.694870616617389,-0.634575670781704,-0.0723039682703472,10818471.2437335
-0.44343364256454,-0.492253246169074,0.308335583877028,5453550.25004717
-0.224846461128652,0.137357203113114,-0.330432495514434,42584.6557222235
-0.77670913965419,0.0333054593577662,-0.307892149993036,35570920.0195818
-0.38681488391321,0.0383143214025943,-0.0744188658034166,14212192.5152667
-0.761086779034204,0.318521789559435,0.185918719796417,64878907.3521334
-0.190719216191586,-0.698670334549942,-0.428781285823257,1354188.44808576
-0.568298689701949,-0.240006948187018,-0.418195778943135,16600592.9371989
-0.628838199288733,-0.443081630697476,-0.140831856484974,9467408.22173427
-0.681041118641288,-0.208859929663071,0.313938564222182,14455309.6913963
-0.225951508729862,-0.462889594708017,-0.208337031269938,1886171.32902974
-0.376804485418198,0.703330111594941,-0.121418535223204,3912608.68649374
-0.851232923849136,0.0607887705897397,0.141983390864511,37574422.8838736
-0.205637029241881,0.0612297173362478,-0.165841603580938,10995890.3580394
-0.445153785034561,-0.35321261511906,-0.227805060525912,13330217.3852478
-0.354713003921459,-0.22182586461615,-0.0847058310965412,7770029.91664372
-0.4925652571523,-0.342562065515962,0.0739925942466548,13648056.0272383
-0.375600261831444,-0.195570852146514,-0.470944259085052,7224826.84063233
-1.04910746202796,-0.100765872785032,0.540112966421484,40875943.951651
-0.742769562674155,0.12953675561121,0.0663827377303776,40766861.1733989
-0.26556473983881,-0.0548219118085154,0.406335657107659,6058567.60489538
-0.73093508353842,-0.117232096492936,-0.329724037657562,24273438.5328152
-0.707613374488141,-0.533874122617898,0.128805716228557,15725306.0992928
-0.583850886488791,-0.617398022096376,0.0994542574806622,5935038.44144661
-0.801522581814264,-0.367065969752767,0.298054441738969,14751312.8415391
-0.700168597255411,-0.511052261372322,0.284760324196755,6636787.73093703
-1.03975321317682,-0.000452455223378119,-0.0864566679124514,57477330.013452
-0.260634267694084,-0.361097418812591,0.0440135384697149,3242502.70184843
-0.64931228523325,-0.0909941767655301,0.134798328820938,22312743.8766848
-0.186436229009499,-0.086511123821048,0.130274311157932,6646217.12469472
-0.498356743009987,-0.460638924072197,0.554937415268285,6702739.45914989
0.0908106674712327,-0.592882863762017,-0.17038841297953,102345.081523339
-0.651198190218463,0.08855654428829,-0.226131412546401,32130381.1365204
-0.829613490150732,0.0780433421170141,-0.385563090057964,37864376.3654352
-0.791222837648208,-0.0883054532344199,-0.108544713771144,28604542.4101534
-0.284310495407928,0.00794960395298338,-0.202563776737399,10813567.4124155
-0.607094360708896,-0.531674185303785,0.373177369004082,4899249.07948605
-0.212825073862994,-0.239922675215658,-0.689658169500228,4319694.65476708
-0.410113335129766,-0.006969473531556,-0.231175793426097,10964288.2300519
-0.743647404241858,-0.471518362570359,-0.015053125187908,18971440.3360659
-0.818413271468003,-0.216543965913898,0.365836829008261,18392735.7405287
-0.748400990110197,-0.767588866390199,-0.433400170384705,8589101.53441618
-0.914154445257199,0.368635096540008,-0.39980030093057,73923891.7413243
-0.594948521259024,-0.364479666852855,-0.181276247324927,11370013.2676274
-0.704842984098178,-0.236527768894711,-0.796178602097898,18927204.7692195
-0.502460643937068,0.386402809028846,-0.00277355681139069,28396972.5382496
-0.936259104120115,-0.350065120933956,-0.21108589174018,29326657.027908
-0.539621553292494,-0.530135601638295,0.0504388858379453,6361915.352721
-0.740105754443704,0.182115925325393,0.078769062739233,43727866.0000477
-0.539325775821819,-0.230738552877879,0.199957708180846,17410976.8281455
-0.415882124746045,0.220129798734256,-0.254865887717726,17039180.8228581
-0.727103841388104,-0.0156000340741374,0.151363893320849,29233270.3685284
-0.647614077691075,-0.161641198526359,-0.0990340678831752,19761820.8539793
-0.151260363748176,0.0378639004754709,0.245678378963396,555165.743516684
-0.317975418385326,-0.317283100589759,-0.0839957826479597,5957351.31993632
-0.400513480450076,-0.374329081279391,0.34025127587203,5388673.90522248
-0.271025769042268,0.00628687046896906,0.225671765475694,10494107.9681571
-0.273459091262274,-0.528481746960732,0.00690380247956957,3246371.81189845
-0.415639178636896,0.073797947881339,0.0443860810357056,12343087.6049433
-0.479970950804139,-0.335636140767213,-0.248500390297852,12174717.4077912
-0.541151943541351,-0.167322079390861,0.00378485385201091,19260222.6153619
-0.222831639312075,0.37897747664465,0.0685071131447962,2758692.9687343
-0.765500818868865,-0.365074328048313,-0.0160645223295004,24594953.3920746
-0.250041645840385,-0.405248747861405,0.239120398034628,2572748.78989894
-0.715383985102849,0.0438006879610142,-0.158720829558525,35075320.5705543
-0.535019808232929,0.025160797339498,-0.549361788366608,13617637.1897997
-0.18858062122088,-0.075380644093881,-0.269478743816797,7426444.84422427
-0.687596137354628,0.398251751430917,-0.297898590974512,33999590.8993317
-0.308895336361849,-0.448594175837118,0.115118894630327,3526986.08325658
-0.678601587398442,0.0610808667541053,-0.442138176198956,31507121.156337
-0.0395833854584272,-0.0679064353046613,-0.317021930345272,633707.851404385
-0.160380122515922,0.011007698351217,0.35625572477304,1021511.82302164
-0.455172460802785,-0.00639562673701775,-0.269917930411934,12976271.6222597
-0.408658022412009,-0.109697819438757,-0.179358755047068,9184763.96572132
0.132709232493545,-0.606285420531156,-0.128474325665887,80541.5533563467
-0.725311401856129,-0.449610697634661,0.170509361878534,7945826.8093102
-0.180253125430445,0.166729878863013,0.565907946750753,283600.8673439
-0.588819684165747,0.13996301206713,-0.318511492619522,19433427.3366368
-0.868450334466567,-0.141487503135031,0.120267724261962,22449375.6776282
-0.497918427596815,0.380748237865766,-0.0500811090996909,27970757.5066225
-0.411273283019972,-0.120113054086578,-0.242469572950249,9278402.6783348
-0.157427769684977,-0.0451607810958634,-0.133362780826207,962280.684505416
-0.530908516147736,-0.0681403205020262,0.327933983389601,22341737.9651966
-0.687581296217542,-0.446251604521161,-0.269324237622641,12638651.69863
-0.60925580798716,-0.321188102707872,-0.797404615187563,12798981.0264814
-0.751945257190942,-0.178795370257792,0.608481504754166,18483889.5030052
-0.321188952441778,-0.123183519464249,0.33072749870825,6135698.83342468
-0.258994989527602,-0.0193294149477112,0.070001294776839,7605336.22882637
-0.305271084260224,-0.409599855859249,0.268468457635156,3331657.1470189
-0.750076681707292,0.26301153449447,-0.217060770392281,54389091.1359207
-0.299864890326956,-0.019752812928294,-0.067423449757941,9604018.67702088
-0.282190064993192,-0.351758920453143,-0.245060594894531,4301310.78927406
-0.412659119195285,0.0135099971577374,-0.0134011479015496,12359875.0912886
-0.305759972021606,0.636835477403135,0.0488300045426644,6144409.28050763
-0.107676165410642,-0.126809341382963,-0.0491924640930993,375936.401195738
-0.999766595243768,0.032320478022885,-0.0443404431944463,67161289.5687432
-0.985575916680279,0.380000504047823,-0.233603045713168,81005874.9896844
-0.209636641171047,-0.238854635100449,0.135527187995402,5903335.00322561
-0.676600092410002,-0.293040861264114,-0.0145575908653679,15694778.1852711
-0.302059573868139,-0.12874923761707,0.389641483959554,5783393.296344
-0.202684050484028,-0.0724539994884882,-0.115548485052136,6448595.61987076
-0.0485553144008333,-0.502904241331485,0.194465674364942,1885873.05394696
-0.766484494350753,-0.683951181521943,-0.17998943663761,10713002.8299865
-0.367720308665324,0.0185103300663736,0.354218664599654,11892644.5806613
-0.483421272934362,0.0890148436349916,0.272916271763952,13280781.3363546
-0.8379404724429,-0.514515361194846,-0.071027102617865,13576666.7299856
-0.340494576127565,-0.18743700238435,-0.245797820524782,7712345.2137368
-0.264234110488178,-0.485857090775664,-0.0973380122638687,3299627.09481233
-0.0927728379466676,0.00526969053100431,0.328991199896803,921733.019129533
-0.94981932258874,-0.00832715891998512,-0.518333234210589,45306398.6953198
-0.573100863488565,0.0474471967478914,-0.0697307979783771,31472789.214265
-0.500551981110958,-0.352159361229403,0.0860188564033741,9759904.46293404
-0.0480740589670988,-0.435480179679675,0.263696087695081,2578822.5178773
-0.417360482362786,0.313532827201675,0.445069120644028,22652725.561733
-0.657770214666987,-0.139600697693993,0.206577925040911,22138109.0377172
-0.667571630984192,-0.39946258636536,-0.14212948555426,10100354.7943217
-0.517698931767163,-0.26204426528874,-0.262163944699856,16117401.0795453
-0.175932372617248,0.363742785910921,0.41845462289083,4786191.22373896
-0.796929256859331,-0.218760333030053,-0.139552463767906,22047204.4066947
-1.00565764750333,0.0412646953509345,-0.248667797976843,62591432.0932269
-0.279722397762008,-0.0376465738430913,0.210108335269699,10415545.2287333
-0.441479479986293,0.507228929930395,-0.312165986592409,35226999.993252
-0.29416197462765,0.582178410308676,0.0847013898158108,3874306.3420395
-0.175765428733349,0.0170272036790567,0.320617111945963,1668145.45181888
-0.614928223639196,-0.268720185125156,0.301167541578997,10813484.1333519
-0.33836006999375,-0.277099176994804,-0.134940595719606,7015456.37430891
-0.727832045358385,0.00805591967453124,-0.130621827103368,33257953.283144
-0.223753893211422,-0.368821971947707,-0.40917566531262,4081404.34058741
-0.836348188412743,-0.369318312026301,-0.0648207913683191,23783743.914024
-0.478213510093651,-0.0212260492278585,-0.0850231118599257,10045795.8755843
-0.718281814439037,0.626907818838244,-0.0608540792494597,54521933.2302586
-1.10707216586894,0.303146121937185,0.20008776431709,132418409.669233
-0.694098448371403,-0.150310726921378,0.166819860511853,15809552.7270087
-0.18459131671998,-0.0150838428948678,-0.141204965228289,9984083.02496823
-0.784946011460756,0.113153882276901,-0.200693987922228,40600827.5749358
-0.382148044213612,0.529783106523018,-0.209746285515802,4977605.43999395
-0.289419548576008,-0.197126124427264,0.285321552670651,6809351.4604986
-0.910647579774382,0.268726859247113,-0.287080325497274,59632075.3522344
-0.172055708461781,0.240615526213829,0.0299874749435186,978232.766692915
-1.08736896998146,0.0488572027011479,-0.0295091874468516,71699772.2434273
-0.367374692171101,0.190728975915287,0.259714656250795,17082892.9099532
-0.0665627788204471,-0.0374040823143455,0.426349399934395,366489.167758419
-0.48745468448227,-0.304339018966303,-0.286974379459827,14828318.4686556
-0.559505229342055,-0.231995745369849,-0.783304987638374,15764605.938016
-0.536618398929749,-0.183562279267618,0.223230290008526,17882358.0765667
-0.833922639502944,-0.629674388224681,-0.331052865741461,13170040.5931319
-0.263528072083016,0.400459025758665,0.00613038800427332,3866086.77536357
-0.217947665581752,-0.302634077594981,-0.254735148494857,5256403.72001119
-0.635709231618568,0.339756202138919,-0.214932048048995,28419700.3184774
-0.792777495243967,-0.022383235200557,0.0561860271705285,32271448.3802686
-0.186969360821491,0.107129213466389,0.100386930549262,1150980.37194942
-0.437896694564673,-0.125165286141741,0.0963843710060364,5636791.63907892
-0.582115690020895,-0.666312284190507,-0.08680377388079,6874183.71534703
-0.741612604969408,-0.236228321376016,-0.0734248159347339,17894191.6223489
-0.569176101214052,-0.0225892653324176,-0.394859239893877,25425860.0817559
-0.19325365548725,-0.0538541234687897,0.455004860198695,6298968.32792659
-0.340354022279745,-0.0450294667620182,0.295462093212722,7537438.27418739
-0.0917310707447519,-0.620133185508229,-0.0047022047266074,1587905.44380644
-0.699566997152322,-0.24356880568392,-0.183460246892375,16203447.1048139
-0.603743412169729,-0.0665171984621885,0.395380441894724,23267990.3115105
-0.297256123694001,0.180227407151979,-0.037775564629849,14865055.539246
-0.272558029460378,-0.141498802706594,-0.646607179962163,6814094.66296325
-0.957770631756343,-0.00190908486215575,-0.127259812793297,53484864.886877
-0.614528253600355,-0.273608300756016,0.265139763272988,13258960.1588976
-0.366822479653629,0.341354139567428,-0.337352273534478,21530413.7739024
-0.433552734913444,-0.459991404355645,-0.609573156451565,8420884.41998256
-0.0488085668902641,-0.0114371960268964,-0.148158331529981,905800.705974
-0.653581154386339,-0.514582017748814,-0.242785788469854,10353499.5613201
-0.116005015963884,-0.173468678345596,-0.730737030136536,6373433.04268777
-0.99436255099407,0.184402068646639,-0.271837034221128,79730287.1812967
-0.57719028443903,0.448401144153769,0.0506676197369718,38468130.4953265
-0.453472360666819,-0.0640270181183699,0.0719997753396759,10683977.2550832
-0.349494525409135,-0.3355732093593,0.35997069696613,4272241.11885093
-0.881076362900287,-0.444233970118603,0.145152181048265,18048296.4898429
-0.26340070182553,0.0454726592099021,0.254400697226185,11099569.1599501
-0.309621405516765,-0.379408186652163,0.229828192423273,4314326.71887215
-0.251150135854074,-0.2783420842867,-0.722071167495515,4872915.75806292
-0.116564435189547,-0.720186399092443,-0.141253033308844,1199064.97449028
-0.63854282480885,-0.0623724098566754,-0.309281850897131,25077845.7184114
0.117776799945409,-0.494324793200708,0.0819657688786806,211111.350086828
-0.430529532060694,-0.601813940746734,0.323618797888323,4882776.84110042
-0.602801614526787,-0.279443738532352,0.391613133018803,11917614.3862962
-0.570123878480537,-0.0931540878487709,0.27865758098952,17656315.4434714
-0.527808237391939,-0.770449379781402,0.0980266790962339,4271564.06262909
-0.209973619523034,0.0183999969864164,-0.355861583014176,10238230.9067055
-0.266161514699383,0.34925246324965,-0.397372940222149,1444112.68698598
-0.652092888673304,0.0363734879420914,-0.4034193342838,28137922.0104494
-0.718797255675723,-0.682015774275787,0.270329966974734,9012054.7009199
-0.929170251250471,-0.199198635135782,0.0776027579056586,34410699.7808483
-0.685257544823662,0.0826835266267567,-0.0525641310201492,37311012.6741341
-0.11414685984029,-0.315526841201464,0.322733128097691,3322659.90350944
-0.190888298165223,0.172531533498314,0.150549648389559,1462300.50502865
-0.763113121290001,-0.748299747363418,0.0389988622818306,9482043.12617036
-0.147248469486075,0.153161516971398,0.702675243300205,1239062.84254812
-0.842808686431097,-0.0694366985131342,-0.312715399196479,28297190.7474752
-0.699068921459353,-0.670137526532726,-0.283425490333418,11799188.548489
0.027233210600356,-0.379918045606571,0.173919399729642,162094.625256461
-0.90631262303204,0.362056253173014,0.260208689852418,73453870.4559221
-0.205312731016358,-0.0186320217675479,0.194023243482383,10075517.9478023
-0.609169565910261,-0.00981469376563559,-0.273079955450754,29118415.5106209
-0.330967418600359,-0.184199895675834,-0.597177091708509,5645852.4179781
-0.362093968201042,0.224625127158901,0.54242608166112,14135045.7717989
-0.632657040724608,0.222697050413596,0.101267927961536,23542239.8840758
-0.825306375987126,-0.13551710941634,0.518345520019991,20929093.8895425
-0.166649531860679,-0.134219556308358,0.00934535168915668,7715484.69734721
-0.124153172615499,-0.256283290929755,-0.0110903783950408,5375508.76614115
-0.172312360258931,-0.26280072932659,-0.654760756855869,4401516.55176384
-0.744817924541099,-0.23441904414853,-0.284878051308798,17254543.74582
-0.495773624746638,-0.521415813777115,-0.0988807898539352,8685929.79582574
-0.236675157798428,0.110752435173438,-0.384770042674113,12233705.2372199
-0.602952596103241,-0.184570861566998,0.0804050528991419,19321555.06919
-0.749705435632958,0.528831537639503,0.15064993775849,48219757.9600038
-0.212886519654315,-0.104135833018755,0.104798484409294,8769374.3317289
-0.651390320148527,-0.0132255273794457,0.472260324373594,26084372.4062187
-0.471793664384137,0.314159705983997,-0.128399702491787,24678367.7052386
-0.700667288425267,-0.0819400724188858,0.0861046364063882,24060534.0204401
-0.330041129740002,0.311694904854779,0.132759920806784,21091308.0414363
-0.871233122943966,-0.138531048429156,-0.286258401164956,42157580.9320664
-0.0688315310421608,0.144821389517594,-0.0147093539667333,1167566.17996454
-0.39641292064933,0.441327934489341,0.241756145235175,34664537.1535884
-0.315797471765193,0.028864670323363,-0.082706190326748,11166495.5605231
-0.345103523430806,-0.356389716834044,-0.0703201931274609,4633649.32324993
-0.429304258008785,0.331113454629612,-0.0228506894404524,22858530.038045
-0.741024930985948,-0.23570856562988,-0.513358617789102,18643255.2224352
-0.481591000327354,-0.00663430776468406,-0.68716895770153,11664616.846348
-0.363695994630024,0.216007288060607,0.282190438594287,14876081.707123
-0.0127218404934186,-0.445793030346088,-0.113419703503335,115867.432906544
-0.441324109238257,0.0591575362824395,0.128360797748372,11321384.2858236
-0.504137803160666,-0.627267877810785,0.0800679203164079,6376612.84660997
-0.399294455869025,-0.452326027634197,-0.279560475247498,9490093.04918717
0.0913226455329074,-0.441793216496373,-0.206474480913612,129550.303754667
-0.877737921510635,-0.142133776817437,-0.475581678847182,39476630.5939696
-0.871903891034029,-0.410042060547179,0.0445603314340863,18765287.7823838
-0.272184241129362,0.137222543459973,0.262363691606379,16363888.3439832
0.0599526989203168,-0.584288353794992,0.311373730784543,196922.131701687
-0.389823427765361,0.143579186806149,-0.0072975172342757,16611048.651476
-0.770066981328004,0.110274565107908,-0.321636076462765,39619082.6222002
-0.240646895880746,0.258847295667415,-0.130328299716985,1157385.04128944
-0.997369762987676,-0.13077894754834,0.209927180373802,38046881.6740591
-0.497115713933447,-0.219506543821243,0.157032854956046,12275674.4222321
-0.3745588144715,0.213665865619484,0.318437613112587,18332383.6974474
-0.808986231199719,0.0134994241259647,-0.569699406051701,29423233.3241251
-0.428782551580095,0.0807668343362668,-0.289351172504989,13666696.8679034
-0.101630069348408,-0.147843776960595,-0.160048325308013,589818.94419502
-0.303434967770212,0.0550856258314783,-0.0196491969947908,13283540.5409439
-0.303526010600224,0.0393667362835268,-0.00833440870354435,12014157.0395001
-0.337766017834147,-0.671381114091703,0.165223923834101,4239192.36305326
-0.922121105803073,0.0238650370452815,0.320031172271583,39321977.9141714
-0.524066515088752,-0.634793846605176,-0.0570534111333956,5891361.78442139
-1.09991645145776,0.140761346008603,0.0240753199356596,87556843.5438194
-0.0351228271817375,-0.157166549802737,0.517206378272966,611341.785397004
-0.59290963692525,0.057149268858589,-0.237376885231593,29806285.1431548
-0.132177574497528,-0.126938836074813,0.157825300169339,591031.189996732
-0.278416717009187,-0.0569544556383853,0.145952907250106,6425667.75422784
-0.212734032222746,0.311072235137798,-0.411194696638296,952104.45410857
-0.773116333734499,-0.165677676934316,-0.0857983210482036,22195657.9530376
-0.589426450690595,-0.344781527460854,-0.37499953973915,12613588.6789044
-0.243057533339318,-0.276007955508101,-0.367081493950906,5105044.45525019
-0.452097598331446,-0.672427921099789,0.236260015887809,4525901.64840767
-0.113714185613643,-0.291147573620854,0.312920710485935,4276570.99804556
-0.428755834021977,0.420922958121965,0.0519820150383652,30524570.048162
-0.893931882905369,-0.262750677581066,-0.56826524530478,29164263.078215
-0.350703639945369,0.420815240920731,0.0533480636791906,3199029.69671041
0.0645071154286322,-0.277154610085247,0.214740915638442,185752.119545207
-0.207415709865895,0.349372266679065,0.40047323931114,882658.392925766
-0.661603952181519,0.039085312544529,0.125208168019561,26267401.2739274
-0.789389953204452,-0.0712851728919392,-0.0283574433765501,26106763.7081779
-0.651853741600701,0.128513511884648,-0.289565893898383,39051296.730994
-0.306672853707029,0.110132730036626,-0.0550873638135384,13560932.8720982
-0.769396665006224,-0.153619207305579,-0.405447380032965,23343904.6929957
-0.836406655168651,0.0118787676909234,0.0482633788296974,34571107.0544301
-0.393481803365462,0.120502352039419,-0.624123645250585,13405965.082782
-1.02573755296509,-0.0466288484736544,-0.398750991448551,54778687.2131474
-1.00688830960874,-0.0566687292795131,-0.236587423364075,53959409.1496551
-0.959811145363324,-0.0531002541687527,-0.284278140980431,48628639.2191408
-0.902050752039091,-0.44064740621254,-0.124529609682624,23726863.4102434
-0.237115605641229,0.0338587083582061,-0.173278485979035,10847182.7308191
-0.435877330849949,-0.235815162912887,0.223005016626109,4641306.42335993
-1.09161334022557,0.382092337831731,-0.192341307118346,137181077.182842
-0.825239324531381,-0.366886394220886,0.264970056137407,18249213.8019882
-0.416800929665866,0.3150874937157,0.397211648749361,24955092.8424116
-0.38759340885873,-0.0622227828219003,-0.605828048232249,8395933.69186485
-0.562052516947194,-0.290708122182665,0.292353128261209,10074486.9011638
-0.398215301265959,0.0251705059750637,-0.0268656735085783,9441069.99122672
-0.616669489256275,0.00654930228208507,0.0465120147368744,24238182.5731548
-0.12730437329494,-0.411902083257092,0.0474439615165583,3247652.44037056
-0.79443417685618,0.0464742985622894,0.334441630431035,36551037.7519002
-0.289120883125093,0.0371113926842355,-0.045812890990098,11424185.9185429
-0.535097664425314,-0.0639525154712495,0.0254528718437572,23540144.0265338
-1.03785767603696,0.388222793990456,-0.276508435341145,91224382.3965882
-0.523638803104851,-0.380611660643627,0.307224151398712,9137808.21377934
-0.701271965094476,-0.0600486625434733,0.361155413075187,16342753.9547545
-0.75301946222564,-0.13958859032244,0.391885417126122,17804507.1731474
-0.564888416807815,-0.193829397705621,-0.176038467473795,16953536.455179
-0.0650855928165921,0.0850880024090505,0.104603331585743,778575.459689792
-0.728533785048009,-0.244817129404019,-0.0874184781138314,15553577.072323
-0.444653711895545,-0.00972957079145119,0.082217659503971,12718939.3722623
0.0127186306839704,-0.206786962843552,-0.115393493496059,537641.424785467
-0.690504685690365,-0.00677998979041627,-0.222095952791261,31914575.7853373
-0.167320857734224,-0.0305308734580398,0.302909648653025,150106.74114333
-0.613961720430485,-0.0948775112234096,0.368366321401808,25428777.0894187
-0.29818019556766,-0.0836687449661988,0.171697439955615,8784476.47736085
-0.638458239631022,0.0780256800684439,0.3984367761241,30931832.5722946
-0.295694973267267,-0.0783007914332406,-0.261896825305582,8713507.10607002
-1.09013776249673,0.143535856669053,-0.258535246397217,87007813.317791
-0.921447304781428,0.241030039690247,0.10713120869792,62459561.1945022
-0.456012957386601,-0.0761951212588929,-0.0564545904475642,10628003.4756178
-0.990469456101853,-0.02327133876288,0.0818222274470352,59799830.5554398
-0.617429171756018,0.0563509402383396,0.189718717619943,32463093.4637309
-0.630972775758561,-0.363099462871563,-0.361307191071886,12734316.0222883
-0.413273594292259,-0.20397186955552,-0.51907297935187,6336927.6276167
-0.4604826337482,-0.413656070438145,-0.403751262380827,10262285.1448324
-0.895547205301523,-0.480719472544202,0.125018465642771,17604473.7759222
-0.719941347247112,0.139613145518979,-0.160593917408106,40922036.8412402
-0.349324130090815,0.0970400422962896,0.299764129117923,12852664.5458437
-0.278910777839068,0.007762651543235,0.281673497684651,9955305.63106721
-0.825911871383383,-0.319875031849807,0.172084493972149,30890775.544753
-0.743096231973116,-0.42604710206293,0.0101435617736128,13858626.4166939
-0.690298354972706,-0.664508340527218,-0.128002720204798,9276627.31384099
-0.997744479877518,0.0479741803581251,-0.212618815268953,62960516.1591593
-0.36084164263846,0.309013274898723,-0.117569546590336,19710712.9456888
-0.183881803512432,-0.223667250113294,-0.0410047300481809,6236855.16185607
-0.864663366631248,-0.230322338526724,-0.432541872997983,33460022.941924
-0.880771986038747,0.373531417758537,0.360129129445997,78548577.6873664
-0.739936365062834,-0.0987709537522787,0.155745766822084,17081883.5865913
-0.441898274589861,0.0347924791828632,-0.0827222648200783,13167230.2703877
-0.854789858573749,-0.120520952810804,-0.641708665167892,38368764.9954763
-0.148593792559903,0.16651794124068,-0.380346004103643,10369.0193527267
-0.135591724196044,0.160141743769547,0.307060155407956,2190753.97284784
-0.400162849809454,0.124279397174606,-0.0213538163431379,15079264.9462444
-0.171838964287178,-0.176820182742526,0.0231205208223191,5831672.07470216
-0.816881227814075,-0.388489503785067,-0.0586196222026268,23113564.5478029
-0.281646600454306,-0.269467205365955,0.161386775299945,5062418.54637297
-0.0388970951854685,0.0953671301188631,-0.458898600939774,458030.857577514
-0.586525552833529,-0.0852712021963693,-0.513118170839674,21002322.7409208
-0.750970471837554,0.223559521844256,0.16666990335977,49171485.2089136
-0.46855439298461,-0.150496959502669,-0.00970893747433527,8796525.48571274
-1.07979257581302,0.00982311252724516,-0.07166420311531,61017051.1981834
-0.285055830723295,-0.504304608135687,-0.316542820682399,3616428.26278681
-0.409536259962488,0.335675437399974,0.45283112331497,23605768.418198
-0.65013485145916,-0.39283910829751,0.197864752663879,10799942.5164609
-0.483511029813761,0.462978103314513,-0.320388737604332,28691089.9125683
-0.74030038847558,-0.400314813154119,0.242382638234821,12182070.8489402
-0.184772988383181,0.28289054634168,0.323086225960135,2598557.12135871
-0.988235966567528,-0.10853728432676,-0.281093505329213,48025749.0930964
-0.0845761497493543,-0.169997880989062,-0.366120881476882,184333.386714745
-0.824786334633726,0.0817638927086325,0.262232006152462,42391317.7829019
-0.797363299972457,-0.387284779974376,0.295424733376801,17581894.7083858
-0.155744251622466,0.00372261157232627,0.19312672020634,1402199.19126963
-0.451127282244825,-0.0895471554277176,-0.392556385090733,9726343.2060753
0.0326971127595209,-0.323501862968195,-0.0822287047686472,277472.099230695
-0.600469287122356,0.480827717442253,0.0961974280427057,38250222.3028474
-0.804403900744088,-0.470155381601729,-0.266957204564709,20674809.4305226
-0.505819587659706,-0.0719456190542873,0.269744873501853,11322152.2037798
-0.463951977161902,0.212617257836738,-0.18687588869239,18114256.0504462
-0.154909352210184,-0.201993294992658,-0.0620627241088639,5782050.31271108
-0.749774070468089,0.131276784999884,0.069329425266166,42016545.6633158
-0.163583437408209,0.166558018866077,-0.103644961927797,889378.69880386
-0.612469045930312,-0.270252307483956,-0.00248692511213328,17789499.5688448
-0.281082975584969,-0.351206665035244,-0.214659129709614,4796790.56991602
-0.748500657666554,-0.151349273584789,-0.314470137700993,23419261.4473053
-0.741424864155492,0.277958871800372,-0.0761980086767975,54307213.8843437
-0.463387316657784,0.223923545833467,-0.0837260111719393,20321950.1280687
-0.478925280653717,-0.659247352027608,0.0014937346470415,5210503.83582292
-0.394818045885683,-0.0817205843547873,0.388458548900521,10089907.2959305
-1.15984884863913,0.299070184877733,-0.00869130568346056,133492881.930785
-0.556481266667048,-0.422616886752245,-0.45882388426681,10292173.7468363
-0.221275693635829,0.242822617167435,0.0152893219615047,1697455.51729964
-0.166480108070934,-0.189269298455418,-0.318244223034993,5863358.6117064
-0.579885117294647,0.319864607317035,-0.128726394166308,27866969.651567
-0.535338978933348,0.213459964381191,-0.280272733979438,16617194.1521976
-0.38774630068628,0.311919228731975,0.0266433875104357,21803115.1531632
-0.0974694564760441,-0.514706840943809,-0.265812025238463,2140818.11941546
-0.922941212836229,-0.0265241863820995,-0.119900537047926,55321556.8416742
-0.384440305666157,0.5513190398098,0.188776150168769,4254852.19018714
-0.488580674207154,-0.53434792478534,0.271667419867042,8041206.31033189
-0.463892268808888,-0.368547355859797,-0.162914842481174,9712641.42913978
-0.882313717867685,-0.528406244281437,0.0743440555832855,15921103.2385423
