x_val,y_val,npv,slice,x_name,y_name
0,0.05,8499093.36864953,err_vs_cost,error_reduction,cost_reduction
0,0.1,9265293.61829078,err_vs_cost,error_reduction,cost_reduction
0,0.2,9176489.47995225,err_vs_cost,error_reduction,cost_reduction
0,0.3,9316700.79397349,err_vs_cost,error_reduction,cost_reduction
0,0.4,9422837.73489773,err_vs_cost,error_reduction,cost_reduction
0,0.5,9550546.3176294,err_vs_cost,error_reduction,cost_reduction
0,0.6,9545988.52577898,err_vs_cost,error_reduction,cost_reduction
0,0.7,9814208.67590474,err_vs_cost,error_reduction,cost_reduction
0.1,0.05,9061358.39720345,err_vs_cost,error_reduction,cost_reduction
0.1,0.1,9267769.95846576,err_vs_cost,error_reduction,cost_reduction
0.1,0.2,9370739.16409166,err_vs_cost,error_reduction,cost_reduction
0.1,0.3,9519667.55441253,err_vs_cost,error_reduction,cost_reduction
0.1,0.4,9631626.46156857,err_vs_cost,error_reduction,cost_reduction
0.1,0.5,9838582.69883606,err_vs_cost,error_reduction,cost_reduction
0.1,0.6,9898809.38476352,err_vs_cost,error_reduction,cost_reduction
0.1,0.7,10149267.3450784,err_vs_cost,error_reduction,cost_reduction
0.2,0.05,9117708.24931431,err_vs_cost,error_reduction,cost_reduction
0.2,0.1,9623143.40161152,err_vs_cost,error_reduction,cost_reduction
0.2,0.2,9681398.4899553,err_vs_cost,error_reduction,cost_reduction
0.2,0.3,9684529.03599323,err_vs_cost,error_reduction,cost_reduction
0.2,0.4,9889419.63595718,err_vs_cost,error_reduction,cost_reduction
0.2,0.5,10101058.9539625,err_vs_cost,error_reduction,cost_reduction
0.2,0.6,10201075.7876645,err_vs_cost,error_reduction,cost_reduction
0.2,0.7,10038721.9457896,err_vs_cost,error_reduction,cost_reduction
0.3,0.05,10018214.6085206,err_vs_cost,error_reduction,cost_reduction
0.3,0.1,10046695.063006,err_vs_cost,error_reduction,cost_reduction
0.3,0.2,10303827.2187613,err_vs_cost,error_reduction,cost_reduction
0.3,0.3,10189061.180097,err_vs_cost,error_reduction,cost_reduction
0.3,0.4,10344303.3670193,err_vs_cost,error_reduction,cost_reduction
0.3,0.5,10321432.4254114,err_vs_cost,error_reduction,cost_reduction
0.3,0.6,10208709.3994738,err_vs_cost,error_reduction,cost_reduction
0.3,0.7,10406162.1487103,err_vs_cost,error_reduction,cost_reduction
0.4,0.05,10287720.7239839,err_vs_cost,error_reduction,cost_reduction
0.4,0.1,10337930.8465329,err_vs_cost,error_reduction,cost_reduction
0.4,0.2,10344229.3216908,err_vs_cost,error_reduction,cost_reduction
0.4,0.3,10507522.9885448,err_vs_cost,error_reduction,cost_reduction
0.4,0.4,10568341.9820481,err_vs_cost,error_reduction,cost_reduction
0.4,0.5,10625788.0499498,err_vs_cost,error_reduction,cost_reduction
0.4,0.6,10442148.9436666,err_vs_cost,error_reduction,cost_reduction
0.4,0.7,10677463.5005504,err_vs_cost,error_reduction,cost_reduction
0.5,0.05,10521281.8541604,err_vs_cost,error_reduction,cost_reduction
0.5,0.1,10715439.5760594,err_vs_cost,error_reduction,cost_reduction
0.5,0.2,10467602.021367,err_vs_cost,error_reduction,cost_reduction
0.5,0.3,10564632.0780038,err_vs_cost,error_reduction,cost_reduction
0.5,0.4,10801298.1917129,err_vs_cost,error_reduction,cost_reduction
0.5,0.5,10779418.3958587,err_vs_cost,error_reduction,cost_reduction
0.5,0.6,11164700.1260096,err_vs_cost,error_reduction,cost_reduction
0.5,0.7,10877236.8789059,err_vs_cost,error_reduction,cost_reduction
0,1e+05,945566.866798821,cyc_vs_budget,cycle_compression,total_budget
0,150000,753603.720099893,cyc_vs_budget,cycle_compression,total_budget
0,2e+05,562162.680338072,cyc_vs_budget,cycle_compression,total_budget
0,3e+05,420174.483554044,cyc_vs_budget,cycle_compression,total_budget
0,5e+05,477933.541224032,cyc_vs_budget,cycle_compression,total_budget
1,1e+05,6989043.54947112,cyc_vs_budget,cycle_compression,total_budget
1,150000,6786935.02953047,cyc_vs_budget,cycle_compression,total_budget
1,2e+05,6650266.7764506,cyc_vs_budget,cycle_compression,total_budget
1,3e+05,6582357.07822203,cyc_vs_budget,cycle_compression,total_budget
1,5e+05,6532729.91337364,cyc_vs_budget,cycle_compression,total_budget
2,1e+05,13603299.7148101,cyc_vs_budget,cycle_compression,total_budget
2,150000,13499606.1770219,cyc_vs_budget,cycle_compression,total_budget
2,2e+05,13470664.6134012,cyc_vs_budget,cycle_compression,total_budget
2,3e+05,13282529.8479064,cyc_vs_budget,cycle_compression,total_budget
2,5e+05,13386444.7602689,cyc_vs_budget,cycle_compression,total_budget
3,1e+05,21007631.7846428,cyc_vs_budget,cycle_compression,total_budget
3,150000,20917529.6349992,cyc_vs_budget,cycle_compression,total_budget
3,2e+05,20846746.0558914,cyc_vs_budget,cycle_compression,total_budget
3,3e+05,20818219.3951456,cyc_vs_budget,cycle_compression,total_budget
3,5e+05,20848363.099189,cyc_vs_budget,cycle_compression,total_budget
0,0,156186.399242558,err_vs_cyc,error_reduction,cycle_compression
0,1,6123399.32198985,err_vs_cyc,error_reduction,cycle_compression
0,2,12755193.2931491,err_vs_cyc,error_reduction,cycle_compression
0,3,20063091.2508983,err_vs_cyc,error_reduction,cycle_compression
0.1,0,327764.382850482,err_vs_cyc,error_reduction,cycle_compression
0.1,1,6339526.22992476,err_vs_cyc,error_reduction,cycle_compression
0.1,2,13004075.6187963,err_vs_cyc,error_reduction,cycle_compression
0.1,3,20365803.263546,err_vs_cyc,error_reduction,cycle_compression
0.2,0,489417.488274704,err_vs_cyc,error_reduction,cycle_compression
0.2,1,6508965.50104678,err_vs_cyc,error_reduction,cycle_compression
0.2,2,13280900.0819094,err_vs_cyc,error_reduction,cycle_compression
0.2,3,20719405.3882307,err_vs_cyc,error_reduction,cycle_compression
0.3,0,696691.271954007,err_vs_cyc,error_reduction,cycle_compression
0.3,1,6787224.57575975,err_vs_cyc,error_reduction,cycle_compression
0.3,2,13585472.8967026,err_vs_cyc,error_reduction,cycle_compression
0.3,3,21026162.6304685,err_vs_cyc,error_reduction,cycle_compression
0.4,0,823521.304222313,err_vs_cyc,error_reduction,cycle_compression
0.4,1,6968448.39072816,err_vs_cyc,error_reduction,cycle_compression
0.4,2,13848872.7319362,err_vs_cyc,error_reduction,cycle_compression
0.4,3,21327107.3832623,err_vs_cyc,error_reduction,cycle_compression
0.5,0,1081728.58979693,err_vs_cyc,error_reduction,cycle_compression
0.5,1,7271426.90703323,err_vs_cyc,error_reduction,cycle_compression
0.5,2,14122974.2588369,err_vs_cyc,error_reduction,cycle_compression
0.5,3,21696417.3866675,err_vs_cyc,error_reduction,cycle_compression
