x_val,y_val,eaa_per_ha_yr,npv_median
0,0.05,0,0
0,0.1,0,0
0,0.2,0.00216105609553289,115343.950753994
0,0.3,0.0022595719223456,120602.12276529
0,0.4,0.00315858569000806,168585.976566573
0,0.5,0.00551261490380816,294229.65156015
0,0.6,0.0073478677888907,392184.220548737
0,0.7,0.00891126987546496,475629.057383501
0.1,0.05,0.00473842404309708,252908.080733442
0.1,0.1,0.00437345533337552,233428.284272864
0.1,0.2,0.00531014418856792,283423.003710485
0.1,0.3,0.00462364799483355,246782.037598323
0.1,0.4,0.00670166848905546,357694.056053918
0.1,0.5,0.00811802373903112,433290.432539031
0.1,0.6,0.00813341809553205,434112.089090105
0.1,0.7,0.0104497890603417,557745.797185546
0.2,0.05,0.00756381364164292,403710.088783657
0.2,0.1,0.00867354738130075,462940.88528252
0.2,0.2,0.00654835159936274,349510.938636917
0.2,0.3,0.0079206510938595,422755.888474247
0.2,0.4,0.0103416966033041,551976.483252788
0.2,0.5,0.0104447732269363,557478.082690537
0.2,0.6,0.0123021070685349,656611.198023317
0.2,0.7,0.0115840116764226,618283.660059042
0.3,0.05,0.0113332842228421,604901.36280251
0.3,0.1,0.0104623415681587,558415.773243307
0.3,0.2,0.0106778689318301,569919.305091847
0.3,0.3,0.0128735449930339,687111.057771811
0.3,0.4,0.015501638783943,827382.62287468
0.3,0.5,0.0134701760835819,718955.574565575
0.3,0.6,0.0166016907232286,886096.664113161
0.3,0.7,0.0157161937607514,838834.254662565
0.4,0.05,0.0141900265557147,757376.787961912
0.4,0.1,0.0136463637429727,728359.393721517
0.4,0.2,0.0147632278988727,787970.768207966
0.4,0.3,0.0155019084400021,827397.015465075
0.4,0.4,0.015267196273482,814869.516233369
0.4,0.5,0.0150412411966156,802809.416862248
0.4,0.6,0.0181777038435561,970214.600762038
0.4,0.7,0.0185135886147917,988142.074552513
0.5,0.05,0.0185433877571538,989732.57042915
0.5,0.1,0.0196490096867104,1048743.90366521
0.5,0.2,0.0214192157723224,1143226.67252314
0.5,0.3,0.0200372062254481,1069463.45950626
0.5,0.4,0.0206847555829855,1104025.68182014
0.5,0.5,0.0196667402449747,1049690.25237106
0.5,0.6,0.0211193278312663,1127220.48926099
0.5,0.7,0.0203612786257491,1086760.46121682
