year,error_reduction,cost_reduction,cycle_compression,tool_fixed_cost,total_budget,bean_price,discount_rate,adoption_ceiling
0,2.57063513068786e-31,4.57001801011175e-31,0.553665658753173,2.57063513068786e-31,0.269161330445813,1.14250450252794e-31,1.14250450252794e-31,1.14250450252794e-31
1,1.1270303970394e-30,7.82659997944024e-31,0.553443348222396,1.1270303970394e-30,0.269053255478023,7.82659997944024e-31,0.000183438664766714,7.82659997944024e-31
2,1.36869357375842e-31,6.08308255003741e-32,0.552805385395096,1.36869357375842e-31,0.268743113570798,1.36869357375842e-31,0.000709851195934884,1.36869357375842e-31
3,3.72983971224687e-32,0,0.551794890181375,3.72983971224687e-32,0.268251867216912,3.72983971224687e-32,0.00154365736836875,3.72983971224687e-32
4,1.03814206426836e-31,2.3358196446038e-31,0.550454029658879,1.03814206426836e-31,0.267600015695201,2.59535516067089e-32,0.00265006318291394,2.59535516067089e-32
5,1.25104879312458e-30,1.25104879312458e-30,0.548823482822669,1.25104879312458e-30,0.266807334861832,1.5833586287983e-30,0.0039955025259375,1.5833586287983e-30
6,6.21588573673079e-32,1.5539714341827e-32,0.546942021675349,1.39857429076443e-31,0.265892673499711,6.21588573673079e-32,0.00554798283116937,6.21588573673079e-32
7,3.47136937074906e-05,3.62952584075524e-06,0.493462275866138,1.00486606447705e-06,0.0368235488858934,0.0609114714033789,0.00661392203379325,0.0294539022904497
8,4.99360213670352e-05,5.58283663952974e-06,0.537327663917615,9.0075821215244e-07,0.00148149484769672,0.0859835885615653,0.0189624535357828,0.0415775905215463
9,6.61146356624155e-05,7.56049040738107e-06,0.505215670807316,8.34644997423484e-07,4.62817798310876e-05,0.112299134872045,0.0316224445463682,0.0543025421914167
10,8.74588314240935e-05,1.00649899250951e-05,0.483932475204022,8.35413176170432e-07,9.93683459786883e-06,0.12276090302929,0.0397665389391949,0.0593613577148211
11,0.000108158685699607,1.2479382177687e-05,0.467159983374094,8.51374328166136e-07,5.58683697401108e-06,0.1275648428208,0.0476373479618453,0.0616843154429524
12,0.000126964580389692,1.46690481426111e-05,0.452186181600243,8.70734850215089e-07,5.29810727670817e-06,0.129733858981486,0.0556714733689839,0.0627331489153898
13,0.000143738497279769,1.66212261241476e-05,0.438028772334707,8.89421670386356e-07,5.20115471818424e-06,0.130443131989523,0.0639816133835254,0.0630761197449337
14,0.00016657529648005,1.93258464409368e-05,0.419715142521889,9.11815272251483e-07,4.64217803313985e-06,0.134174335340393,0.0741534586563471,0.0648803529442033
15,0.000194896125545901,2.27078762843566e-05,0.39905167354788,9.40444124979811e-07,3.7544965965446e-06,0.13922960715373,0.0859520870097888,0.067324842932889
16,0.000229106840676839,2.67310158598459e-05,0.380128682586251,9.95522700421272e-07,2.51654583049344e-06,0.143236706388076,0.0975698196476605,0.0692624863126553
17,0.000272415396790815,3.17786377435023e-05,0.361765827639564,1.08240504284335e-06,1.39793253327823e-06,0.147019529948396,0.109468501598789,0.0710916806000467
18,0.000325537134910822,3.7946767732282e-05,0.348599236956906,1.20721162905502e-06,9.82588935609876e-07,0.148014846202381,0.118914002079778,0.0715729683939143
19,0.000395118879613705,4.60047431257486e-05,0.339546473806039,1.38762861421577e-06,2.43781923172068e-06,0.147260141672523,0.126028102970282,0.0712080290324372
20,0.000469580061451632,5.46274886662274e-05,0.330575597940065,1.58533137021025e-06,6.10170369128844e-06,0.146523875045579,0.133239084148781,0.0708520053674346
21,0.000550919377201673,6.40452800962146e-05,0.321938748107895,1.80619300828936e-06,1.20421937901953e-05,0.14585931793123,0.140320777355494,0.0705306570259568
22,0.000641000999336448,7.44725762305391e-05,0.313831772765909,2.05592873647731e-06,2.04775949051197e-05,0.145298940305745,0.147085824693261,0.0702596849504756
23,0.000741249734889709,8.60730052705469e-05,0.306383789218936,2.33906189301177e-06,3.16794236064781e-05,0.144859525255472,0.153396615776164,0.0700472046465605
24,0.000852440610046663,9.89352228669305e-05,0.299656455585604,2.65818657037674e-06,4.58837652770933e-05,0.144546131608037,0.159170203944893,0.0698956623236232
25,0.000974597270147593,0.000113061286225801,0.29365291839788,3.01358032777719e-06,6.32207138887365e-05,0.144354801117141,0.164375350947413,0.0698031439612492
