year,param,group,S1,ST,varY
0,error_reduction,L1 technical,0.00161474121442129,0,26740673.2001632
1,error_reduction,L1 technical,0.00128468879014298,0,97515369.3359829
2,error_reduction,L1 technical,0.0009548061576653,0,200549775.442638
3,error_reduction,L1 technical,0.000626627283831116,0,326698845.587703
4,error_reduction,L1 technical,0.000301539829874686,0,468870705.312182
5,error_reduction,L1 technical,-1.92188651824132e-05,0,621578081.847326
6,error_reduction,L1 technical,-0.000334562025768648,0,780588669.242298
7,error_reduction,L1 technical,-0.0112687823576867,0.000483022140649889,3510765388.88116
8,error_reduction,L1 technical,-0.0160054295862171,0.000511862192030748,44308493530.8742
9,error_reduction,L1 technical,-0.0145919610960752,0.000574763345083141,240323494467.575
10,error_reduction,L1 technical,-0.014496410865086,0.00062606577285475,844495205833.774
11,error_reduction,L1 technical,-0.0146380462929827,0.000669175271528062,2389996620894.37
12,error_reduction,L1 technical,-0.014868944278416,0.000706727258809461,5911454860923.09
13,error_reduction,L1 technical,-0.0151246687013415,0.000740078645876229,13292137150596.5
14,error_reduction,L1 technical,-0.0152323465232003,0.000791438309502103,25617808500620
15,error_reduction,L1 technical,-0.0151410293698142,0.000856395597787352,44920944549956.8
16,error_reduction,L1 technical,-0.014732686867778,0.000932330525651412,71373000561410.2
17,error_reduction,L1 technical,-0.0140796727358312,0.00102824590598224,104707798625738
18,error_reduction,L1 technical,-0.0137134348760117,0.00114017428490438,143669381788041
19,error_reduction,L1 technical,-0.0135533702191653,0.00128512321569489,184479321832931
20,error_reduction,L1 technical,-0.0133495142766278,0.0014457848043777,229921693244222
21,error_reduction,L1 technical,-0.013102337272995,0.00162648739414153,277830456646400
22,error_reduction,L1 technical,-0.012815899999195,0.00183155962419742,325652922107401
23,error_reduction,L1 technical,-0.0124963139339802,0.0020645769529856,370965603943350
24,error_reduction,L1 technical,-0.0121503908481382,0.00232776769088218,411919571999485
25,error_reduction,L1 technical,-0.0117847597092757,0.00262164371349419,447464984419715
0,cost_reduction,L1 technical,0.00161474121442129,0,26740673.2001632
1,cost_reduction,L1 technical,0.00128468879014298,0,97515369.3359829
2,cost_reduction,L1 technical,0.0009548061576653,0,200549775.442638
3,cost_reduction,L1 technical,0.000626627283831116,0,326698845.587703
4,cost_reduction,L1 technical,0.000301539829874686,0,468870705.312182
5,cost_reduction,L1 technical,-1.92188651824132e-05,0,621578081.847326
6,cost_reduction,L1 technical,-0.000334562025768648,0,780588669.242298
7,cost_reduction,L1 technical,-0.0103475699988786,0.000383984317141308,3510765388.88116
8,cost_reduction,L1 technical,-0.0153101304596304,0.000404715958643884,44308493530.8742
9,cost_reduction,L1 technical,-0.0141480549492099,0.000452308265965281,240323494467.575
10,cost_reduction,L1 technical,-0.0142186057860554,0.000479857872931072,844495205833.774
11,cost_reduction,L1 technical,-0.0144970162364584,0.000498986034625092,2389996620894.37
12,cost_reduction,L1 technical,-0.0148467417668443,0.000514081118365148,5911454860923.09
13,cost_reduction,L1 technical,-0.0152091150865135,0.000526768178117301,13292137150596.5
14,cost_reduction,L1 technical,-0.0154457916162005,0.000549119963626803,25617808500620
15,cost_reduction,L1 technical,-0.0154966259250182,0.000577724356934708,44920944549956.8
16,cost_reduction,L1 technical,-0.01523897766469,0.000609337271022452,71373000561410.2
17,cost_reduction,L1 technical,-0.014759974217381,0.000648207887344664,104707798625738
18,cost_reduction,L1 technical,-0.014555872815788,0.000689506849916117,143669381788041
19,cost_reduction,L1 technical,-0.014561568863859,0.000741256007011348,184479321832931
20,cost_reduction,L1 technical,-0.0145291581302227,0.000800459885837451,229921693244222
21,cost_reduction,L1 technical,-0.0144617300316794,0.000868710112858171,277830456646400
22,cost_reduction,L1 technical,-0.0143655518622563,0.00094773446964908,325652922107401
23,cost_reduction,L1 technical,-0.0142481793711897,0.00103905818182233,370965603943350
24,cost_reduction,L1 technical,-0.0141168899549837,0.00114372031072939,411919571999485
25,cost_reduction,L1 technical,-0.0139777365518496,0.00126207743592779,447464984419715
0,cycle_compression,L1 technical,0.635451622046344,0.748566045494751,26740673.2001632
1,cycle_compression,L1 technical,0.635072312017246,0.749135227554511,97515369.3359829
2,cycle_compression,L1 technical,0.634264075366623,0.749392127159715,200549775.442638
3,cycle_compression,L1 technical,0.633072045049001,0.749365597994846,326698845.587703
4,cycle_compression,L1 technical,0.631540419488923,0.749084176003141,468870705.312182
5,cycle_compression,L1 technical,0.629711911980665,0.748575692043453,621578081.847326
6,cycle_compression,L1 technical,0.627627311940809,0.747866956197104,780588669.242298
7,cycle_compression,L1 technical,0.644081698335293,0.91807385405738,3510765388.88116
8,cycle_compression,L1 technical,0.683869669931039,0.903599205675212,44308493530.8742
9,cycle_compression,L1 technical,0.638782432013107,0.834220721993417,240323494467.575
10,cycle_compression,L1 technical,0.611397006507547,0.800531146799416,844495205833.774
11,cycle_compression,L1 technical,0.590805706396883,0.778403905106408,2389996620894.37
12,cycle_compression,L1 technical,0.573044609884487,0.761211906161566,5911454860923.09
13,cycle_compression,L1 technical,0.556578011347019,0.746384239384601,13292137150596.5
14,cycle_compression,L1 technical,0.533174570593068,0.722119047401043,25617808500620
15,cycle_compression,L1 technical,0.5055955586387,0.692137391964783,44920944549956.8
16,cycle_compression,L1 technical,0.479868147990965,0.662947322526917,71373000561410.2
17,cycle_compression,L1 technical,0.454154515806292,0.632257638294979,104707798625738
18,cycle_compression,L1 technical,0.436782060390771,0.613029686601333,143669381788041
19,cycle_compression,L1 technical,0.426124432552964,0.602836144481752,184479321832931
20,cycle_compression,L1 technical,0.415431722187403,0.592344569933078,229921693244222
21,cycle_compression,L1 technical,0.405051429720344,0.581891204982787,277830456646400
22,cycle_compression,L1 technical,0.395269726119513,0.571783836182595,325652922107401
23,cycle_compression,L1 technical,0.386288268292111,0.562265278969023,370965603943350
24,cycle_compression,L1 technical,0.378215638785008,0.553492095247406,411919571999485
25,cycle_compression,L1 technical,0.371075130760998,0.545533394710193,447464984419715
0,ona_fixed_cost,L1 technical,0.00161474121442129,0,26740673.2001632
1,ona_fixed_cost,L1 technical,0.00128468879014298,0,97515369.3359829
2,ona_fixed_cost,L1 technical,0.0009548061576653,0,200549775.442638
3,ona_fixed_cost,L1 technical,0.000626627283831116,0,326698845.587703
4,ona_fixed_cost,L1 technical,0.000301539829874686,0,468870705.312182
5,ona_fixed_cost,L1 technical,-1.92188651824132e-05,0,621578081.847326
6,ona_fixed_cost,L1 technical,-0.000334562025768648,0,780588669.242298
7,ona_fixed_cost,L1 technical,-0.010854275919179,0.000386600676974559,3510765388.88116
8,ona_fixed_cost,L1 technical,-0.0156969706849579,0.000401810016346684,44308493530.8742
9,ona_fixed_cost,L1 technical,-0.0145522320563933,0.000441951302845072,240323494467.575
10,ona_fixed_cost,L1 technical,-0.0146040388029971,0.000463385138377726,844495205833.774
11,ona_fixed_cost,L1 technical,-0.0148578983930512,0.000477228966783707,2389996620894.37
12,ona_fixed_cost,L1 technical,-0.0151869752480049,0.000487551778627525,5911454860923.09
13,ona_fixed_cost,L1 technical,-0.0155352751772915,0.00049581765905889,13292137150596.5
14,ona_fixed_cost,L1 technical,-0.0157868875199625,0.000510871602004607,25617808500620
15,ona_fixed_cost,L1 technical,-0.0158770920680686,0.000529800289814512,44920944549956.8
16,ona_fixed_cost,L1 technical,-0.0156476741855327,0.000551496922902247,71373000561410.2
17,ona_fixed_cost,L1 technical,-0.0151911603500827,0.000578965837098198,104707798625738
18,ona_fixed_cost,L1 technical,-0.0149959957422081,0.000607416205467393,143669381788041
19,ona_fixed_cost,L1 technical,-0.0149950856988939,0.000643131555633496,184479321832931
20,ona_fixed_cost,L1 technical,-0.0149629258552557,0.000684502659762672,229921693244222
21,ona_fixed_cost,L1 technical,-0.014900494940153,0.000732713405797101,277830456646400
22,ona_fixed_cost,L1 technical,-0.0148122680587159,0.000789070300592798,325652922107401
23,ona_fixed_cost,L1 technical,-0.0147044424159972,0.000854741213711895,370965603943350
24,ona_fixed_cost,L1 technical,-0.0145834111298444,0.000930535384612087,411919571999485
25,ona_fixed_cost,L1 technical,-0.0144547785571063,0.00101674954041653,447464984419715
0,total_budget,L1 technical,0.23565876721479,0.363079355115282,26740673.2001632
1,total_budget,L1 technical,0.235021083057579,0.363150821731328,97515369.3359829
2,total_budget,L1 technical,0.234228721346903,0.363080383530019,200549775.442638
3,total_budget,L1 technical,0.233299927228068,0.362882225695794,326698845.587703
4,total_budget,L1 technical,0.232252435379666,0.362570270441517,468870705.312182
5,total_budget,L1 technical,0.231103264622225,0.362158001122987,621578081.847326
6,total_budget,L1 technical,0.229868557676078,0.361658321434502,780588669.242298
7,total_budget,L1 technical,0.0305854739579962,0.0697113371335817,3510765388.88116
8,total_budget,L1 technical,-0.0151528093533415,0.00319390768665927,44308493530.8742
9,total_budget,L1 technical,-0.015851246821974,0.000506092939921901,240323494467.575
10,total_budget,L1 technical,-0.0160457841598007,0.000433610417756066,844495205833.774
11,total_budget,L1 technical,-0.0163581629581935,0.000431516795371306,2389996620894.37
12,total_budget,L1 technical,-0.0167156458753797,0.000439953859136291,5911454860923.09
13,total_budget,L1 technical,-0.017076473479031,0.000449194938868589,13292137150596.5
14,total_budget,L1 technical,-0.0173236630391944,0.00046713375049279,25617808500620
15,total_budget,L1 technical,-0.0173886214407897,0.000490385943152351,44920944549956.8
16,total_budget,L1 technical,-0.0171328901670218,0.000515422374177616,71373000561410.2
17,total_budget,L1 technical,-0.0166488588227429,0.000546317723222677,104707798625738
18,total_budget,L1 technical,-0.0164268407871411,0.000580916191114088,143669381788041
19,total_budget,L1 technical,-0.0164045651387756,0.000627568003297382,184479321832931
20,total_budget,L1 technical,-0.0163471273780798,0.000683277264253935,229921693244222
21,total_budget,L1 technical,-0.0162566640108621,0.000749602526305294,277830456646400
22,total_budget,L1 technical,-0.0161385803394556,0.000828400251622036,325652922107401
23,total_budget,L1 technical,-0.0159997226817856,0.000921414144875336,370965603943350
24,total_budget,L1 technical,-0.0158468448862519,0.00102991808057794,411919571999485
25,total_budget,L1 technical,-0.0156856753401307,0.00115445382638801,447464984419715
0,bean_price,L2 economic,0.00161474121442129,0,26740673.2001632
1,bean_price,L2 economic,0.00128468879014298,0,97515369.3359829
2,bean_price,L2 economic,0.0009548061576653,0,200549775.442638
3,bean_price,L2 economic,0.000626627283831116,0,326698845.587703
4,bean_price,L2 economic,0.000301539829874686,0,468870705.312182
5,bean_price,L2 economic,-1.92188651824132e-05,0,621578081.847326
6,bean_price,L2 economic,-0.000334562025768648,0,780588669.242298
7,bean_price,L2 economic,0.0185813449484448,0.171341117525881,3510765388.88116
8,bean_price,L2 economic,0.0407698214529452,0.179936019543468,44308493530.8742
9,bean_price,L2 economic,0.0695203189413666,0.200483628594543,240323494467.575
10,bean_price,L2 economic,0.0810454859774248,0.210579751591364,844495205833.774
11,bean_price,L2 economic,0.0863207465015395,0.216056425488505,2389996620894.37
12,bean_price,L2 economic,0.0886912133970921,0.219320500995168,5911454860923.09
13,bean_price,L2 economic,0.0894808401627122,0.221339936971579,13292137150596.5
14,bean_price,L2 economic,0.0934897837299438,0.226385900994869,25617808500620
15,bean_price,L2 economic,0.0988799802895193,0.2327719688998,44920944549956.8
16,bean_price,L2 economic,0.103824034384661,0.238340421657803,71373000561410.2
17,bean_price,L2 economic,0.109093731861318,0.243868741759676,104707798625738
18,bean_price,L2 economic,0.110683345182067,0.246116660653138,143669381788041
19,bean_price,L2 economic,0.109826784039194,0.246151976427206,184479321832931
20,bean_price,L2 economic,0.10901217484378,0.246188444969431,229921693244222
21,bean_price,L2 economic,0.108279535217639,0.246239042643416,277830456646400
22,bean_price,L2 economic,0.107648753646247,0.246308535639625,325652922107401
23,bean_price,L2 economic,0.107126885981038,0.246398524843401,370965603943350
24,bean_price,L2 economic,0.106713331787841,0.246510082722565,411919571999485
25,bean_price,L2 economic,0.106402603807279,0.246644107876769,447464984419715
0,discount_rate,L2 economic,0.00161474121442129,0,26740673.2001632
1,discount_rate,L2 economic,0.000950088124451853,0.000357925182253525,97515369.3359829
2,discount_rate,L2 economic,0.000685483800902387,0.00138501962658916,200549775.442638
3,discount_rate,L2 economic,0.000783601169865644,0.00301169856092205,326698845.587703
4,discount_rate,L2 economic,0.00120754242163923,0.0051697640978153,468870705.312182
5,discount_rate,L2 economic,0.00192133950573703,0.00779326353285247,621578081.847326
6,discount_rate,L2 economic,0.00289036161776668,0.0108191745001312,780588669.242298
7,discount_rate,L2 economic,-0.00251601658911382,0.0418907617209462,3510765388.88116
8,discount_rate,L2 economic,-0.00276618497414383,0.0578684492185681,44308493530.8742
9,discount_rate,L2 economic,0.0105364548027339,0.0778219587253128,240323494467.575
10,discount_rate,L2 economic,0.0187427850531648,0.0934612048466865,844495205833.774
11,discount_rate,L2 economic,0.0265910384000226,0.109514844248463,2389996620894.37
12,discount_rate,L2 economic,0.034648676084992,0.126341856978732,5911454860923.09
13,discount_rate,L2 economic,0.0431101532436539,0.143966919583057,13292137150596.5
14,discount_rate,L2 economic,0.0543562896687015,0.16360342555231,25617808500620
15,discount_rate,L2 economic,0.0681542143118454,0.185182279203817,44920944549956.8
16,discount_rate,L2 economic,0.0827670877910873,0.206309604282307,71373000561410.2
17,discount_rate,L2 economic,0.0987591278383182,0.227598354927082,104707798625738
18,discount_rate,L2 economic,0.110868478318103,0.244945338560209,143669381788041
19,discount_rate,L2 economic,0.119253916053345,0.258324670265687,184479321832931
20,discount_rate,L2 economic,0.127887976606473,0.27166460034115,229921693244222
21,discount_rate,L2 economic,0.136472320341737,0.284503826161151,277830456646400
22,discount_rate,L2 economic,0.144743450543483,0.296481078606548,325652922107401
23,discount_rate,L2 economic,0.152495034873425,0.30735121870221,370965603943350
24,discount_rate,L2 economic,0.159591876461348,0.316987923403485,411919571999485
25,discount_rate,L2 economic,0.165971183781964,0.325371343709523,447464984419715
0,adoption_ceiling,L2 economic,0.00161474121442129,0,26740673.2001632
1,adoption_ceiling,L2 economic,0.00128468879014298,0,97515369.3359829
2,adoption_ceiling,L2 economic,0.0009548061576653,0,200549775.442638
3,adoption_ceiling,L2 economic,0.000626627283831116,0,326698845.587703
4,adoption_ceiling,L2 economic,0.000301539829874686,0,468870705.312182
5,adoption_ceiling,L2 economic,-1.92188651824132e-05,0,621578081.847326
6,adoption_ceiling,L2 economic,-0.000334562025768648,0,780588669.242298
7,adoption_ceiling,L2 economic,0.00963221964859951,0.0998849573849767,3510765388.88116
8,adoption_ceiling,L2 economic,0.015999405141248,0.105314251625218,44308493530.8742
9,adoption_ceiling,L2 economic,0.0321023418307477,0.117802423169671,240323494467.575
10,adoption_ceiling,L2 economic,0.0385862755783014,0.123820178004528,844495205833.774
11,adoption_ceiling,L2 economic,0.0415987018054579,0.126998292835734,2389996620894.37
12,adoption_ceiling,L2 economic,0.0429915378646022,0.128821026094253,5911454860923.09
13,adoption_ceiling,L2 economic,0.0435042082487657,0.1298874655952,13292137150596.5
14,adoption_ceiling,L2 economic,0.0458151221983323,0.132927762946384,25617808500620
15,adoption_ceiling,L2 economic,0.0490089007109531,0.136888373615566,44920944549956.8
16,adoption_ceiling,L2 economic,0.052115535410994,0.140216699198512,71373000561410.2
17,adoption_ceiling,L2 economic,0.0554651897033688,0.143418981928342,104707798625738
18,adoption_ceiling,L2 economic,0.0566255094477174,0.14466992199087,143669381788041
19,adoption_ceiling,L2 economic,0.0563298839242183,0.144608509587329,184479321832931
20,adoption_ceiling,L2 economic,0.0560672646984378,0.144555679387219,229921693244222
21,adoption_ceiling,L2 economic,0.0558564575330843,0.1445188890147,277830456646400
22,adoption_ceiling,L2 economic,0.0557043468403136,0.144500028238411,325652922107401
23,adoption_ceiling,L2 economic,0.0556107582016215,0.144498883430687,370965603943350
24,adoption_ceiling,L2 economic,0.0555719507740101,0.144515027008945,411919571999485
25,adoption_ceiling,L2 economic,0.0555824441493363,0.144548177553419,447464984419715
