param,threshold,EV_prior,EV_perfect,EVPPI,EVPPI_M,threshold_M,hurdle_mult,at_indifference
cycle_compression,19831424.4478451,19831424.4478451,26257725.4860597,6426301.03821458,6.42630103821458,19.8314244478451,1,TRUE
discount_rate,19831424.4478451,19831424.4478451,24318773.0611806,4487348.61333549,4.48734861333549,19.8314244478451,1,TRUE
bean_price,19831424.4478451,19831424.4478451,24177749.6167187,4346325.16887363,4.34632516887363,19.8314244478451,1,TRUE
cycle_compression,14873568.3358838,19831424.4478451,23778797.430079,3947372.98223394,3.94737298223394,14.8735683358838,0.75,FALSE
cycle_compression,24789280.5598063,24789280.5598063,28736653.5420403,3947372.98223394,3.94737298223394,24.7892805598063,1.25,FALSE
adoption_ceiling,19831424.4478451,19831424.4478451,22807712.3352259,2976287.8873808,2.9762878873808,19.8314244478451,1,TRUE
discount_rate,24789280.5598063,24789280.5598063,27586989.7846354,2797709.22482901,2.79770922482901,24.7892805598063,1.25,FALSE
cycle_compression,29747136.6717676,29747136.6717676,32255992.0982381,2508855.42647045,2.50885542647045,29.7471366717676,1.5,FALSE
bean_price,24789280.5598063,24789280.5598063,27152463.2838955,2363182.72408913,2.36318272408913,24.7892805598063,1.25,FALSE
cycle_compression,9915712.22392254,19831424.4478451,22008199.9817046,2176775.53385952,2.17677553385952,9.91571222392254,0.5,FALSE
bean_price,14873568.3358838,19831424.4478451,22005636.5124179,2174212.06457283,2.17421206457283,14.8735683358838,0.75,FALSE
discount_rate,14873568.3358838,19831424.4478451,21741957.0405882,1910532.59274307,1.91053259274307,14.8735683358838,0.75,FALSE
discount_rate,29747136.6717676,29747136.6717676,31553274.6742044,1806138.00243676,1.80613800243676,29.7471366717676,1.5,FALSE
bean_price,29747136.6717676,29747136.6717676,30882010.1090012,1134873.43723355,1.13487343723355,29.7471366717676,1.5,FALSE
adoption_ceiling,24789280.5598063,24789280.5598063,25782426.0024026,993145.442596294,0.993145442596294,24.7892805598063,1.25,FALSE
adoption_ceiling,14873568.3358838,19831424.4478451,20824569.8904414,993145.442596283,0.993145442596283,14.8735683358838,0.75,FALSE
cycle_compression,4957856.11196127,19831424.4478451,20768735.9537143,937311.505869202,0.937311505869202,4.95785611196127,0.25,FALSE
bean_price,9915712.22392254,19831424.4478451,20399385.9065298,567961.458684772,0.567961458684772,9.91571222392254,0.5,FALSE
discount_rate,9915712.22392254,19831424.4478451,20241710.0066281,410285.558783006,0.410285558783006,9.91571222392254,0.5,FALSE
error_reduction,19831424.4478451,19831424.4478451,20198078.966685,366654.518839911,0.366654518839911,19.8314244478451,1,TRUE
cost_reduction,19831424.4478451,19831424.4478451,19954673.9432258,123249.495380737,0.123249495380737,19.8314244478451,1,TRUE
total_budget,19831424.4478451,19831424.4478451,19927467.5382992,96043.0904541574,0.0960430904541574,19.8314244478451,1,TRUE
cycle_compression,39662848.8956902,39662848.8956902,39692776.26618,29927.3704898208,0.0299273704898208,39.6628488956902,2,FALSE
tool_fixed_cost,19831424.4478451,19831424.4478451,19849832.9140684,18408.4662233405,0.0184084662233405,19.8314244478451,1,TRUE
adoption_ceiling,9915712.22392254,19831424.4478451,19832473.9279811,1049.4801360108,0.0010494801360108,9.91571222392254,0.5,FALSE
adoption_ceiling,29747136.6717676,29747136.6717676,29748186.1519036,1049.48013600335,0.00104948013600335,29.7471366717676,1.5,FALSE
discount_rate,0,19831424.4478451,19831424.4478453,2.42143869400024e-07,2.42143869400024e-13,0,0,FALSE
discount_rate,4957856.11196127,19831424.4478451,19831424.4478453,2.42143869400024e-07,2.42143869400024e-13,4.95785611196127,0.25,FALSE
cost_reduction,0,19831424.4478451,19831424.4478453,1.89989805221558e-07,1.89989805221558e-13,0,0,FALSE
cost_reduction,4957856.11196127,19831424.4478451,19831424.4478453,1.89989805221558e-07,1.89989805221558e-13,4.95785611196127,0.25,FALSE
cost_reduction,9915712.22392254,19831424.4478451,19831424.4478453,1.89989805221558e-07,1.89989805221558e-13,9.91571222392254,0.5,FALSE
cost_reduction,14873568.3358838,19831424.4478451,19831424.4478453,1.89989805221558e-07,1.89989805221558e-13,14.8735683358838,0.75,FALSE
tool_fixed_cost,0,19831424.4478451,19831424.4478453,1.78813934326172e-07,1.78813934326172e-13,0,0,FALSE
tool_fixed_cost,4957856.11196127,19831424.4478451,19831424.4478453,1.78813934326172e-07,1.78813934326172e-13,4.95785611196127,0.25,FALSE
tool_fixed_cost,9915712.22392254,19831424.4478451,19831424.4478453,1.78813934326172e-07,1.78813934326172e-13,9.91571222392254,0.5,FALSE
tool_fixed_cost,14873568.3358838,19831424.4478451,19831424.4478453,1.78813934326172e-07,1.78813934326172e-13,14.8735683358838,0.75,FALSE
total_budget,0,19831424.4478451,19831424.4478452,7.45058059692383e-08,7.45058059692383e-14,0,0,FALSE
total_budget,4957856.11196127,19831424.4478451,19831424.4478452,7.45058059692383e-08,7.45058059692383e-14,4.95785611196127,0.25,FALSE
total_budget,9915712.22392254,19831424.4478451,19831424.4478452,7.45058059692383e-08,7.45058059692383e-14,9.91571222392254,0.5,FALSE
total_budget,14873568.3358838,19831424.4478451,19831424.4478452,7.45058059692383e-08,7.45058059692383e-14,14.8735683358838,0.75,FALSE
error_reduction,0,19831424.4478451,19831424.4478451,2.60770320892334e-08,2.60770320892334e-14,0,0,FALSE
error_reduction,4957856.11196127,19831424.4478451,19831424.4478451,2.60770320892334e-08,2.60770320892334e-14,4.95785611196127,0.25,FALSE
error_reduction,9915712.22392254,19831424.4478451,19831424.4478451,2.60770320892334e-08,2.60770320892334e-14,9.91571222392254,0.5,FALSE
error_reduction,14873568.3358838,19831424.4478451,19831424.4478451,2.60770320892334e-08,2.60770320892334e-14,14.8735683358838,0.75,FALSE
total_budget,24789280.5598063,24789280.5598063,24789280.5598063,0,0,24.7892805598063,1.25,FALSE
tool_fixed_cost,24789280.5598063,24789280.5598063,24789280.5598063,0,0,24.7892805598063,1.25,FALSE
error_reduction,24789280.5598063,24789280.5598063,24789280.5598063,0,0,24.7892805598063,1.25,FALSE
cost_reduction,24789280.5598063,24789280.5598063,24789280.5598063,0,0,24.7892805598063,1.25,FALSE
total_budget,29747136.6717676,29747136.6717676,29747136.6717676,0,0,29.7471366717676,1.5,FALSE
tool_fixed_cost,29747136.6717676,29747136.6717676,29747136.6717676,0,0,29.7471366717676,1.5,FALSE
error_reduction,29747136.6717676,29747136.6717676,29747136.6717676,0,0,29.7471366717676,1.5,FALSE
cost_reduction,29747136.6717676,29747136.6717676,29747136.6717676,0,0,29.7471366717676,1.5,FALSE
bean_price,39662848.8956902,39662848.8956902,39662848.8956902,0,0,39.6628488956902,2,FALSE
discount_rate,39662848.8956902,39662848.8956902,39662848.8956902,0,0,39.6628488956902,2,FALSE
adoption_ceiling,39662848.8956902,39662848.8956902,39662848.8956902,0,0,39.6628488956902,2,FALSE
total_budget,39662848.8956902,39662848.8956902,39662848.8956902,0,0,39.6628488956902,2,FALSE
cost_reduction,39662848.8956902,39662848.8956902,39662848.8956902,0,0,39.6628488956902,2,FALSE
cycle_compression,59494273.3435352,59494273.3435352,59494273.3435352,0,0,59.4942733435352,3,FALSE
bean_price,59494273.3435352,59494273.3435352,59494273.3435352,0,0,59.4942733435352,3,FALSE
discount_rate,59494273.3435352,59494273.3435352,59494273.3435352,0,0,59.4942733435352,3,FALSE
adoption_ceiling,59494273.3435352,59494273.3435352,59494273.3435352,0,0,59.4942733435352,3,FALSE
total_budget,59494273.3435352,59494273.3435352,59494273.3435352,0,0,59.4942733435352,3,FALSE
tool_fixed_cost,59494273.3435352,59494273.3435352,59494273.3435352,0,0,59.4942733435352,3,FALSE
error_reduction,59494273.3435352,59494273.3435352,59494273.3435352,0,0,59.4942733435352,3,FALSE
cost_reduction,59494273.3435352,59494273.3435352,59494273.3435352,0,0,59.4942733435352,3,FALSE
tool_fixed_cost,39662848.8956902,39662848.8956902,39662848.8956901,-7.45058059692383e-09,-7.45058059692383e-15,39.6628488956902,2,FALSE
error_reduction,39662848.8956902,39662848.8956902,39662848.8956901,-7.45058059692383e-09,-7.45058059692383e-15,39.6628488956902,2,FALSE
bean_price,0,19831424.4478451,19831424.447845,-4.09781932830811e-08,-4.09781932830811e-14,0,0,FALSE
bean_price,4957856.11196127,19831424.4478451,19831424.447845,-4.09781932830811e-08,-4.09781932830811e-14,4.95785611196127,0.25,FALSE
adoption_ceiling,0,19831424.4478451,19831424.447845,-4.4703483581543e-08,-4.4703483581543e-14,0,0,FALSE
adoption_ceiling,4957856.11196127,19831424.4478451,19831424.447845,-4.4703483581543e-08,-4.4703483581543e-14,4.95785611196127,0.25,FALSE
cycle_compression,0,19831424.4478451,19831424.4478447,-3.83704900741577e-07,-3.83704900741577e-13,0,0,FALSE
