param,threshold,EV_prior,EV_perfect,EVPPI,hurdle_mult,EVPPI_M,threshold_M,at_indifference
cycle_compression,19831424.4478451,19831424.4478451,26257725.4860601,6426301.03821499,1,6.42630103821499,19.8314244478451,TRUE
discount_rate,19831424.4478451,19831424.4478451,24318773.0611803,4487348.61333524,1,4.48734861333524,19.8314244478451,TRUE
bean_price,19831424.4478451,19831424.4478451,24177749.6167188,4346325.16887371,1,4.34632516887371,19.8314244478451,TRUE
cycle_compression,24789280.5598063,24789280.5598063,28736653.5420407,3947372.98223436,1.25,3.94737298223436,24.7892805598063,FALSE
cycle_compression,14873568.3358838,19831424.4478451,23778797.4300794,3947372.98223435,0.75,3.94737298223435,14.8735683358838,FALSE
adoption_ceiling,19831424.4478451,19831424.4478451,22807712.335226,2976287.88738092,1,2.97628788738092,19.8314244478451,TRUE
discount_rate,24789280.5598063,24789280.5598063,27586989.7846351,2797709.22482876,1.25,2.79770922482876,24.7892805598063,FALSE
cycle_compression,29747136.6717676,29747136.6717676,32255992.0982382,2508855.42647061,1.5,2.50885542647061,29.7471366717676,FALSE
bean_price,24789280.5598063,24789280.5598063,27152463.2838956,2363182.72408921,1.25,2.36318272408921,24.7892805598063,FALSE
cycle_compression,9915712.22392253,19831424.4478451,22008199.981705,2176775.53385992,0.5,2.17677553385992,9.91571222392254,FALSE
bean_price,14873568.3358838,19831424.4478451,22005636.512418,2174212.06457295,0.75,2.17421206457295,14.8735683358838,FALSE
discount_rate,14873568.3358838,19831424.4478451,21741957.0405879,1910532.59274286,0.75,1.91053259274286,14.8735683358838,FALSE
discount_rate,29747136.6717676,29747136.6717676,31553274.6742041,1806138.00243651,1.5,1.80613800243651,29.7471366717676,FALSE
bean_price,29747136.6717676,29747136.6717676,30882010.1090012,1134873.43723361,1.5,1.13487343723361,29.7471366717676,FALSE
adoption_ceiling,24789280.5598063,24789280.5598063,25782426.0024028,993145.442596413,1.25,0.993145442596413,24.7892805598063,FALSE
adoption_ceiling,14873568.3358838,19831424.4478451,20824569.8904415,993145.442596402,0.75,0.993145442596402,14.8735683358838,FALSE
cycle_compression,4957856.11196127,19831424.4478451,20768735.9537147,937311.505869601,0.25,0.937311505869601,4.95785611196127,FALSE
bean_price,9915712.22392253,19831424.4478451,20399385.9065299,567961.458684843,0.5,0.567961458684843,9.91571222392254,FALSE
discount_rate,9915712.22392253,19831424.4478451,20241710.0066278,410285.558782715,0.5,0.410285558782715,9.91571222392254,FALSE
error_reduction,19831424.4478451,19831424.4478451,20198078.9666851,366654.518839981,1,0.366654518839981,19.8314244478451,TRUE
cost_reduction,19831424.4478451,19831424.4478451,19954673.9432256,123249.495380539,1,0.123249495380539,19.8314244478451,TRUE
total_budget,19831424.4478451,19831424.4478451,19927467.5382993,96043.0904542282,1,0.0960430904542282,19.8314244478451,TRUE
cycle_compression,39662848.8956901,39662848.8956901,39692776.2661801,29927.3704899848,2,0.0299273704899848,39.6628488956902,FALSE
tool_fixed_cost,19831424.4478451,19831424.4478451,19849832.9140682,18408.4662231207,1,0.0184084662231207,19.8314244478451,TRUE
adoption_ceiling,29747136.6717676,29747136.6717676,29748186.1519037,1049.48013611883,1.5,0.00104948013611883,29.7471366717676,FALSE
adoption_ceiling,9915712.22392253,19831424.4478451,19832473.9279812,1049.48013609648,0.5,0.00104948013609648,9.91571222392254,FALSE
cycle_compression,59494273.3435352,59494273.3435352,59494273.3435353,8.19563865661621e-08,3,8.19563865661621e-14,59.4942733435352,FALSE
total_budget,59494273.3435352,59494273.3435352,59494273.3435353,5.96046447753906e-08,3,5.96046447753906e-14,59.4942733435352,FALSE
bean_price,59494273.3435352,59494273.3435352,59494273.3435353,5.96046447753906e-08,3,5.96046447753906e-14,59.4942733435352,FALSE
discount_rate,59494273.3435352,59494273.3435352,59494273.3435353,5.96046447753906e-08,3,5.96046447753906e-14,59.4942733435352,FALSE
adoption_ceiling,59494273.3435352,59494273.3435352,59494273.3435353,5.96046447753906e-08,3,5.96046447753906e-14,59.4942733435352,FALSE
total_budget,39662848.8956901,39662848.8956901,39662848.8956902,3.72529029846191e-08,2,3.72529029846191e-14,39.6628488956902,FALSE
bean_price,39662848.8956901,39662848.8956901,39662848.8956902,3.72529029846191e-08,2,3.72529029846191e-14,39.6628488956902,FALSE
discount_rate,39662848.8956901,39662848.8956901,39662848.8956902,3.72529029846191e-08,2,3.72529029846191e-14,39.6628488956902,FALSE
adoption_ceiling,39662848.8956901,39662848.8956901,39662848.8956902,3.72529029846191e-08,2,3.72529029846191e-14,39.6628488956902,FALSE
total_budget,29747136.6717676,29747136.6717676,29747136.6717676,2.98023223876953e-08,1.5,2.98023223876953e-14,29.7471366717676,FALSE
total_budget,24789280.5598063,24789280.5598063,24789280.5598064,2.23517417907715e-08,1.25,2.23517417907715e-14,24.7892805598063,FALSE
error_reduction,59494273.3435352,59494273.3435352,59494273.3435352,1.49011611938477e-08,3,1.49011611938477e-14,59.4942733435352,FALSE
tool_fixed_cost,59494273.3435352,59494273.3435352,59494273.3435352,1.49011611938477e-08,3,1.49011611938477e-14,59.4942733435352,FALSE
error_reduction,24789280.5598063,24789280.5598063,24789280.5598063,7.45058059692383e-09,1.25,7.45058059692383e-15,24.7892805598063,FALSE
tool_fixed_cost,24789280.5598063,24789280.5598063,24789280.5598063,7.45058059692383e-09,1.25,7.45058059692383e-15,24.7892805598063,FALSE
error_reduction,29747136.6717676,29747136.6717676,29747136.6717676,7.45058059692383e-09,1.5,7.45058059692383e-15,29.7471366717676,FALSE
tool_fixed_cost,29747136.6717676,29747136.6717676,29747136.6717676,7.45058059692383e-09,1.5,7.45058059692383e-15,29.7471366717676,FALSE
error_reduction,39662848.8956901,39662848.8956901,39662848.8956902,7.45058059692383e-09,2,7.45058059692383e-15,39.6628488956902,FALSE
tool_fixed_cost,39662848.8956901,39662848.8956901,39662848.8956902,7.45058059692383e-09,2,7.45058059692383e-15,39.6628488956902,FALSE
error_reduction,0,19831424.4478451,19831424.4478451,0,0,0,0,FALSE
cost_reduction,0,19831424.4478451,19831424.4478451,0,0,0,0,FALSE
cycle_compression,0,19831424.4478451,19831424.4478451,0,0,0,0,FALSE
tool_fixed_cost,0,19831424.4478451,19831424.4478451,0,0,0,0,FALSE
total_budget,0,19831424.4478451,19831424.4478451,0,0,0,0,FALSE
bean_price,0,19831424.4478451,19831424.4478451,0,0,0,0,FALSE
discount_rate,0,19831424.4478451,19831424.4478451,0,0,0,0,FALSE
adoption_ceiling,0,19831424.4478451,19831424.4478451,0,0,0,0,FALSE
error_reduction,4957856.11196127,19831424.4478451,19831424.4478451,0,0.25,0,4.95785611196127,FALSE
cost_reduction,4957856.11196127,19831424.4478451,19831424.4478451,0,0.25,0,4.95785611196127,FALSE
tool_fixed_cost,4957856.11196127,19831424.4478451,19831424.4478451,0,0.25,0,4.95785611196127,FALSE
total_budget,4957856.11196127,19831424.4478451,19831424.4478451,0,0.25,0,4.95785611196127,FALSE
bean_price,4957856.11196127,19831424.4478451,19831424.4478451,0,0.25,0,4.95785611196127,FALSE
discount_rate,4957856.11196127,19831424.4478451,19831424.4478451,0,0.25,0,4.95785611196127,FALSE
adoption_ceiling,4957856.11196127,19831424.4478451,19831424.4478451,0,0.25,0,4.95785611196127,FALSE
error_reduction,9915712.22392253,19831424.4478451,19831424.4478451,0,0.5,0,9.91571222392254,FALSE
cost_reduction,9915712.22392253,19831424.4478451,19831424.4478451,0,0.5,0,9.91571222392254,FALSE
tool_fixed_cost,9915712.22392253,19831424.4478451,19831424.4478451,0,0.5,0,9.91571222392254,FALSE
total_budget,9915712.22392253,19831424.4478451,19831424.4478451,0,0.5,0,9.91571222392254,FALSE
error_reduction,14873568.3358838,19831424.4478451,19831424.4478451,0,0.75,0,14.8735683358838,FALSE
cost_reduction,14873568.3358838,19831424.4478451,19831424.4478451,0,0.75,0,14.8735683358838,FALSE
tool_fixed_cost,14873568.3358838,19831424.4478451,19831424.4478451,0,0.75,0,14.8735683358838,FALSE
total_budget,14873568.3358838,19831424.4478451,19831424.4478451,0,0.75,0,14.8735683358838,FALSE
cost_reduction,24789280.5598063,24789280.5598063,24789280.5598063,-2.23517417907715e-08,1.25,-2.23517417907715e-14,24.7892805598063,FALSE
cost_reduction,29747136.6717676,29747136.6717676,29747136.6717676,-2.60770320892334e-08,1.5,-2.60770320892334e-14,29.7471366717676,FALSE
cost_reduction,39662848.8956901,39662848.8956901,39662848.8956901,-3.72529029846191e-08,2,-3.72529029846191e-14,39.6628488956902,FALSE
cost_reduction,59494273.3435352,59494273.3435352,59494273.3435352,-5.21540641784668e-08,3,-5.21540641784668e-14,59.4942733435352,FALSE
