bean_price,discount_rate,adoption_ceiling,total_area_ha,frac_positive,median_npv
0.3,0.05,0.2,3000000,0.984201388888889,3933688.728755
0.3,0.05,0.2,4000000,0.984201388888889,5245851.27503508
0.3,0.05,0.2,5000000,0.984201388888889,6558013.82131515
0.3,0.05,0.2,6000000,0.984201388888889,7870176.36759522
0.3,0.05,0.2,7000000,0.984201388888889,9182338.9138753
0.3,0.05,0.3,3000000,0.984201388888889,5901932.54817511
0.3,0.05,0.3,4000000,0.984201388888889,7870176.36759522
0.3,0.05,0.3,5000000,0.984201388888889,9838420.18701533
0.3,0.05,0.3,6000000,0.984201388888889,11806664.0064354
0.3,0.05,0.3,7000000,0.984201388888889,13774907.8258556
0.3,0.05,0.4,3000000,0.984201388888889,7870176.36759522
0.3,0.05,0.4,4000000,0.984201388888889,10494501.4601554
0.3,0.05,0.4,5000000,0.984201388888889,13118826.5527155
0.3,0.05,0.4,6000000,0.984201388888889,15743151.6452757
0.3,0.05,0.4,7000000,0.984201388888889,18367476.7378358
0.3,0.05,0.5,3000000,0.984201388888889,9838420.18701533
0.3,0.05,0.5,4000000,0.984201388888889,13118826.5527155
0.3,0.05,0.5,5000000,0.984201388888889,16399232.9184157
0.3,0.05,0.5,6000000,0.984201388888889,19679639.2841159
0.3,0.05,0.5,7000000,0.984201388888889,22960045.6498161
0.3,0.05,0.6,3000000,0.984201388888889,11806664.0064354
0.3,0.05,0.6,4000000,0.984201388888889,15743151.6452757
0.3,0.05,0.6,5000000,0.984201388888889,19679639.2841159
0.3,0.05,0.6,6000000,0.984201388888889,23616126.9229561
0.3,0.05,0.6,7000000,0.984201388888889,27552614.5617963
0.3,0.08,0.2,3000000,0.984201388888889,2340707.2845202
0.3,0.08,0.2,4000000,0.984201388888889,3122210.46643583
0.3,0.08,0.2,5000000,0.984201388888889,3903713.64835147
0.3,0.08,0.2,6000000,0.984201388888889,4685216.83026711
0.3,0.08,0.2,7000000,0.984201388888889,5466720.01218275
0.3,0.08,0.3,3000000,0.984201388888889,3512962.05739365
0.3,0.08,0.3,4000000,0.984201388888889,4685216.83026711
0.3,0.08,0.3,5000000,0.984201388888889,5857471.60314057
0.3,0.08,0.3,6000000,0.984201388888889,7029726.37601402
0.3,0.08,0.3,7000000,0.984201388888889,8201981.14888748
0.3,0.08,0.4,3000000,0.984201388888889,4685216.83026711
0.3,0.08,0.4,4000000,0.984201388888889,6248223.19409839
0.3,0.08,0.4,5000000,0.984201388888889,7811229.55792966
0.3,0.08,0.4,6000000,0.984201388888889,9374235.92176094
0.3,0.08,0.4,7000000,0.984201388888889,10937242.2855922
0.3,0.08,0.5,3000000,0.984201388888889,5857471.60314057
0.3,0.08,0.5,4000000,0.984201388888889,7811229.55792966
0.3,0.08,0.5,5000000,0.984201388888889,9764987.51271876
0.3,0.08,0.5,6000000,0.984201388888889,11718745.4675079
0.3,0.08,0.5,7000000,0.984201388888889,13672503.4222969
0.3,0.08,0.6,3000000,0.984201388888889,7029726.37601402
0.3,0.08,0.6,4000000,0.984201388888889,9374235.92176094
0.3,0.08,0.6,5000000,0.984201388888889,11718745.4675079
0.3,0.08,0.6,6000000,0.984201388888889,14063255.0132548
0.3,0.08,0.6,7000000,0.984201388888889,16407764.5590017
0.3,0.1,0.2,3000000,0.984201388888889,1679450.60864703
0.3,0.1,0.2,4000000,0.984201388888889,2240694.61615625
0.3,0.1,0.2,5000000,0.984201388888889,2801938.62366547
0.3,0.1,0.2,6000000,0.984201388888889,3363182.63117468
0.3,0.1,0.2,7000000,0.984201388888889,3924426.6386839
0.3,0.1,0.3,3000000,0.984201388888889,2521316.61991086
0.3,0.1,0.3,4000000,0.984201388888889,3363182.63117468
0.3,0.1,0.3,5000000,0.984201388888889,4205048.64243851
0.3,0.1,0.3,6000000,0.984201388888889,5046914.65370234
0.3,0.1,0.3,7000000,0.984201388888889,5888780.66496616
0.3,0.1,0.4,3000000,0.984201388888889,3363182.63117468
0.3,0.1,0.4,4000000,0.984201388888889,4485670.64619312
0.3,0.1,0.4,5000000,0.984201388888889,5608158.66121155
0.3,0.1,0.4,6000000,0.984201388888889,6730646.67622999
0.3,0.1,0.4,7000000,0.984201388888889,7853134.69124842
0.3,0.1,0.5,3000000,0.984201388888889,4205048.64243851
0.3,0.1,0.5,4000000,0.984201388888889,5608158.66121155
0.3,0.1,0.5,5000000,0.984201388888889,7011268.6799846
0.3,0.1,0.5,6000000,0.984201388888889,8414378.69875764
0.3,0.1,0.5,7000000,0.984201388888889,9817488.71753068
0.3,0.1,0.6,3000000,0.984201388888889,5046914.65370234
0.3,0.1,0.6,4000000,0.984201388888889,6730646.67622999
0.3,0.1,0.6,5000000,0.984201388888889,8414378.69875764
0.3,0.1,0.6,6000000,0.984201388888889,10098110.7212853
0.3,0.1,0.6,7000000,0.984201388888889,11781842.7438129
0.3,0.12,0.2,3000000,0.984201388888889,1217901.03863667
0.3,0.12,0.2,4000000,0.984201388888889,1625416.22975219
0.3,0.12,0.2,5000000,0.984201388888889,2032931.4208677
0.3,0.12,0.2,6000000,0.984201388888889,2440446.61198322
0.3,0.12,0.2,7000000,0.984201388888889,2847961.80309874
0.3,0.12,0.3,3000000,0.984201388888889,1829173.82530995
0.3,0.12,0.3,4000000,0.984201388888889,2440446.61198322
0.3,0.12,0.3,5000000,0.984201388888889,3051719.3986565
0.3,0.12,0.3,6000000,0.984201388888889,3662992.18532977
0.3,0.12,0.3,7000000,0.984201388888889,4274264.97200305
0.3,0.12,0.4,3000000,0.984201388888889,2440446.61198322
0.3,0.12,0.4,4000000,0.984201388888889,3255476.99421426
0.3,0.12,0.4,5000000,0.984201388888889,4070507.37644529
0.3,0.12,0.4,6000000,0.984201388888889,4885537.75867633
0.3,0.12,0.4,7000000,0.984201388888889,5700568.14090736
0.3,0.12,0.5,3000000,0.984201388888889,3051719.3986565
0.3,0.12,0.5,4000000,0.984201388888889,4070507.37644529
0.3,0.12,0.5,5000000,0.984201388888889,5089295.35423408
0.3,0.12,0.5,6000000,0.984201388888889,6108083.33202288
0.3,0.12,0.5,7000000,0.984201388888889,7126871.30981167
0.3,0.12,0.6,3000000,0.984201388888889,3662992.18532977
0.3,0.12,0.6,4000000,0.984201388888889,4885537.75867633
0.3,0.12,0.6,5000000,0.984201388888889,6108083.33202288
0.3,0.12,0.6,6000000,0.984201388888889,7330628.90536943
0.3,0.12,0.6,7000000,0.984201388888889,8553174.47871598
0.3,0.15,0.2,3000000,0.984201388888889,766356.267487008
0.3,0.15,0.2,4000000,0.984201388888889,1023482.32452481
0.3,0.15,0.2,5000000,0.984201388888889,1280608.38156261
0.3,0.15,0.2,6000000,0.984201388888889,1537734.43860041
0.3,0.15,0.2,7000000,0.984201388888889,1794860.49563821
0.3,0.15,0.3,3000000,0.984201388888889,1152045.35304371
0.3,0.15,0.3,4000000,0.984201388888889,1537734.43860041
0.3,0.15,0.3,5000000,0.984201388888889,1923423.52415711
0.3,0.15,0.3,6000000,0.984201388888889,2309112.60971381
0.3,0.15,0.3,7000000,0.984201388888889,2694801.69527051
0.3,0.15,0.4,3000000,0.984201388888889,1537734.43860041
0.3,0.15,0.4,4000000,0.984201388888889,2051986.55267601
0.3,0.15,0.4,5000000,0.984201388888889,2566238.66675161
0.3,0.15,0.4,6000000,0.984201388888889,3080490.78082721
0.3,0.15,0.4,7000000,0.984201388888889,3594742.89490281
0.3,0.15,0.5,3000000,0.984201388888889,1923423.52415711
0.3,0.15,0.5,4000000,0.984201388888889,2566238.66675161
0.3,0.15,0.5,5000000,0.984201388888889,3209053.80934611
0.3,0.15,0.5,6000000,0.984201388888889,3851868.95194061
0.3,0.15,0.5,7000000,0.984201388888889,4494684.09453511
0.3,0.15,0.6,3000000,0.984201388888889,2309112.60971381
0.3,0.15,0.6,4000000,0.984201388888889,3080490.78082721
0.3,0.15,0.6,5000000,0.984201388888889,3851868.95194061
0.3,0.15,0.6,6000000,0.984201388888889,4623247.12305401
0.3,0.15,0.6,7000000,0.984201388888889,5394625.29416741
0.5,0.05,0.2,3000000,0.984201388888889,6558013.82131515
0.5,0.05,0.2,4000000,0.984201388888889,8744951.3984486
0.5,0.05,0.2,5000000,0.984201388888889,10931888.9755821
0.5,0.05,0.2,6000000,0.984201388888889,13118826.5527155
0.5,0.05,0.2,7000000,0.984201388888889,15305764.129849
0.5,0.05,0.3,3000000,0.984201388888889,9838420.18701533
0.5,0.05,0.3,4000000,0.984201388888889,13118826.5527155
0.5,0.05,0.3,5000000,0.984201388888889,16399232.9184157
0.5,0.05,0.3,6000000,0.984201388888889,19679639.2841159
0.5,0.05,0.3,7000000,0.984201388888889,22960045.6498161
0.5,0.05,0.4,3000000,0.984201388888889,13118826.5527155
0.5,0.05,0.4,4000000,0.984201388888889,17492701.7069824
0.5,0.05,0.4,5000000,0.984201388888889,21866576.8612493
0.5,0.05,0.4,6000000,0.984201388888889,26240452.0155163
0.5,0.05,0.4,7000000,0.984201388888889,30614327.1697832
0.5,0.05,0.5,3000000,0.984201388888889,16399232.9184157
0.5,0.05,0.5,4000000,0.984201388888889,21866576.8612493
0.5,0.05,0.5,5000000,0.984201388888889,27333920.804083
0.5,0.05,0.5,6000000,0.984201388888889,32801264.7469166
0.5,0.05,0.5,7000000,0.984201388888889,38268608.6897503
0.5,0.05,0.6,3000000,0.984201388888889,19679639.2841159
0.5,0.05,0.6,4000000,0.984201388888889,26240452.0155162
0.5,0.05,0.6,5000000,0.984201388888889,32801264.7469166
0.5,0.05,0.6,6000000,0.984201388888889,39362077.478317
0.5,0.05,0.6,7000000,0.984201388888889,45922890.2097174
0.5,0.08,0.2,3000000,0.984201388888889,3903713.64835147
0.5,0.08,0.2,4000000,0.984201388888889,5206218.9515442
0.5,0.08,0.2,5000000,0.984201388888889,6508724.25473693
0.5,0.08,0.2,6000000,0.984201388888889,7811229.55792966
0.5,0.08,0.2,7000000,0.984201388888889,9113734.86112239
0.5,0.08,0.3,3000000,0.984201388888889,5857471.60314057
0.5,0.08,0.3,4000000,0.984201388888889,7811229.55792966
0.5,0.08,0.3,5000000,0.984201388888889,9764987.51271876
0.5,0.08,0.3,6000000,0.984201388888889,11718745.4675079
0.5,0.08,0.3,7000000,0.984201388888889,13672503.4222969
0.5,0.08,0.4,3000000,0.984201388888889,7811229.55792966
0.5,0.08,0.4,4000000,0.984201388888889,10416240.1643151
0.5,0.08,0.4,5000000,0.984201388888889,13021250.7707006
0.5,0.08,0.4,6000000,0.984201388888889,15626261.377086
0.5,0.08,0.4,7000000,0.984201388888889,18231271.9834715
0.5,0.08,0.5,3000000,0.984201388888889,9764987.51271876
0.5,0.08,0.5,4000000,0.984201388888889,13021250.7707006
0.5,0.08,0.5,5000000,0.984201388888889,16277514.0286824
0.5,0.08,0.5,6000000,0.984201388888889,19533777.2866642
0.5,0.08,0.5,7000000,0.984201388888889,22790040.5446461
0.5,0.08,0.6,3000000,0.984201388888889,11718745.4675079
0.5,0.08,0.6,4000000,0.984201388888889,15626261.377086
0.5,0.08,0.6,5000000,0.984201388888889,19533777.2866642
0.5,0.08,0.6,6000000,0.984201388888889,23441293.1962424
0.5,0.08,0.6,7000000,0.984201388888889,27348809.1058206
0.5,0.1,0.2,3000000,0.984201388888889,2801938.62366547
0.5,0.1,0.2,4000000,0.984201388888889,3737345.3028475
0.5,0.1,0.2,5000000,0.984201388888889,4672751.98202952
0.5,0.1,0.2,6000000,0.984201388888889,5608158.66121155
0.5,0.1,0.2,7000000,0.984201388888889,6543565.34039358
0.5,0.1,0.3,3000000,0.984201388888889,4205048.64243851
0.5,0.1,0.3,4000000,0.984201388888889,5608158.66121155
0.5,0.1,0.3,5000000,0.984201388888889,7011268.6799846
0.5,0.1,0.3,6000000,0.984201388888889,8414378.69875764
0.5,0.1,0.3,7000000,0.984201388888889,9817488.71753068
0.5,0.1,0.4,3000000,0.984201388888889,5608158.66121155
0.5,0.1,0.4,4000000,0.984201388888889,7478972.01957561
0.5,0.1,0.4,5000000,0.984201388888889,9349785.37793967
0.5,0.1,0.4,6000000,0.984201388888889,11220598.7363037
0.5,0.1,0.4,7000000,0.984201388888889,13091412.0946678
0.5,0.1,0.5,3000000,0.984201388888889,7011268.6799846
0.5,0.1,0.5,4000000,0.984201388888889,9349785.37793967
0.5,0.1,0.5,5000000,0.984201388888889,11688302.0758947
0.5,0.1,0.5,6000000,0.984201388888889,14026818.7738498
0.5,0.1,0.5,7000000,0.984201388888889,16365335.4718049
0.5,0.1,0.6,3000000,0.984201388888889,8414378.69875764
0.5,0.1,0.6,4000000,0.984201388888889,11220598.7363037
0.5,0.1,0.6,5000000,0.984201388888889,14026818.7738498
0.5,0.1,0.6,6000000,0.984201388888889,16833038.8113959
0.5,0.1,0.6,7000000,0.984201388888889,19639258.848942
0.5,0.12,0.2,3000000,0.984201388888889,2032931.4208677
0.5,0.12,0.2,4000000,0.984201388888889,2712123.40606023
0.5,0.12,0.2,5000000,0.984201388888889,3391315.39125276
0.5,0.12,0.2,6000000,0.984201388888889,4070507.37644529
0.5,0.12,0.2,7000000,0.984201388888889,4749699.36163782
0.5,0.12,0.3,3000000,0.984201388888889,3051719.3986565
0.5,0.12,0.3,4000000,0.984201388888889,4070507.37644529
0.5,0.12,0.3,5000000,0.984201388888889,5089295.35423408
0.5,0.12,0.3,6000000,0.984201388888889,6108083.33202288
0.5,0.12,0.3,7000000,0.984201388888889,7126871.30981167
0.5,0.12,0.4,3000000,0.984201388888889,4070507.37644529
0.5,0.12,0.4,4000000,0.984201388888889,5428891.34683035
0.5,0.12,0.4,5000000,0.984201388888889,6787275.31721541
0.5,0.12,0.4,6000000,0.984201388888889,8145659.28760046
0.5,0.12,0.4,7000000,0.984201388888889,9504043.25798552
0.5,0.12,0.5,3000000,0.984201388888889,5089295.35423408
0.5,0.12,0.5,4000000,0.984201388888889,6787275.31721541
0.5,0.12,0.5,5000000,0.984201388888889,8485255.28019673
0.5,0.12,0.5,6000000,0.984201388888889,10183235.243178
0.5,0.12,0.5,7000000,0.984201388888889,11881215.2061594
0.5,0.12,0.6,3000000,0.984201388888889,6108083.33202288
0.5,0.12,0.6,4000000,0.984201388888889,8145659.28760046
0.5,0.12,0.6,5000000,0.984201388888889,10183235.243178
0.5,0.12,0.6,6000000,0.984201388888889,12220811.1987556
0.5,0.12,0.6,7000000,0.984201388888889,14258387.1543332
0.5,0.15,0.2,3000000,0.984201388888889,1280608.38156261
0.5,0.15,0.2,4000000,0.984201388888889,1709151.80995894
0.5,0.15,0.2,5000000,0.984201388888889,2137695.23835528
0.5,0.15,0.2,6000000,0.984201388888889,2566238.66675161
0.5,0.15,0.2,7000000,0.984201388888889,2994782.09514794
0.5,0.15,0.3,3000000,0.984201388888889,1923423.52415711
0.5,0.15,0.3,4000000,0.984201388888889,2566238.66675161
0.5,0.15,0.3,5000000,0.984201388888889,3209053.80934611
0.5,0.15,0.3,6000000,0.984201388888889,3851868.95194061
0.5,0.15,0.3,7000000,0.984201388888889,4494684.09453511
0.5,0.15,0.4,3000000,0.984201388888889,2566238.66675161
0.5,0.15,0.4,4000000,0.984201388888889,3423325.52354428
0.5,0.15,0.4,5000000,0.984201388888889,4280412.38033694
0.5,0.15,0.4,6000000,0.984201388888889,5137499.23712961
0.5,0.15,0.4,7000000,0.984201388888889,5994586.09392228
0.5,0.15,0.5,3000000,0.984201388888889,3209053.80934611
0.5,0.15,0.5,4000000,0.984201388888889,4280412.38033694
0.5,0.15,0.5,5000000,0.984201388888889,5351770.95132778
0.5,0.15,0.5,6000000,0.984201388888889,6423129.52231861
0.5,0.15,0.5,7000000,0.984201388888889,7494488.09330945
0.5,0.15,0.6,3000000,0.984201388888889,3851868.95194061
0.5,0.15,0.6,4000000,0.984201388888889,5137499.23712961
0.5,0.15,0.6,5000000,0.984201388888889,6423129.52231861
0.5,0.15,0.6,6000000,0.984201388888889,7708759.80750761
0.5,0.15,0.6,7000000,0.984201388888889,8994390.09269661
0.8,0.05,0.2,3000000,0.984201388888889,10494501.4601554
0.8,0.05,0.2,4000000,0.984201388888889,13993601.5835689
0.8,0.05,0.2,5000000,0.984201388888889,17492701.7069824
0.8,0.05,0.2,6000000,0.984201388888889,20991801.830396
0.8,0.05,0.2,7000000,0.984201388888889,24490901.9538095
0.8,0.05,0.3,3000000,0.984201388888889,15743151.6452757
0.8,0.05,0.3,4000000,0.984201388888889,20991801.830396
0.8,0.05,0.3,5000000,0.984201388888889,26240452.0155163
0.8,0.05,0.3,6000000,0.984201388888889,31489102.2006365
0.8,0.05,0.3,7000000,0.984201388888889,36737752.3857568
0.8,0.05,0.4,3000000,0.984201388888889,20991801.830396
0.8,0.05,0.4,4000000,0.984201388888889,27990002.077223
0.8,0.05,0.4,5000000,0.984201388888889,34988202.3240501
0.8,0.05,0.4,6000000,0.984201388888889,41986402.5708771
0.8,0.05,0.4,7000000,0.984201388888889,48984602.8177042
0.8,0.05,0.5,3000000,0.984201388888889,26240452.0155163
0.8,0.05,0.5,4000000,0.984201388888889,34988202.3240501
0.8,0.05,0.5,5000000,0.984201388888889,43735952.6325839
0.8,0.05,0.5,6000000,0.984201388888889,52483702.9411177
0.8,0.05,0.5,7000000,0.984201388888889,61231453.2496515
0.8,0.05,0.6,3000000,0.984201388888889,31489102.2006365
0.8,0.05,0.6,4000000,0.984201388888889,41986402.5708771
0.8,0.05,0.6,5000000,0.984201388888889,52483702.9411177
0.8,0.05,0.6,6000000,0.984201388888889,62981003.3113583
0.8,0.05,0.6,7000000,0.984201388888889,73478303.6815989
0.8,0.08,0.2,3000000,0.984201388888889,6248223.19409839
0.8,0.08,0.2,4000000,0.984201388888889,8332231.67920675
0.8,0.08,0.2,5000000,0.984201388888889,10416240.1643151
0.8,0.08,0.2,6000000,0.984201388888889,12500248.6494235
0.8,0.08,0.2,7000000,0.984201388888889,14584257.1345319
0.8,0.08,0.3,3000000,0.984201388888889,9374235.92176094
0.8,0.08,0.3,4000000,0.984201388888889,12500248.6494235
0.8,0.08,0.3,5000000,0.984201388888889,15626261.377086
0.8,0.08,0.3,6000000,0.984201388888889,18752274.1047486
0.8,0.08,0.3,7000000,0.984201388888889,21878286.8324111
0.8,0.08,0.4,3000000,0.984201388888889,12500248.6494235
0.8,0.08,0.4,4000000,0.984201388888889,16668265.6196402
0.8,0.08,0.4,5000000,0.984201388888889,20836282.589857
0.8,0.08,0.4,6000000,0.984201388888889,25004299.5600737
0.8,0.08,0.4,7000000,0.984201388888889,29172316.5302904
0.8,0.08,0.5,3000000,0.984201388888889,15626261.377086
0.8,0.08,0.5,4000000,0.984201388888889,20836282.589857
0.8,0.08,0.5,5000000,0.984201388888889,26046303.8026279
0.8,0.08,0.5,6000000,0.984201388888889,31256325.0153988
0.8,0.08,0.5,7000000,0.984201388888889,36466346.2281697
0.8,0.08,0.6,3000000,0.984201388888889,18752274.1047486
0.8,0.08,0.6,4000000,0.984201388888889,25004299.5600737
0.8,0.08,0.6,5000000,0.984201388888889,31256325.0153988
0.8,0.08,0.6,6000000,0.984201388888889,37508350.4707239
0.8,0.08,0.6,7000000,0.984201388888889,43760375.926049
0.8,0.1,0.2,3000000,0.984201388888889,4485670.64619312
0.8,0.1,0.2,4000000,0.984201388888889,5982321.33288437
0.8,0.1,0.2,5000000,0.984201388888889,7478972.01957561
0.8,0.1,0.2,6000000,0.984201388888889,8975622.70626686
0.8,0.1,0.2,7000000,0.984201388888889,10472273.3929581
0.8,0.1,0.3,3000000,0.984201388888889,6730646.67622999
0.8,0.1,0.3,4000000,0.984201388888889,8975622.70626686
0.8,0.1,0.3,5000000,0.984201388888889,11220598.7363037
0.8,0.1,0.3,6000000,0.984201388888889,13465574.7663406
0.8,0.1,0.3,7000000,0.984201388888889,15710550.7963775
0.8,0.1,0.4,3000000,0.984201388888889,8975622.70626686
0.8,0.1,0.4,4000000,0.984201388888889,11968924.0796494
0.8,0.1,0.4,5000000,0.984201388888889,14962225.4530318
0.8,0.1,0.4,6000000,0.984201388888889,17955526.8264143
0.8,0.1,0.4,7000000,0.984201388888889,20948828.1997968
0.8,0.1,0.5,3000000,0.984201388888889,11220598.7363037
0.8,0.1,0.5,4000000,0.984201388888889,14962225.4530318
0.8,0.1,0.5,5000000,0.984201388888889,18703852.16976
0.8,0.1,0.5,6000000,0.984201388888889,22445478.8864881
0.8,0.1,0.5,7000000,0.984201388888889,26187105.6032162
0.8,0.1,0.6,3000000,0.984201388888889,13465574.7663406
0.8,0.1,0.6,4000000,0.984201388888889,17955526.8264143
0.8,0.1,0.6,5000000,0.984201388888889,22445478.8864881
0.8,0.1,0.6,6000000,0.984201388888889,26935430.9465618
0.8,0.1,0.6,7000000,0.984201388888889,31425383.0066356
0.8,0.12,0.2,3000000,0.984201388888889,3255476.99421426
0.8,0.12,0.2,4000000,0.984201388888889,4342184.1705223
0.8,0.12,0.2,5000000,0.984201388888889,5428891.34683035
0.8,0.12,0.2,6000000,0.984201388888889,6515598.5231384
0.8,0.12,0.2,7000000,0.984201388888889,7602305.69944644
0.8,0.12,0.3,3000000,0.984201388888889,4885537.75867633
0.8,0.12,0.3,4000000,0.984201388888889,6515598.5231384
0.8,0.12,0.3,5000000,0.984201388888889,8145659.28760047
0.8,0.12,0.3,6000000,0.984201388888889,9775720.05206253
0.8,0.12,0.3,7000000,0.984201388888889,11405780.8165246
0.8,0.12,0.4,3000000,0.984201388888889,6515598.5231384
0.8,0.12,0.4,4000000,0.984201388888889,8689012.87575449
0.8,0.12,0.4,5000000,0.984201388888889,10862427.2283706
0.8,0.12,0.4,6000000,0.984201388888889,13035841.5809867
0.8,0.12,0.4,7000000,0.984201388888889,15209255.9336028
0.8,0.12,0.5,3000000,0.984201388888889,8145659.28760046
0.8,0.12,0.5,4000000,0.984201388888889,10862427.2283706
0.8,0.12,0.5,5000000,0.984201388888889,13579195.1691407
0.8,0.12,0.5,6000000,0.984201388888889,16295963.1099108
0.8,0.12,0.5,7000000,0.984201388888889,19012731.0506809
0.8,0.12,0.6,3000000,0.984201388888889,9775720.05206253
0.8,0.12,0.6,4000000,0.984201388888889,13035841.5809867
0.8,0.12,0.6,5000000,0.984201388888889,16295963.1099108
0.8,0.12,0.6,6000000,0.984201388888889,19556084.6388349
0.8,0.12,0.6,7000000,0.984201388888889,22816206.1677591
0.8,0.15,0.2,3000000,0.984201388888889,2051986.55267601
0.8,0.15,0.2,4000000,0.984201388888889,2737656.03811014
0.8,0.15,0.2,5000000,0.984201388888889,3423325.52354428
0.8,0.15,0.2,6000000,0.984201388888889,4108995.00897841
0.8,0.15,0.2,7000000,0.984201388888889,4794664.49441254
0.8,0.15,0.3,3000000,0.984201388888889,3080490.78082721
0.8,0.15,0.3,4000000,0.984201388888889,4108995.00897841
0.8,0.15,0.3,5000000,0.984201388888889,5137499.23712961
0.8,0.15,0.3,6000000,0.984201388888889,6166003.46528081
0.8,0.15,0.3,7000000,0.984201388888889,7194507.69343201
0.8,0.15,0.4,3000000,0.984201388888889,4108995.00897841
0.8,0.15,0.4,4000000,0.984201388888889,5480333.97984668
0.8,0.15,0.4,5000000,0.984201388888889,6851672.95071495
0.8,0.15,0.4,6000000,0.984201388888889,8223011.92158321
0.8,0.15,0.4,7000000,0.984201388888889,9594350.89245148
0.8,0.15,0.5,3000000,0.984201388888889,5137499.23712961
0.8,0.15,0.5,4000000,0.984201388888889,6851672.95071495
0.8,0.15,0.5,5000000,0.984201388888889,8565846.66430028
0.8,0.15,0.5,6000000,0.984201388888889,10280020.3778856
0.8,0.15,0.5,7000000,0.984201388888889,11994194.0914709
0.8,0.15,0.6,3000000,0.984201388888889,6166003.46528081
0.8,0.15,0.6,4000000,0.984201388888889,8223011.92158321
0.8,0.15,0.6,5000000,0.984201388888889,10280020.3778856
0.8,0.15,0.6,6000000,0.984201388888889,12337028.834188
0.8,0.15,0.6,7000000,0.984201388888889,14394037.2904904
1.1,0.05,0.2,3000000,0.984201388888889,14430989.0989956
1.1,0.05,0.2,4000000,0.984201388888889,19242251.7686892
1.1,0.05,0.2,5000000,0.984201388888889,24053514.4383828
1.1,0.05,0.2,6000000,0.984201388888889,28864777.1080764
1.1,0.05,0.2,7000000,0.984201388888889,33676039.77777
1.1,0.05,0.3,3000000,0.984201388888889,21647883.103536
1.1,0.05,0.3,4000000,0.984201388888889,28864777.1080764
1.1,0.05,0.3,5000000,0.984201388888889,36081671.1126168
1.1,0.05,0.3,6000000,0.984201388888889,43298565.1171572
1.1,0.05,0.3,7000000,0.984201388888889,50515459.1216976
1.1,0.05,0.4,3000000,0.984201388888889,28864777.1080764
1.1,0.05,0.4,4000000,0.984201388888889,38487302.4474636
1.1,0.05,0.4,5000000,0.984201388888889,48109827.7868508
1.1,0.05,0.4,6000000,0.984201388888889,57732353.126238
1.1,0.05,0.4,7000000,0.984201388888889,67354878.4656252
1.1,0.05,0.5,3000000,0.984201388888889,36081671.1126168
1.1,0.05,0.5,4000000,0.984201388888889,48109827.7868508
1.1,0.05,0.5,5000000,0.984201388888889,60137984.4610848
1.1,0.05,0.5,6000000,0.984201388888889,72166141.1353188
1.1,0.05,0.5,7000000,0.984201388888889,84194297.8095528
1.1,0.05,0.6,3000000,0.984201388888889,43298565.1171572
1.1,0.05,0.6,4000000,0.984201388888889,57732353.126238
1.1,0.05,0.6,5000000,0.984201388888889,72166141.1353188
1.1,0.05,0.6,6000000,0.984201388888889,86599929.1443996
1.1,0.05,0.6,7000000,0.984201388888889,101033717.15348
1.1,0.08,0.2,3000000,0.984201388888889,8592732.7398453
1.1,0.08,0.2,4000000,0.984201388888889,11458244.4068693
1.1,0.08,0.2,5000000,0.984201388888889,14323756.0738933
1.1,0.08,0.2,6000000,0.984201388888889,17189267.7409173
1.1,0.08,0.2,7000000,0.984201388888889,20054779.4079413
1.1,0.08,0.3,3000000,0.984201388888889,12891000.2403813
1.1,0.08,0.3,4000000,0.984201388888889,17189267.7409173
1.1,0.08,0.3,5000000,0.984201388888889,21487535.2414533
1.1,0.08,0.3,6000000,0.984201388888889,25785802.7419893
1.1,0.08,0.3,7000000,0.984201388888889,30084070.2425253
1.1,0.08,0.4,3000000,0.984201388888889,17189267.7409173
1.1,0.08,0.4,4000000,0.984201388888889,22920291.0749653
1.1,0.08,0.4,5000000,0.984201388888889,28651314.4090133
1.1,0.08,0.4,6000000,0.984201388888889,34382337.7430614
1.1,0.08,0.4,7000000,0.984201388888889,40113361.0771094
1.1,0.08,0.5,3000000,0.984201388888889,21487535.2414533
1.1,0.08,0.5,4000000,0.984201388888889,28651314.4090133
1.1,0.08,0.5,5000000,0.984201388888889,35815093.5765734
1.1,0.08,0.5,6000000,0.984201388888889,42978872.7441334
1.1,0.08,0.5,7000000,0.984201388888889,50142651.9116934
1.1,0.08,0.6,3000000,0.984201388888889,25785802.7419893
1.1,0.08,0.6,4000000,0.984201388888889,34382337.7430614
1.1,0.08,0.6,5000000,0.984201388888889,42978872.7441334
1.1,0.08,0.6,6000000,0.984201388888889,51575407.7452054
1.1,0.08,0.6,7000000,0.984201388888889,60171942.7462774
1.1,0.1,0.2,3000000,0.984201388888889,6169402.66872077
1.1,0.1,0.2,4000000,0.984201388888889,8227297.36292124
1.1,0.1,0.2,5000000,0.984201388888889,10285192.0571217
1.1,0.1,0.2,6000000,0.984201388888889,12343086.7513222
1.1,0.1,0.2,7000000,0.984201388888889,14400981.4455226
1.1,0.1,0.3,3000000,0.984201388888889,9256244.71002147
1.1,0.1,0.3,4000000,0.984201388888889,12343086.7513222
1.1,0.1,0.3,5000000,0.984201388888889,15429928.7926229
1.1,0.1,0.3,6000000,0.984201388888889,18516770.8339236
1.1,0.1,0.3,7000000,0.984201388888889,21603612.8752243
1.1,0.1,0.4,3000000,0.984201388888889,12343086.7513222
1.1,0.1,0.4,4000000,0.984201388888889,16458876.1397231
1.1,0.1,0.4,5000000,0.984201388888889,20574665.528124
1.1,0.1,0.4,6000000,0.984201388888889,24690454.916525
1.1,0.1,0.4,7000000,0.984201388888889,28806244.3049259
1.1,0.1,0.5,3000000,0.984201388888889,15429928.7926229
1.1,0.1,0.5,4000000,0.984201388888889,20574665.528124
1.1,0.1,0.5,5000000,0.984201388888889,25719402.2636252
1.1,0.1,0.5,6000000,0.984201388888889,30864138.9991263
1.1,0.1,0.5,7000000,0.984201388888889,36008875.7346275
1.1,0.1,0.6,3000000,0.984201388888889,18516770.8339236
1.1,0.1,0.6,4000000,0.984201388888889,24690454.9165249
1.1,0.1,0.6,5000000,0.984201388888889,30864138.9991263
1.1,0.1,0.6,6000000,0.984201388888889,37037823.0817277
1.1,0.1,0.6,7000000,0.984201388888889,43211507.1643291
1.1,0.12,0.2,3000000,0.984201388888889,4478022.56756081
1.1,0.12,0.2,4000000,0.984201388888889,5972244.93498437
1.1,0.12,0.2,5000000,0.984201388888889,7466467.30240794
1.1,0.12,0.2,6000000,0.984201388888889,8960689.6698315
1.1,0.12,0.2,7000000,0.984201388888889,10454912.0372551
1.1,0.12,0.3,3000000,0.984201388888889,6719356.11869615
1.1,0.12,0.3,4000000,0.984201388888889,8960689.6698315
1.1,0.12,0.3,5000000,0.984201388888889,11202023.2209668
1.1,0.12,0.3,6000000,0.984201388888889,13443356.7721022
1.1,0.12,0.3,7000000,0.984201388888889,15684690.3232375
1.1,0.12,0.4,3000000,0.984201388888889,8960689.6698315
1.1,0.12,0.4,4000000,0.984201388888889,11949134.4046786
1.1,0.12,0.4,5000000,0.984201388888889,14937579.1395258
1.1,0.12,0.4,6000000,0.984201388888889,17926023.8743729
1.1,0.12,0.4,7000000,0.984201388888889,20914468.60922
1.1,0.12,0.5,3000000,0.984201388888889,11202023.2209668
1.1,0.12,0.5,4000000,0.984201388888889,14937579.1395258
1.1,0.12,0.5,5000000,0.984201388888889,18673135.0580847
1.1,0.12,0.5,6000000,0.984201388888889,22408690.9766436
1.1,0.12,0.5,7000000,0.984201388888889,26144246.8952025
1.1,0.12,0.6,3000000,0.984201388888889,13443356.7721022
1.1,0.12,0.6,4000000,0.984201388888889,17926023.8743729
1.1,0.12,0.6,5000000,0.984201388888889,22408690.9766436
1.1,0.12,0.6,6000000,0.984201388888889,26891358.0789143
1.1,0.12,0.6,7000000,0.984201388888889,31374025.1811849
1.1,0.15,0.2,3000000,0.984201388888889,2823364.72378941
1.1,0.15,0.2,4000000,0.984201388888889,3766160.26626134
1.1,0.15,0.2,5000000,0.984201388888889,4708955.80873328
1.1,0.15,0.2,6000000,0.984201388888889,5651751.35120521
1.1,0.15,0.2,7000000,0.984201388888889,6594546.89367715
1.1,0.15,0.3,3000000,0.984201388888889,4237558.03749731
1.1,0.15,0.3,4000000,0.984201388888889,5651751.35120521
1.1,0.15,0.3,5000000,0.984201388888889,7065944.66491311
1.1,0.15,0.3,6000000,0.984201388888889,8480137.97862101
1.1,0.15,0.3,7000000,0.984201388888889,9894331.29232891
1.1,0.15,0.4,3000000,0.984201388888889,5651751.35120521
1.1,0.15,0.4,4000000,0.984201388888889,7537342.43614908
1.1,0.15,0.4,5000000,0.984201388888889,9422933.52109295
1.1,0.15,0.4,6000000,0.984201388888889,11308524.6060368
1.1,0.15,0.4,7000000,0.984201388888889,13194115.6909807
1.1,0.15,0.5,3000000,0.984201388888889,7065944.66491311
1.1,0.15,0.5,4000000,0.984201388888889,9422933.52109295
1.1,0.15,0.5,5000000,0.984201388888889,11779922.3772728
1.1,0.15,0.5,6000000,0.984201388888889,14136911.2334526
1.1,0.15,0.5,7000000,0.984201388888889,16493900.0896325
1.1,0.15,0.6,3000000,0.984201388888889,8480137.97862101
1.1,0.15,0.6,4000000,0.984201388888889,11308524.6060368
1.1,0.15,0.6,5000000,0.984201388888889,14136911.2334526
1.1,0.15,0.6,6000000,0.984201388888889,16965297.8608684
1.1,0.15,0.6,7000000,0.984201388888889,19793684.4882842
1.5,0.05,0.2,3000000,0.984201388888889,19679639.2841159
1.5,0.05,0.2,4000000,0.984201388888889,26240452.0155163
1.5,0.05,0.2,5000000,0.984201388888889,32801264.7469166
1.5,0.05,0.2,6000000,0.984201388888889,39362077.478317
1.5,0.05,0.2,7000000,0.984201388888889,45922890.2097174
1.5,0.05,0.3,3000000,0.984201388888889,29520858.3812164
1.5,0.05,0.3,4000000,0.984201388888889,39362077.478317
1.5,0.05,0.3,5000000,0.984201388888889,49203296.5754175
1.5,0.05,0.3,6000000,0.984201388888889,59044515.6725181
1.5,0.05,0.3,7000000,0.984201388888889,68885734.7696186
1.5,0.05,0.4,3000000,0.984201388888889,39362077.478317
1.5,0.05,0.4,4000000,0.984201388888889,52483702.9411177
1.5,0.05,0.4,5000000,0.984201388888889,65605328.4039185
1.5,0.05,0.4,6000000,0.984201388888889,78726953.8667192
1.5,0.05,0.4,7000000,0.984201388888889,91848579.3295199
1.5,0.05,0.5,3000000,0.984201388888889,49203296.5754176
1.5,0.05,0.5,4000000,0.984201388888889,65605328.4039185
1.5,0.05,0.5,5000000,0.984201388888889,82007360.2324194
1.5,0.05,0.5,6000000,0.984201388888889,98409392.0609203
1.5,0.05,0.5,7000000,0.984201388888889,114811423.889421
1.5,0.05,0.6,3000000,0.984201388888889,59044515.6725181
1.5,0.05,0.6,4000000,0.984201388888889,78726953.8667192
1.5,0.05,0.6,5000000,0.984201388888889,98409392.0609203
1.5,0.05,0.6,6000000,0.984201388888889,118091830.255121
1.5,0.05,0.6,7000000,0.984201388888889,137774268.449323
1.5,0.08,0.2,3000000,0.984201388888889,11718745.4675079
1.5,0.08,0.2,4000000,0.984201388888889,15626261.377086
1.5,0.08,0.2,5000000,0.984201388888889,19533777.2866642
1.5,0.08,0.2,6000000,0.984201388888889,23441293.1962424
1.5,0.08,0.2,7000000,0.984201388888889,27348809.1058206
1.5,0.08,0.3,3000000,0.984201388888889,17580019.3318751
1.5,0.08,0.3,4000000,0.984201388888889,23441293.1962424
1.5,0.08,0.3,5000000,0.984201388888889,29302567.0606097
1.5,0.08,0.3,6000000,0.984201388888889,35163840.924977
1.5,0.08,0.3,7000000,0.984201388888889,41025114.7893443
1.5,0.08,0.4,3000000,0.984201388888889,23441293.1962424
1.5,0.08,0.4,4000000,0.984201388888889,31256325.0153988
1.5,0.08,0.4,5000000,0.984201388888889,39071356.8345552
1.5,0.08,0.4,6000000,0.984201388888889,46886388.6537116
1.5,0.08,0.4,7000000,0.984201388888889,54701420.472868
1.5,0.08,0.5,3000000,0.984201388888889,29302567.0606097
1.5,0.08,0.5,4000000,0.984201388888889,39071356.8345552
1.5,0.08,0.5,5000000,0.984201388888889,48840146.6085007
1.5,0.08,0.5,6000000,0.984201388888889,58608936.3824461
1.5,0.08,0.5,7000000,0.984201388888889,68377726.1563916
1.5,0.08,0.6,3000000,0.984201388888889,35163840.924977
1.5,0.08,0.6,4000000,0.984201388888889,46886388.6537116
1.5,0.08,0.6,5000000,0.984201388888889,58608936.3824461
1.5,0.08,0.6,6000000,0.984201388888889,70331484.1111807
1.5,0.08,0.6,7000000,0.984201388888889,82054031.8399153
1.5,0.1,0.2,3000000,0.984201388888889,8414378.69875764
1.5,0.1,0.2,4000000,0.984201388888889,11220598.7363037
1.5,0.1,0.2,5000000,0.984201388888889,14026818.7738498
1.5,0.1,0.2,6000000,0.984201388888889,16833038.8113959
1.5,0.1,0.2,7000000,0.984201388888889,19639258.848942
1.5,0.1,0.3,3000000,0.984201388888889,12623708.7550768
1.5,0.1,0.3,4000000,0.984201388888889,16833038.8113959
1.5,0.1,0.3,5000000,0.984201388888889,21042368.867715
1.5,0.1,0.3,6000000,0.984201388888889,25251698.9240342
1.5,0.1,0.3,7000000,0.984201388888889,29461028.9803533
1.5,0.1,0.4,3000000,0.984201388888889,16833038.8113959
1.5,0.1,0.4,4000000,0.984201388888889,22445478.8864881
1.5,0.1,0.4,5000000,0.984201388888889,28057918.9615803
1.5,0.1,0.4,6000000,0.984201388888889,33670359.0366724
1.5,0.1,0.4,7000000,0.984201388888889,39282799.1117646
1.5,0.1,0.5,3000000,0.984201388888889,21042368.867715
1.5,0.1,0.5,4000000,0.984201388888889,28057918.9615803
1.5,0.1,0.5,5000000,0.984201388888889,35073469.0554455
1.5,0.1,0.5,6000000,0.984201388888889,42089019.1493107
1.5,0.1,0.5,7000000,0.984201388888889,49104569.2431759
1.5,0.1,0.6,3000000,0.984201388888889,25251698.9240342
1.5,0.1,0.6,4000000,0.984201388888889,33670359.0366724
1.5,0.1,0.6,5000000,0.984201388888889,42089019.1493107
1.5,0.1,0.6,6000000,0.984201388888889,50507679.261949
1.5,0.1,0.6,7000000,0.984201388888889,58926339.3745872
1.5,0.12,0.2,3000000,0.984201388888889,6108083.33202288
1.5,0.12,0.2,4000000,0.984201388888889,8145659.28760047
1.5,0.12,0.2,5000000,0.984201388888889,10183235.2431781
1.5,0.12,0.2,6000000,0.984201388888889,12220811.1987556
1.5,0.12,0.2,7000000,0.984201388888889,14258387.1543332
1.5,0.12,0.3,3000000,0.984201388888889,9164447.26538926
1.5,0.12,0.3,4000000,0.984201388888889,12220811.1987556
1.5,0.12,0.3,5000000,0.984201388888889,15277175.132122
1.5,0.12,0.3,6000000,0.984201388888889,18333539.0654884
1.5,0.12,0.3,7000000,0.984201388888889,21389902.9988548
1.5,0.12,0.4,3000000,0.984201388888889,12220811.1987556
1.5,0.12,0.4,4000000,0.984201388888889,16295963.1099108
1.5,0.12,0.4,5000000,0.984201388888889,20371115.021066
1.5,0.12,0.4,6000000,0.984201388888889,24446266.9322212
1.5,0.12,0.4,7000000,0.984201388888889,28521418.8433763
1.5,0.12,0.5,3000000,0.984201388888889,15277175.132122
1.5,0.12,0.5,4000000,0.984201388888889,20371115.021066
1.5,0.12,0.5,5000000,0.984201388888889,25465054.91001
1.5,0.12,0.5,6000000,0.984201388888889,30558994.7989539
1.5,0.12,0.5,7000000,0.984201388888889,35652934.6878979
1.5,0.12,0.6,3000000,0.984201388888889,18333539.0654884
1.5,0.12,0.6,4000000,0.984201388888889,24446266.9322212
1.5,0.12,0.6,5000000,0.984201388888889,30558994.7989539
1.5,0.12,0.6,6000000,0.984201388888889,36671722.6656867
1.5,0.12,0.6,7000000,0.984201388888889,42784450.5324194
1.5,0.15,0.2,3000000,0.984201388888889,3851868.95194061
1.5,0.15,0.2,4000000,0.984201388888889,5137499.23712961
1.5,0.15,0.2,5000000,0.984201388888889,6423129.52231861
1.5,0.15,0.2,6000000,0.984201388888889,7708759.80750761
1.5,0.15,0.2,7000000,0.984201388888889,8994390.09269661
1.5,0.15,0.3,3000000,0.984201388888889,5780314.37972411
1.5,0.15,0.3,4000000,0.984201388888889,7708759.80750761
1.5,0.15,0.3,5000000,0.984201388888889,9637205.23529111
1.5,0.15,0.3,6000000,0.984201388888889,11565650.6630746
1.5,0.15,0.3,7000000,0.984201388888889,13494096.0908581
1.5,0.15,0.4,3000000,0.984201388888889,7708759.80750761
1.5,0.15,0.4,4000000,0.984201388888889,10280020.3778856
1.5,0.15,0.4,5000000,0.984201388888889,12851280.9482636
1.5,0.15,0.4,6000000,0.984201388888889,15422541.5186416
1.5,0.15,0.4,7000000,0.984201388888889,17993802.0890196
1.5,0.15,0.5,3000000,0.984201388888889,9637205.23529111
1.5,0.15,0.5,4000000,0.984201388888889,12851280.9482636
1.5,0.15,0.5,5000000,0.984201388888889,16065356.6612361
1.5,0.15,0.5,6000000,0.984201388888889,19279432.3742086
1.5,0.15,0.5,7000000,0.984201388888889,22493508.0871811
1.5,0.15,0.6,3000000,0.984201388888889,11565650.6630746
1.5,0.15,0.6,4000000,0.984201388888889,15422541.5186416
1.5,0.15,0.6,5000000,0.984201388888889,19279432.3742086
1.5,0.15,0.6,6000000,0.984201388888889,23136323.2297756
1.5,0.15,0.6,7000000,0.984201388888889,26993214.0853426
