cell_id,model_version,error_reduction,cost_reduction,cycle_compression,tool_fixed_cost,total_budget,h2_yield,gxe_cor_onstation,n_reps,mean_dg_trad,mean_dg_tool,mean_dg_diff,sd_dg_diff,p_tool_gt_trad,mean_dg_vs_base_trad,mean_dg_vs_base_tool,h2_plot_trad,h2_plot_tool,elapsed_s
0,2,0,0.1,0,10000,200000,0.15,0.4,100,256.680094260775,260.502399934368,3.82230567359271,38.79237594193,0.55,606.12180605896,609.944111732553,0.15,0.15,739.992274284363
1,2,0.1,0.1,0,10000,200000,0.15,0.4,100,258.038249993667,264.691748221742,6.65349822807463,35.0306095942002,0.55,606.549058260325,613.2025564884,0.15,0.163934426229508,760.775412797928
2,2,0.2,0.1,0,10000,200000,0.15,0.4,100,254.222465571053,266.085895523908,11.8634299528553,38.2364009535514,0.58,602.091209885837,613.954639838692,0.15,0.180722891566265,797.164122343063
3,2,0.3,0.1,0,10000,200000,0.15,0.4,100,271.449073393769,292.610505448877,21.1614320551088,38.4972296555061,0.68,615.428299630952,636.589731686061,0.15,0.201342281879195,812.454538822174
4,2,0.5,0.1,0,10000,200000,0.15,0.4,100,270.059754268612,301.201179376523,31.1414251079111,38.7693154425679,0.85,615.75349481107,646.894919918981,0.15,0.260869565217391,747.765773057938
5,2,0,0.2,0,10000,200000,0.15,0.4,100,256.805172567658,261.417969694012,4.61279712635448,37.0427530372297,0.55,601.185589881196,605.79838700755,0.15,0.15,757.867075204849
6,2,0.1,0.2,0,10000,200000,0.15,0.4,100,265.626058247112,269.511105759502,3.88504751238992,36.8957248834018,0.51,611.790505474023,615.675552986413,0.15,0.163934426229508,794.11024928093
7,2,0.2,0.2,0,10000,200000,0.15,0.4,100,263.663410307338,273.390780085828,9.72736977849027,37.2146956181072,0.62,608.387093016073,618.114462794563,0.15,0.180722891566265,828.006763458252
8,2,0.3,0.2,0,10000,200000,0.15,0.4,100,259.249557219365,279.793583729933,20.5440265105683,37.3991815527063,0.72,602.685278561029,623.229305071597,0.15,0.201342281879195,736.199939489365
9,2,0.5,0.2,0,10000,200000,0.15,0.4,100,263.875071195409,292.970442412777,29.0953712173685,39.0410632354734,0.74,610.744997285474,639.840368502843,0.15,0.260869565217391,756.31254696846
10,2,0,0.5,0,10000,200000,0.15,0.4,100,263.579812868739,271.288958885422,7.70914601668285,35.7457695565644,0.58,607.625477615527,615.33462363221,0.15,0.15,806.006311178208
11,2,0.1,0.5,0,10000,200000,0.15,0.4,100,258.581387062187,275.265206623803,16.6838195616154,32.5898592758693,0.68,604.571341402817,621.255160964432,0.15,0.163934426229508,737.26425909996
12,2,0.2,0.5,0,10000,200000,0.15,0.4,100,251.245272078997,272.759193037767,21.5139209587693,48.581628055483,0.62,597.002702447556,618.516623406326,0.15,0.180722891566265,736.886780977249
13,2,0.3,0.5,0,10000,200000,0.15,0.4,100,256.631457190772,284.979710021994,28.3482528312222,39.8189580059716,0.73,599.977297235666,628.325550066888,0.15,0.201342281879195,759.028834581375
14,2,0.5,0.5,0,10000,200000,0.15,0.4,100,267.241886519264,295.565933156225,28.324046636961,38.3421203876981,0.77,615.119966975883,643.444013612844,0.15,0.260869565217391,798.238750457764
15,2,0,0.1,1,10000,200000,0.15,0.4,100,260.596460570058,262.95213954084,2.35567897078166,34.5224499099167,0.51,609.339015918169,611.694694888951,0.15,0.15,810.844434976578
16,2,0.1,0.1,1,10000,200000,0.15,0.4,100,263.970362938073,274.494749679717,10.5243867416448,35.4467468992854,0.6,609.271444133458,619.795830875103,0.15,0.163934426229508,741.548061609268
17,2,0.2,0.1,1,10000,200000,0.15,0.4,100,270.786492295396,276.966591302205,6.1800990068092,43.1672999643967,0.58,616.049154291607,622.229253298416,0.15,0.180722891566265,757.115436077118
18,2,0.3,0.1,1,10000,200000,0.15,0.4,100,254.561629488717,277.864152239386,23.3025227506685,40.8367600520943,0.7,602.590558765019,625.893081515688,0.15,0.201342281879195,811.301215410233
19,2,0.5,0.1,1,10000,200000,0.15,0.4,100,264.247183098207,290.725996606801,26.478813508594,42.1720536451363,0.71,609.244925928558,635.723739437152,0.15,0.260869565217391,743.142832279205
20,2,0,0.2,1,10000,200000,0.15,0.4,100,254.002299175209,257.164714008844,3.16241483363565,32.0167603294964,0.51,600.488647109928,603.651061943563,0.15,0.15,738.171450376511
21,2,0.1,0.2,1,10000,200000,0.15,0.4,100,262.814014599294,265.749869475719,2.93585487642581,37.7709747094941,0.5,605.766626688029,608.702481564455,0.15,0.163934426229508,754.661334753037
22,2,0.2,0.2,1,10000,200000,0.15,0.4,100,267.675759038923,279.45803890698,11.782279868057,34.5755352382054,0.64,613.54292419045,625.325204058507,0.15,0.180722891566265,798.944561719894
23,2,0.3,0.2,1,10000,200000,0.15,0.4,100,257.907653696397,273.670577142827,15.7629234464299,38.0028522678046,0.61,604.180149400461,619.943072846891,0.15,0.201342281879195,805.156712770462
24,2,0.5,0.2,1,10000,200000,0.15,0.4,100,270.252047290684,294.736503009625,24.4844557189411,36.7704834087568,0.76,612.50101960119,636.985475320131,0.15,0.260869565217391,742.395422697067
25,2,0,0.5,1,10000,200000,0.15,0.4,100,259.770865347572,279.83379900571,20.0629336581384,45.0810174265967,0.66,605.985867154932,626.048800813071,0.15,0.15,762.073725938797
26,2,0.1,0.5,1,10000,200000,0.15,0.4,100,271.097271843798,288.006233917263,16.9089620734652,40.487951994714,0.69,614.383728071893,631.292690145358,0.15,0.163934426229508,834.142487287521
27,2,0.2,0.5,1,10000,200000,0.15,0.4,100,252.032593910908,278.254098299288,26.2215043883807,39.2736011330142,0.77,599.866344962829,626.08784935121,0.15,0.180722891566265,850.185758829117
28,2,0.3,0.5,1,10000,200000,0.15,0.4,100,260.744377383327,282.791043232521,22.0466658491936,41.5198150478398,0.71,605.394488881885,627.441154731079,0.15,0.201342281879195,749.087717533112
29,2,0.5,0.5,1,10000,200000,0.15,0.4,100,260.21281005212,289.034021880334,28.8212118282145,37.313056612585,0.77,602.974508887211,631.795720715426,0.15,0.260869565217391,759.052304744721
30,2,0,0.1,2,10000,200000,0.15,0.4,100,255.630042865334,256.211607189588,0.581564324254789,32.8695252202064,0.57,601.494415695735,602.07598001999,0.15,0.15,797.464405059815
31,2,0.1,0.1,2,10000,200000,0.15,0.4,100,270.216622757689,271.324900543317,1.10827778562849,40.0482107065058,0.51,614.482701194659,615.590978980287,0.15,0.163934426229508,852.756358861923
32,2,0.2,0.1,2,10000,200000,0.15,0.4,100,258.061832157172,270.834446410344,12.7726142531712,39.1610720547927,0.64,604.3701153028,617.142729555971,0.15,0.180722891566265,746.847264528275
33,2,0.3,0.1,2,10000,200000,0.15,0.4,100,258.11407336079,280.101646104585,21.9875727437959,37.3177922547053,0.7,605.511581125843,627.499153869639,0.15,0.201342281879195,758.840513944626
34,2,0.5,0.1,2,10000,200000,0.15,0.4,100,262.179671653235,288.919432795309,26.739761142074,36.6216005286755,0.78,606.002460680089,632.742221822163,0.15,0.260869565217391,800.810346841812
35,2,0,0.2,2,10000,200000,0.15,0.4,100,261.616498028372,264.596325643217,2.979827614845,30.4763718889799,0.51,612.024204466676,615.004032081521,0.15,0.15,734.914006948471
36,2,0.1,0.2,2,10000,200000,0.15,0.4,100,250.539819102502,260.452086124328,9.91226702182609,33.604843414151,0.62,597.775972710893,607.688239732719,0.15,0.163934426229508,746.884496450424
37,2,0.2,0.2,2,10000,200000,0.15,0.4,100,267.831133903026,276.680366703746,8.84923280071966,40.7207355025195,0.57,616.363031155469,625.212263956189,0.15,0.180722891566265,755.319442033768
38,2,0.3,0.2,2,10000,200000,0.15,0.4,100,264.698768717457,284.809841906702,20.1110731892447,42.6344554031964,0.69,606.628446923612,626.739520112857,0.15,0.201342281879195,801.272658348084
39,2,0.5,0.2,2,10000,200000,0.15,0.4,100,257.095000117301,290.31213116263,33.2171310453287,39.1503349472066,0.8,603.206794606196,636.423925651524,0.15,0.260869565217391,807.161931753159
40,2,0,0.5,2,10000,200000,0.15,0.4,100,254.830669778481,271.114159684902,16.2834899064208,39.9973844287092,0.69,601.326837448648,617.610327355069,0.15,0.15,738.112410068512
41,2,0.1,0.5,2,10000,200000,0.15,0.4,100,258.705178280475,264.876095188516,6.17091690804033,37.5410174325941,0.5,607.292029780128,613.462946688169,0.15,0.163934426229508,758.505340337753
42,2,0.2,0.5,2,10000,200000,0.15,0.4,100,269.8755608532,294.46308506301,24.5875242098098,42.40163742269,0.7,610.921883434572,635.509407644381,0.15,0.180722891566265,827.456891536713
43,2,0.3,0.5,2,10000,200000,0.15,0.4,100,261.137115301688,285.955279798506,24.8181644968181,36.4072077384323,0.8,605.340328351588,630.158492848406,0.15,0.201342281879195,826.757968664169
44,2,0.5,0.5,2,10000,200000,0.15,0.4,100,267.562420604415,296.585703179157,29.0232825747416,39.3966152408729,0.78,613.179055315329,642.202337890071,0.15,0.260869565217391,737.472405910492
45,2,0,0.1,3,10000,200000,0.15,0.4,100,267.495476336002,269.17312663692,1.67765030091842,39.4679134895966,0.51,610.39398587155,612.071636172468,0.15,0.15,759.701560735703
46,2,0.1,0.1,3,10000,200000,0.15,0.4,100,258.720606217864,270.085350262219,11.3647440443552,35.5129449574433,0.57,605.721707548165,617.08645159252,0.15,0.163934426229508,799.566143512726
47,2,0.2,0.1,3,10000,200000,0.15,0.4,100,257.131343271298,270.141915512283,13.0105722409856,40.9399668801798,0.58,603.224562061427,616.235134302413,0.15,0.180722891566265,835.820312023163
48,2,0.3,0.1,3,10000,200000,0.15,0.4,100,261.808458945458,277.168907131375,15.3604481859173,34.6025437676439,0.68,606.903995746927,622.264443932845,0.15,0.201342281879195,750.239241361618
49,2,0.5,0.1,3,10000,200000,0.15,0.4,100,272.300573814063,296.080915591984,23.7803417779211,41.4385208216774,0.72,616.061176405469,639.84151818339,0.15,0.260869565217391,760.271278858185
50,2,0,0.2,3,10000,200000,0.15,0.4,100,269.156612795951,275.219560803946,6.06294800799541,35.8349194094342,0.56,612.653978922627,618.716926930622,0.15,0.15,795.746422529221
51,2,0.1,0.2,3,10000,200000,0.15,0.4,100,249.895550631636,257.45791988894,7.56236925730441,38.5603505677761,0.57,597.56380308429,605.126172341594,0.15,0.163934426229508,796.679013252258
52,2,0.2,0.2,3,10000,200000,0.15,0.4,100,258.71747934077,272.033187563891,13.3157082231206,32.3052587600323,0.61,602.11780192003,615.43351014315,0.15,0.180722891566265,737.396133899689
53,2,0.3,0.2,3,10000,200000,0.15,0.4,100,258.727372440816,277.355162787754,18.6277903469388,40.6901552895495,0.72,605.062887849353,623.690678196292,0.15,0.201342281879195,757.853973150253
54,2,0.5,0.2,3,10000,200000,0.15,0.4,100,269.506619929421,301.248057469838,31.7414375404162,40.6583989831699,0.78,610.817610899776,642.559048440192,0.15,0.260869565217391,795.953323841095
55,2,0,0.5,3,10000,200000,0.15,0.4,100,263.964847021586,270.768605510273,6.80375848868704,38.566458231846,0.58,611.860125185958,618.663883674645,0.15,0.15,815.890028238297
56,2,0.1,0.5,3,10000,200000,0.15,0.4,100,275.345339800721,288.099575293697,12.7542354929761,41.1008446848339,0.61,619.984876029265,632.739111522241,0.15,0.163934426229508,750.20894742012
57,2,0.2,0.5,3,10000,200000,0.15,0.4,100,255.411280413956,269.136648894528,13.725368480572,37.7402593286477,0.61,603.327497200141,617.052865680713,0.15,0.180722891566265,759.771397829056
58,2,0.3,0.5,3,10000,200000,0.15,0.4,100,257.350177994928,285.134544383001,27.7843663880738,43.0662567446731,0.74,601.218526199649,629.002892587723,0.15,0.201342281879195,796.30826830864
59,2,0.5,0.5,3,10000,200000,0.15,0.4,100,255.689365384819,293.329620975703,37.6402555908832,41.0619798038326,0.81,599.621320126356,637.261575717239,0.15,0.260869565217391,800.81146478653
60,2,0,0.1,0,10000,200000,0.3,0.4,100,289.846315540279,290.822236235636,0.975920695356911,29.0252397139506,0.51,638.689874511841,639.665795207198,0.3,0.3,737.984839200974
61,2,0.1,0.1,0,10000,200000,0.3,0.4,100,295.640242368756,297.581680325351,1.94143795659438,25.3315289981832,0.56,644.524622605633,646.466060562227,0.3,0.32258064516129,764.0280585289
62,2,0.2,0.1,0,10000,200000,0.3,0.4,100,292.794895657248,293.29315018115,0.49825452390128,24.7347607131474,0.46,638.357457476459,638.855712000361,0.3,0.348837209302326,794.37580704689
63,2,0.3,0.1,0,10000,200000,0.3,0.4,100,297.659666322365,304.097376477858,6.43771015549324,22.045069575909,0.59,642.039750011822,648.477460167315,0.3,0.379746835443038,806.210417985916
64,2,0.5,0.1,0,10000,200000,0.3,0.4,100,295.1409526247,310.498311105472,15.3573584807721,27.8379600178255,0.74,644.843418014027,660.200776494799,0.3,0.461538461538462,736.701907396317
65,2,0,0.2,0,10000,200000,0.3,0.4,100,305.521685680595,304.630896628549,-0.89078905204545,28.9880072171241,0.48,647.817398437561,646.926609385516,0.3,0.3,759.48203587532
66,2,0.1,0.2,0,10000,200000,0.3,0.4,100,305.565240799709,301.474821275893,-4.09041952381583,27.3547791264798,0.43,648.060823672173,643.970404148357,0.3,0.32258064516129,798.168325901032
67,2,0.2,0.2,0,10000,200000,0.3,0.4,100,303.316706195823,307.648982774886,4.33227657906325,27.3532558362123,0.51,646.008132915355,650.340409494418,0.3,0.348837209302326,735.016427993774
68,2,0.3,0.2,0,10000,200000,0.3,0.4,100,307.916630062321,316.315450491472,8.39882042915074,31.1661139727361,0.6,656.730203036584,665.129023465735,0.3,0.379746835443038,738.09697842598
69,2,0.5,0.2,0,10000,200000,0.3,0.4,100,299.254899853322,313.889185089437,14.6342852361154,28.133651061983,0.67,644.152253845674,658.786539081789,0.3,0.461538461538462,756.518554925919
70,2,0,0.5,0,10000,200000,0.3,0.4,100,301.088772942654,299.190178954277,-1.89859398837642,26.2294930239053,0.48,648.395346062768,646.496752074392,0.3,0.3,795.308216333389
71,2,0.1,0.5,0,10000,200000,0.3,0.4,100,296.270588799405,302.480093248756,6.20950444935048,24.3471480446663,0.62,643.788044585986,649.997549035337,0.3,0.32258064516129,736.863581895828
72,2,0.2,0.5,0,10000,200000,0.3,0.4,100,304.254949349025,308.216059559625,3.96111021059981,26.4598784652142,0.58,644.96035861489,648.92146882549,0.3,0.348837209302326,752.139844417572
73,2,0.3,0.5,0,10000,200000,0.3,0.4,100,300.693204914663,309.277639786009,8.58443487134568,25.2044353478504,0.63,644.526232853242,653.110667724587,0.3,0.379746835443038,763.023088216782
74,2,0.5,0.5,0,10000,200000,0.3,0.4,100,302.973259912901,311.449919681249,8.47665976834859,26.987282673016,0.63,647.502458836041,655.97911860439,0.3,0.461538461538462,799.966457128525
75,2,0,0.1,1,10000,200000,0.3,0.4,100,299.562570797953,299.839862669268,0.277291871314944,24.8047031655444,0.53,645.061265040124,645.338556911439,0.3,0.3,831.719468832016
76,2,0.1,0.1,1,10000,200000,0.3,0.4,100,305.813905028641,306.539376732231,0.725471703589803,28.1419101747939,0.51,651.084587264627,651.810058968217,0.3,0.32258064516129,738.791210651398
77,2,0.2,0.1,1,10000,200000,0.3,0.4,100,295.846984216817,301.233364993446,5.38638077662912,26.5103838023083,0.57,644.71682170952,650.10320248615,0.3,0.348837209302326,757.565675735474
78,2,0.3,0.1,1,10000,200000,0.3,0.4,100,293.453368278493,299.444577019661,5.99120874116844,22.6571458777467,0.6,638.042135123539,644.033343864708,0.3,0.379746835443038,799.921558856964
79,2,0.5,0.1,1,10000,200000,0.3,0.4,100,306.86817027719,319.080155413144,12.211985135954,28.5706862599844,0.7,648.10737201283,660.319357148784,0.3,0.461538461538462,734.283377408981
80,2,0,0.2,1,10000,200000,0.3,0.4,100,303.625776167422,302.23917840041,-1.386597767013,25.1522400634239,0.48,647.573265822948,646.186668055935,0.3,0.3,748.003274679184
81,2,0.1,0.2,1,10000,200000,0.3,0.4,100,294.737748564873,294.574208193762,-0.163540371110828,28.7232693974124,0.51,643.006438171059,642.842897799948,0.3,0.32258064516129,758.141896724701
82,2,0.2,0.2,1,10000,200000,0.3,0.4,100,298.732910339227,296.867379092742,-1.86553124648557,27.2356765686704,0.43,642.427521153092,640.561989906607,0.3,0.348837209302326,804.996425867081
83,2,0.3,0.2,1,10000,200000,0.3,0.4,100,303.604590803714,309.452850597982,5.84825979426796,26.776065581965,0.55,646.164437485161,652.012697279429,0.3,0.379746835443038,842.377766370773
84,2,0.5,0.2,1,10000,200000,0.3,0.4,100,287.573065718702,301.292324909055,13.719259190353,26.1333444635446,0.72,635.935276175692,649.654535366044,0.3,0.461538461538462,738.06986117363
85,2,0,0.5,1,10000,200000,0.3,0.4,100,299.19360222378,301.848608343975,2.65500612019473,23.2728643039031,0.54,647.51152453842,650.166530658615,0.3,0.3,760.922450780869
86,2,0.1,0.5,1,10000,200000,0.3,0.4,100,298.476225290669,300.519143587297,2.04291829662829,28.9171091394888,0.48,642.112564413141,644.155482709769,0.3,0.32258064516129,807.1404941082
87,2,0.2,0.5,1,10000,200000,0.3,0.4,100,295.402425447141,296.639596769478,1.23717132233721,29.6628154773864,0.46,640.710623272443,641.94779459478,0.3,0.348837209302326,802.184924602509
88,2,0.3,0.5,1,10000,200000,0.3,0.4,100,293.631494057267,311.022193190508,17.3906991332409,32.4624325864672,0.65,638.298445568818,655.689144702059,0.3,0.379746835443038,740.053190469742
89,2,0.5,0.5,1,10000,200000,0.3,0.4,100,299.982244209821,310.074848983397,10.092604773576,29.3843123495279,0.62,647.078275180172,657.170879953748,0.3,0.461538461538462,760.011173725128
90,2,0,0.1,2,10000,200000,0.3,0.4,100,302.959390657966,297.660543619705,-5.29884703826077,28.243630360784,0.38,646.997523568698,641.698676530437,0.3,0.3,824.187505960465
91,2,0.1,0.1,2,10000,200000,0.3,0.4,100,306.384397597654,312.072217035436,5.68781943778166,28.0490423714514,0.63,650.691990726481,656.379810164262,0.3,0.32258064516129,847.965901136398
92,2,0.2,0.1,2,10000,200000,0.3,0.4,100,301.123750736389,301.736889205297,0.613138468908112,28.8887096866734,0.55,645.302702335771,645.91584080468,0.3,0.348837209302326,746.45395731926
93,2,0.3,0.1,2,10000,200000,0.3,0.4,100,297.345439757848,304.630727183023,7.28528742517533,30.1241600750906,0.55,642.463222119307,649.748509544483,0.3,0.379746835443038,770.92858505249
94,2,0.5,0.1,2,10000,200000,0.3,0.4,100,288.099978232397,301.261079914267,13.16110168187,24.7887785609099,0.7,635.286888409797,648.447990091667,0.3,0.461538461538462,833.008551359177
95,2,0,0.2,2,10000,200000,0.3,0.4,100,304.713173498185,299.933673317768,-4.7795001804166,23.9373695101034,0.41,649.797001970471,645.017501790055,0.3,0.3,845.757813692093
96,2,0.1,0.2,2,10000,200000,0.3,0.4,100,290.715924818301,290.047478562267,-0.668446256033212,26.9526971343713,0.48,636.989667370092,636.321221114059,0.3,0.32258064516129,748.584667682648
97,2,0.2,0.2,2,10000,200000,0.3,0.4,100,299.259737673607,301.639669259057,2.37993158545042,26.7066899845046,0.57,646.671725334675,649.051656920125,0.3,0.348837209302326,763.714620828629
98,2,0.3,0.2,2,10000,200000,0.3,0.4,100,298.819171415196,305.649734914435,6.83056349923869,28.7077365822438,0.62,648.125808664294,654.956372163533,0.3,0.379746835443038,794.365757226944
99,2,0.5,0.2,2,10000,200000,0.3,0.4,100,295.105241842698,306.754699066941,11.6494572242437,25.4116689282974,0.67,642.689810006996,654.33926723124,0.3,0.461538461538462,805.372198820114
100,2,0,0.5,2,10000,200000,0.3,0.4,100,297.9285774715,297.000924696133,-0.927652775366712,29.4159838769903,0.46,646.416497843366,645.488845067999,0.3,0.3,740.335921525955
101,2,0.1,0.5,2,10000,200000,0.3,0.4,100,286.958100642232,297.93889021466,10.9807895724279,28.746353335041,0.64,635.625587088828,646.606376661256,0.3,0.32258064516129,764.240740776062
102,2,0.2,0.5,2,10000,200000,0.3,0.4,100,289.019806844593,294.482259254817,5.46245241022353,29.3101229977948,0.54,636.356458136971,641.818910547195,0.3,0.348837209302326,806.641550540924
103,2,0.3,0.5,2,10000,200000,0.3,0.4,100,299.811790498007,306.638668041517,6.82687754351003,28.941765553837,0.58,643.253457948051,650.080335491561,0.3,0.379746835443038,816.278197288513
104,2,0.5,0.5,2,10000,200000,0.3,0.4,100,293.395845206245,307.6493732048,14.2535279985554,26.4400554054115,0.73,641.781273260839,656.034801259394,0.3,0.461538461538462,753.649500370026
105,2,0,0.1,3,10000,200000,0.3,0.4,100,308.688126347177,302.201545327894,-6.48658101928287,31.1692612899085,0.42,655.353565835848,648.866984816565,0.3,0.3,759.964661359787
106,2,0.1,0.1,3,10000,200000,0.3,0.4,100,304.272335169645,302.150155500054,-2.12217966959152,22.5056823666744,0.44,646.752049636965,644.629869967374,0.3,0.32258064516129,794.108811616898
107,2,0.2,0.1,3,10000,200000,0.3,0.4,100,298.043379874866,301.084123117552,3.04074324268619,23.2208525320677,0.57,642.027148293047,645.067891535733,0.3,0.348837209302326,808.912783384323
108,2,0.3,0.1,3,10000,200000,0.3,0.4,100,296.156695843187,302.717496126679,6.56080028349237,27.7929360170729,0.57,643.331712229817,649.89251251331,0.3,0.379746835443038,748.835915803909
109,2,0.5,0.1,3,10000,200000,0.3,0.4,100,291.55376333875,300.974319076446,9.42055573769596,24.2314884903916,0.7,632.404073998252,641.824629735948,0.3,0.461538461538462,761.894178628922
110,2,0,0.2,3,10000,200000,0.3,0.4,100,302.883873640491,298.231637948631,-4.65223569185956,26.1553501589659,0.43,645.635743382108,640.983507690249,0.3,0.3,792.754583597183
111,2,0.1,0.2,3,10000,200000,0.3,0.4,100,305.709158792135,301.387247346597,-4.321911445538,29.7295735904757,0.43,651.003381064114,646.681469618576,0.3,0.32258064516129,793.565544843674
112,2,0.2,0.2,3,10000,200000,0.3,0.4,100,299.424752244577,303.086778271103,3.66202602652614,25.813386214604,0.55,644.926813163029,648.588839189555,0.3,0.348837209302326,742.758846521378
113,2,0.3,0.2,3,10000,200000,0.3,0.4,100,288.855585540742,295.831233502378,6.97564796163625,28.0833455341786,0.65,638.37682746011,645.352475421746,0.3,0.379746835443038,761.144342422485
114,2,0.5,0.2,3,10000,200000,0.3,0.4,100,290.690206983998,302.479795363076,11.7895883790783,25.1462499355152,0.66,637.09375088077,648.883339259848,0.3,0.461538461538462,793.96159362793
115,2,0,0.5,3,10000,200000,0.3,0.4,100,297.838063023078,298.301099206519,0.463036183440979,31.6561223425123,0.53,647.225371408188,647.688407591629,0.3,0.3,826.652725934982
116,2,0.1,0.5,3,10000,200000,0.3,0.4,100,296.135132711642,298.339292213605,2.20415950196284,26.7738549757606,0.54,641.153600472025,643.357759973988,0.3,0.32258064516129,740.959095478058
117,2,0.2,0.5,3,10000,200000,0.3,0.4,100,297.816842257416,303.554413992323,5.73757173490682,30.1167651764489,0.57,640.700263253213,646.437834988119,0.3,0.348837209302326,761.945940732956
118,2,0.3,0.5,3,10000,200000,0.3,0.4,100,311.803963235778,319.328480932543,7.52451769676536,24.938784878723,0.61,655.554653520691,663.079171217457,0.3,0.379746835443038,805.18821644783
119,2,0.5,0.5,3,10000,200000,0.3,0.4,100,311.895836154506,320.524872145747,8.6290359912402,27.8130848554611,0.67,659.934009582344,668.563045573584,0.3,0.461538461538462,736.959452390671
120,2,0,0.1,0,10000,200000,0.5,0.4,100,319.714705764916,320.650381422103,0.935675657187671,20.6803197118994,0.54,659.296535419602,660.23221107679,0.5,0.5,742.790526628494
121,2,0.1,0.1,0,10000,200000,0.5,0.4,100,305.101740044956,305.242899491485,0.141159446529157,20.6927895586256,0.51,650.650934816031,650.79209426256,0.5,0.526315789473684,761.339075088501
122,2,0.2,0.1,0,10000,200000,0.5,0.4,100,317.578683729565,317.457049720166,-0.121634009398533,17.8096831426149,0.41,663.341467975727,663.219833966328,0.5,0.555555555555556,802.71928858757
123,2,0.3,0.1,0,10000,200000,0.5,0.4,100,301.831879296449,306.540680052663,4.70880075621364,18.3654544402063,0.61,653.447484367714,658.156285123928,0.5,0.588235294117647,806.432639837265
124,2,0.5,0.1,0,10000,200000,0.5,0.4,100,311.0236168185,316.625563624713,5.60194680621232,18.7814880291577,0.63,651.958974166009,657.560920972221,0.5,0.666666666666667,756.515010118485
125,2,0,0.2,0,10000,200000,0.5,0.4,100,308.915797885854,309.197390898304,0.281593012449973,19.0841242353631,0.47,651.469991551074,651.751584563523,0.5,0.5,761.799911022186
126,2,0.1,0.2,0,10000,200000,0.5,0.4,100,319.711106778052,320.888414028522,1.17730725046917,21.8377206425275,0.47,662.869482006926,664.046789257395,0.5,0.526315789473684,800.678220748901
127,2,0.2,0.2,0,10000,200000,0.5,0.4,100,322.444013156804,322.802528408753,0.358515251948838,19.8292434416546,0.55,663.678164208126,664.036679460075,0.5,0.555555555555556,841.421050310135
128,2,0.3,0.2,0,10000,200000,0.5,0.4,100,307.103226643947,308.11025407962,1.00702743567293,20.4221344204591,0.51,656.435901770674,657.442929206347,0.5,0.588235294117647,754.86376452446
129,2,0.5,0.2,0,10000,200000,0.5,0.4,100,315.046032797766,318.592848213959,3.54681541619285,22.8517892262078,0.51,660.33023189309,663.877047309283,0.5,0.666666666666667,760.003631353378
130,2,0,0.5,0,10000,200000,0.5,0.4,100,311.617929747981,312.895488536802,1.2775587888211,23.1558695198139,0.49,656.603618872201,657.881177661022,0.5,0.5,794.46994638443
131,2,0.1,0.5,0,10000,200000,0.5,0.4,100,318.915637839511,321.010013680568,2.09437584105769,19.8945233811305,0.55,660.003882255698,662.098258096756,0.5,0.526315789473684,738.882657051086
132,2,0.2,0.5,0,10000,200000,0.5,0.4,100,305.669859776749,311.844453204267,6.17459342751834,22.0329577356358,0.61,652.405756524106,658.580349951625,0.5,0.555555555555556,743.254722595215
133,2,0.3,0.5,0,10000,200000,0.5,0.4,100,315.224465262699,318.61456268911,3.39009742641049,21.1923530217901,0.61,660.113059667012,663.503157093423,0.5,0.588235294117647,764.313137769699
134,2,0.5,0.5,0,10000,200000,0.5,0.4,100,304.007071647521,310.385256096538,6.37818444901787,20.5729381706633,0.6,653.098277957447,659.476462406465,0.5,0.666666666666667,805.292115926743
135,2,0,0.1,1,10000,200000,0.5,0.4,100,313.74057416012,315.60650372117,1.86592956105059,21.5592822302493,0.52,656.671563007637,658.537492568687,0.5,0.5,835.129695653916
136,2,0.1,0.1,1,10000,200000,0.5,0.4,100,309.224898151207,312.586877991031,3.36197983982473,21.3148853461944,0.57,657.523530522159,660.885510361984,0.5,0.526315789473684,748.561681509018
137,2,0.2,0.1,1,10000,200000,0.5,0.4,100,313.117595415695,315.056920942375,1.9393255266808,20.6626884086995,0.5,654.047380093128,655.986705619808,0.5,0.555555555555556,766.66324543953
138,2,0.3,0.1,1,10000,200000,0.5,0.4,100,311.007146530309,312.083331315415,1.07618478510612,18.686796651887,0.54,655.185452892902,656.261637678008,0.5,0.588235294117647,832.761100053787
139,2,0.5,0.1,1,10000,200000,0.5,0.4,100,316.376549467083,322.286045345784,5.90949587870085,19.0334882124148,0.59,659.211846449113,665.121342327814,0.5,0.666666666666667,863.077023744583
140,2,0,0.2,1,10000,200000,0.5,0.4,100,316.676838157455,316.445269096054,-0.231569061401317,21.9964227807417,0.53,660.13913801183,659.907568950428,0.5,0.5,750.186108112335
141,2,0.1,0.2,1,10000,200000,0.5,0.4,100,325.497231831665,325.430191364214,-0.067040467450538,17.0998032763752,0.48,667.833542275168,667.766501807717,0.5,0.526315789473684,770.446134090424
142,2,0.2,0.2,1,10000,200000,0.5,0.4,100,319.736567386873,322.639732167954,2.90316478108123,19.1524838565933,0.54,668.820718954434,671.723883735516,0.5,0.555555555555556,834.955554008484
143,2,0.3,0.2,1,10000,200000,0.5,0.4,100,304.917973414654,311.104012926634,6.18603951198017,21.3482641857349,0.64,652.558557946941,658.744597458921,0.5,0.588235294117647,736.062976360321
144,2,0.5,0.2,1,10000,200000,0.5,0.4,100,313.15720501997,317.356557967058,4.19935294708756,19.3536848424908,0.56,655.378922276708,659.578275223795,0.5,0.666666666666667,750.226870536804
145,2,0,0.5,1,10000,200000,0.5,0.4,100,307.454153589449,307.285535359512,-0.168618229937554,20.5640143158949,0.48,656.178157732613,656.009539502676,0.5,0.5,757.634935617447
146,2,0.1,0.5,1,10000,200000,0.5,0.4,100,302.507098923293,303.773540024524,1.26644110123111,23.8948962382128,0.47,647.814484373643,649.080925474874,0.5,0.526315789473684,796.037988901138
147,2,0.2,0.5,1,10000,200000,0.5,0.4,100,316.579462789117,322.507933565572,5.92847077645423,20.5006188079959,0.59,659.746059550642,665.674530327096,0.5,0.555555555555556,743.437009811401
148,2,0.3,0.5,1,10000,200000,0.5,0.4,100,317.650980817051,317.248474727105,-0.402506089946703,22.3613537229282,0.49,661.943364206382,661.540858116436,0.5,0.588235294117647,747.501678705216
149,2,0.5,0.5,1,10000,200000,0.5,0.4,100,311.591529978399,320.548905175129,8.95737519672992,21.5776003918507,0.59,655.216857610099,664.174232806829,0.5,0.666666666666667,755.168967485428
150,2,0,0.1,2,10000,200000,0.5,0.4,100,316.224585568641,317.975859561483,1.75127399284148,20.3207780080983,0.52,661.361902264183,663.113176257024,0.5,0.5,792.557100772858
151,2,0.1,0.1,2,10000,200000,0.5,0.4,100,305.161505857968,311.484951089827,6.32344523185882,24.1575147135886,0.62,648.815223253843,655.138668485702,0.5,0.526315789473684,806.056071996689
152,2,0.2,0.1,2,10000,200000,0.5,0.4,100,303.143384826822,308.519787839345,5.37640301252262,18.4644727113192,0.59,649.783546773499,655.159949786022,0.5,0.555555555555556,753.767778158188
153,2,0.3,0.1,2,10000,200000,0.5,0.4,100,321.041983670256,320.84916218858,-0.192821481676003,20.3952426659957,0.48,666.78666275639,666.593841274714,0.5,0.588235294117647,760.449690580368
154,2,0.5,0.1,2,10000,200000,0.5,0.4,100,311.130378057001,315.014092208208,3.88371415120736,18.394730884087,0.52,653.506679563202,657.39039371441,0.5,0.666666666666667,797.867419242859
155,2,0,0.2,2,10000,200000,0.5,0.4,100,309.674235019202,309.385296919341,-0.288938099860984,20.1494113733185,0.45,656.05024191474,655.761303814879,0.5,0.5,810.85422205925
156,2,0.1,0.2,2,10000,200000,0.5,0.4,100,312.877489879598,315.550384230927,2.6728943513284,22.6448104986339,0.51,657.490954904033,660.163849255361,0.5,0.526315789473684,764.890882253647
157,2,0.2,0.2,2,10000,200000,0.5,0.4,100,302.611766997494,307.061008161637,4.44924116414281,19.6397791402658,0.61,649.973977310686,654.423218474829,0.5,0.555555555555556,754.852586269379
158,2,0.3,0.2,2,10000,200000,0.5,0.4,100,305.919750595255,310.29095921105,4.37120861579519,24.1478175344632,0.54,651.686512280975,656.05772089677,0.5,0.588235294117647,794.232562065125
159,2,0.5,0.2,2,10000,200000,0.5,0.4,100,302.99319987958,307.141707144035,4.14850726445481,20.109542558481,0.54,647.866391155595,652.01489842005,0.5,0.666666666666667,831.887005805969
160,2,0,0.5,2,10000,200000,0.5,0.4,100,312.737730035304,313.279784833961,0.542054798657027,20.841646696625,0.5,661.645911050648,662.187965849305,0.5,0.5,745.280616044998
161,2,0.1,0.5,2,10000,200000,0.5,0.4,100,311.88699800937,314.167327991939,2.2803299825692,23.9876539159867,0.52,658.452814170716,660.733144153286,0.5,0.526315789473684,756.4371342659
162,2,0.2,0.5,2,10000,200000,0.5,0.4,100,301.611575966021,308.910243864706,7.29866789868524,21.6080700190574,0.56,645.981072693879,653.279740592564,0.5,0.555555555555556,806.019337415695
163,2,0.3,0.5,2,10000,200000,0.5,0.4,100,314.705380596958,319.76858882012,5.06320822316256,25.0783411387179,0.59,659.957727824775,665.020936047938,0.5,0.588235294117647,826.20641374588
164,2,0.5,0.5,2,10000,200000,0.5,0.4,100,311.600951068584,318.076795900959,6.47584483237493,23.6590885358963,0.58,657.001554618485,663.47739945086,0.5,0.666666666666667,769.389607667923
165,2,0,0.1,3,10000,200000,0.5,0.4,100,321.980607418326,320.244135054911,-1.73647236341504,21.3320464703063,0.47,664.472262958138,662.735790594723,0.5,0.5,756.236227273941
166,2,0.1,0.1,3,10000,200000,0.5,0.4,100,311.711698477065,314.036552648305,2.32485417124008,23.0392363539226,0.45,660.595179864123,662.920034035363,0.5,0.526315789473684,799.283383131027
167,2,0.2,0.1,3,10000,200000,0.5,0.4,100,310.383040926546,316.411716145472,6.02867521892598,17.7090991242504,0.65,660.087404295502,666.116079514428,0.5,0.555555555555556,813.093445777893
168,2,0.3,0.1,3,10000,200000,0.5,0.4,100,316.481822464513,319.833795333822,3.35197286930887,18.1997755393348,0.62,661.174089150881,664.52606202019,0.5,0.588235294117647,764.954559087753
169,2,0.5,0.1,3,10000,200000,0.5,0.4,100,305.084743417698,310.087295607028,5.00255218933039,18.5070814852542,0.59,651.046987313863,656.049539503194,0.5,0.666666666666667,756.903748989105
170,2,0,0.2,3,10000,200000,0.5,0.4,100,313.68867382245,313.507415581756,-0.181258240693962,22.8577173103666,0.47,655.734746195556,655.553487954862,0.5,0.5,799.422514915466
171,2,0.1,0.2,3,10000,200000,0.5,0.4,100,315.945306433923,318.853908113362,2.90860167943944,20.309822101537,0.56,656.943282395518,659.851884074957,0.5,0.526315789473684,738.843584775925
172,2,0.2,0.2,3,10000,200000,0.5,0.4,100,326.680139076461,325.319314016098,-1.3608250603631,19.6050159593191,0.42,667.441681392498,666.080856332135,0.5,0.555555555555556,757.609654664993
173,2,0.3,0.2,3,10000,200000,0.5,0.4,100,308.018122963809,309.601171555467,1.58304859165782,20.8121872429914,0.5,651.587079136503,653.170127728161,0.5,0.588235294117647,757.884460926056
174,2,0.5,0.2,3,10000,200000,0.5,0.4,100,309.010637245483,315.838591057476,6.82795381199257,22.8743125337129,0.62,655.335624526205,662.163578338198,0.5,0.666666666666667,800.264462947846
175,2,0,0.5,3,10000,200000,0.5,0.4,100,324.235821137581,323.91931218179,-0.31650895579138,23.104647777897,0.48,666.976035785309,666.659526829517,0.5,0.5,742.916372537613
176,2,0.1,0.5,3,10000,200000,0.5,0.4,100,310.229988993222,311.730375183656,1.50038619043413,24.0260799116023,0.52,653.895564389733,655.395950580167,0.5,0.526315789473684,751.302834272385
177,2,0.2,0.5,3,10000,200000,0.5,0.4,100,307.111487048063,308.900027979077,1.78854093101352,22.5923126167109,0.54,655.833627752588,657.622168683602,0.5,0.555555555555556,762.449742078781
178,2,0.3,0.5,3,10000,200000,0.5,0.4,100,319.896657187534,324.019382929294,4.12272574176026,21.4765942488839,0.55,663.459709033136,667.582434774896,0.5,0.588235294117647,794.79846572876
179,2,0.5,0.5,3,10000,200000,0.5,0.4,100,320.351445416314,324.903276790136,4.55183137382135,21.4179043694095,0.52,663.722313590041,668.274144963863,0.5,0.666666666666667,807.177419662476
180,2,0,0.1,0,10000,200000,0.15,0.6,100,263.004909000589,261.206817124579,-1.79809187600944,27.1759493346577,0.47,609.112582588892,607.314490712883,0.15,0.15,766.921854019165
181,2,0.1,0.1,0,10000,200000,0.15,0.6,100,267.134668223214,272.260142704247,5.1254744810329,29.4328513311209,0.53,608.352948566264,613.478423047297,0.15,0.163934426229508,757.459224939346
182,2,0.2,0.1,0,10000,200000,0.15,0.6,100,258.215851750233,264.88805566794,6.67220391770681,33.2776532358333,0.57,606.639181834515,613.311385752221,0.15,0.180722891566265,809.739549875259
183,2,0.3,0.1,0,10000,200000,0.15,0.6,100,261.049766637398,275.425115639866,14.3753490024676,39.2837832926617,0.67,606.93919570288,621.314544705348,0.15,0.201342281879195,853.404088258743
184,2,0.5,0.1,0,10000,200000,0.15,0.6,100,268.537730512785,292.453058625696,23.9153281129114,36.8437662126659,0.69,612.351694559809,636.26702267272,0.15,0.260869565217391,765.064701080322
185,2,0,0.2,0,10000,200000,0.15,0.6,100,254.839812547107,263.983942813318,9.14413026621109,32.1067025261601,0.62,601.378899787678,610.523030053889,0.15,0.15,756.040261030197
186,2,0.1,0.2,0,10000,200000,0.15,0.6,100,280.593646585397,280.55279087747,-0.0408557079276625,35.0940644648862,0.48,629.236971050285,629.196115342357,0.15,0.163934426229508,827.791503429413
187,2,0.2,0.2,0,10000,200000,0.15,0.6,100,270.126620059829,282.924362118455,12.7977420586252,38.4556214022741,0.62,614.826282985871,627.624025044496,0.15,0.180722891566265,833.994374275208
188,2,0.3,0.2,0,10000,200000,0.15,0.6,100,259.75069701198,281.623790228738,21.8730932167579,34.8828734688414,0.71,607.702557578825,629.575650795583,0.15,0.201342281879195,747.238252401352
189,2,0.5,0.2,0,10000,200000,0.15,0.6,100,257.25090136872,284.166077838718,26.9151764699983,37.2635807910487,0.79,599.437916990653,626.353093460652,0.15,0.260869565217391,756.921834468842
190,2,0,0.5,0,10000,200000,0.15,0.6,100,269.886218994419,285.507523880234,15.6213048858157,40.9974397952373,0.64,612.668059225144,628.289364110959,0.15,0.15,832.457258462906
191,2,0.1,0.5,0,10000,200000,0.15,0.6,100,269.276253365331,284.625633422163,15.3493800568321,38.9028290162859,0.65,611.810952311768,627.1603323686,0.15,0.163934426229508,847.12787437439
192,2,0.2,0.5,0,10000,200000,0.15,0.6,100,265.64934722569,277.504396609122,11.8550493834327,39.7317339902147,0.6,610.599107577515,622.454156960947,0.15,0.180722891566265,737.395288467407
193,2,0.3,0.5,0,10000,200000,0.15,0.6,100,269.879695074763,294.650701923398,24.7710068486354,42.3240819557601,0.68,612.919648890141,637.690655738776,0.15,0.201342281879195,749.501720666885
194,2,0.5,0.5,0,10000,200000,0.15,0.6,100,272.654345232565,302.783333954896,30.1289887223309,36.1102252129947,0.81,619.775853331286,649.904842053617,0.15,0.260869565217391,795.947850465775
195,2,0,0.1,1,10000,200000,0.15,0.6,100,260.534921919382,262.958577920834,2.42365600145196,30.2624263859082,0.55,610.539881336237,612.963537337689,0.15,0.15,739.724942207336
196,2,0.1,0.1,1,10000,200000,0.15,0.6,100,261.38612650375,264.767113780678,3.3809872769282,33.3683707550366,0.56,608.778200774572,612.1591880515,0.15,0.163934426229508,737.523625850678
197,2,0.2,0.1,1,10000,200000,0.15,0.6,100,257.166766235941,263.638036089977,6.47126985403658,28.2962167239776,0.58,602.511261261139,608.982531115175,0.15,0.180722891566265,749.41971206665
198,2,0.3,0.1,1,10000,200000,0.15,0.6,100,273.196238903586,289.541566295612,16.3453273920255,38.3639749008367,0.64,618.02742743678,634.372754828805,0.15,0.201342281879195,796.402929067612
199,2,0.5,0.1,1,10000,200000,0.15,0.6,100,265.22617095075,291.711570572392,26.4853996216418,37.323738724792,0.75,612.486159108592,638.971558730234,0.15,0.260869565217391,738.498307466507
200,2,0,0.2,1,10000,200000,0.15,0.6,100,262.872467345028,266.752149088133,3.87968174310498,35.6746908582947,0.56,608.847936618931,612.727618362036,0.15,0.15,737.416016817093
201,2,0.1,0.2,1,10000,200000,0.15,0.6,100,271.322502312536,280.77467688915,9.45217457661354,32.4231811525541,0.5,617.823705470279,627.275880046892,0.15,0.163934426229508,747.609848976135
202,2,0.2,0.2,1,10000,200000,0.15,0.6,100,270.33519124769,284.764252902515,14.4290616548248,31.3780285170466,0.66,615.981861521849,630.410923176673,0.15,0.180722891566265,793.651210784912
203,2,0.3,0.2,1,10000,200000,0.15,0.6,100,270.721025417265,296.89764732346,26.1766219061949,35.1615189559384,0.8,613.829226050452,640.005847956646,0.15,0.201342281879195,802.857606172562
204,2,0.5,0.2,1,10000,200000,0.15,0.6,100,268.626201867464,301.98955637938,33.3633545119162,41.5769956944189,0.8,611.563937594009,644.927292105925,0.15,0.260869565217391,737.141043663025
205,2,0,0.5,1,10000,200000,0.15,0.6,100,264.612493284404,280.149292380342,15.5367990959378,37.2481979788767,0.66,607.472534019246,623.009333115184,0.15,0.15,748.76429104805
206,2,0.1,0.5,1,10000,200000,0.15,0.6,100,267.580442688757,284.708448822892,17.1280061341347,42.3235036166338,0.7,609.683837591234,626.811843725369,0.15,0.163934426229508,795.166021585465
207,2,0.2,0.5,1,10000,200000,0.15,0.6,100,260.17787358618,282.791135028292,22.6132614421116,33.7891047611388,0.76,608.747121106274,631.360382548385,0.15,0.180722891566265,808.728439569473
208,2,0.3,0.5,1,10000,200000,0.15,0.6,100,255.45300276769,278.488698903247,23.0356961355573,43.5442733000098,0.69,603.342185678808,626.377881814365,0.15,0.201342281879195,747.525672197342
209,2,0.5,0.5,1,10000,200000,0.15,0.6,100,270.669121435854,307.498032945603,36.8289115097483,39.2932058385176,0.85,616.569278492434,653.398190002182,0.15,0.260869565217391,747.841646909714
210,2,0,0.1,2,10000,200000,0.15,0.6,100,275.138311031449,273.390583792626,-1.74772723882274,28.1944598508704,0.45,619.629220142927,617.881492904104,0.15,0.15,799.55094909668
211,2,0.1,0.1,2,10000,200000,0.15,0.6,100,270.904165284189,273.680560289631,2.77639500544132,30.814588026142,0.51,616.705997849275,619.482392854716,0.15,0.163934426229508,822.892159938812
212,2,0.2,0.1,2,10000,200000,0.15,0.6,100,259.474879127228,271.206518584173,11.7316394569458,32.2622522192704,0.65,603.876369543219,615.608009000164,0.15,0.180722891566265,740.189283132553
213,2,0.3,0.1,2,10000,200000,0.15,0.6,100,262.891896335357,280.589094222915,17.6971978875587,34.9921650959374,0.63,611.823904317314,629.521102204873,0.15,0.201342281879195,747.777664661408
214,2,0.5,0.1,2,10000,200000,0.15,0.6,100,262.075305618587,292.655178074066,30.5798724554789,31.8953172752768,0.85,610.504703819133,641.084576274612,0.15,0.260869565217391,799.460529088974
215,2,0,0.2,2,10000,200000,0.15,0.6,100,267.776261626316,271.179367935625,3.40310630930926,31.5185181288263,0.51,615.444989048624,618.848095357933,0.15,0.15,825.121592521668
216,2,0.1,0.2,2,10000,200000,0.15,0.6,100,264.245001891524,269.659998521347,5.4149966298225,32.8285357773994,0.6,610.658761834015,616.073758463837,0.15,0.163934426229508,736.961335420609
217,2,0.2,0.2,2,10000,200000,0.15,0.6,100,262.905961307973,276.253597931092,13.3476366231188,34.7172501159159,0.62,608.235000006098,621.582636629217,0.15,0.180722891566265,746.477028846741
218,2,0.3,0.2,2,10000,200000,0.15,0.6,100,269.169245768967,284.224578791608,15.0553330226411,38.194876404724,0.62,612.809377345312,627.864710367953,0.15,0.201342281879195,801.42706489563
219,2,0.5,0.2,2,10000,200000,0.15,0.6,100,268.345293608368,300.984664579891,32.6393709715234,35.3895681602428,0.86,615.707245138976,648.346616110499,0.15,0.260869565217391,828.144017696381
220,2,0,0.5,2,10000,200000,0.15,0.6,100,263.673184412471,268.681911992992,5.00872758052105,35.121192964177,0.48,611.206153212411,616.214880792932,0.15,0.15,746.613286018372
221,2,0.1,0.5,2,10000,200000,0.15,0.6,100,262.167347923104,282.449291669083,20.281943745979,36.3910526314833,0.73,612.461886895909,632.743830641888,0.15,0.163934426229508,747.854973316193
222,2,0.2,0.5,2,10000,200000,0.15,0.6,100,266.860478060168,286.335410227443,19.4749321672748,36.1174538160298,0.68,611.364012171743,630.838944339018,0.15,0.180722891566265,800.73184466362
223,2,0.3,0.5,2,10000,200000,0.15,0.6,100,259.956101676562,285.444659805773,25.4885581292113,42.1012151238738,0.75,606.968924342119,632.45748247133,0.15,0.201342281879195,809.755955219269
224,2,0.5,0.5,2,10000,200000,0.15,0.6,100,259.377065347494,293.648703357309,34.2716380098154,35.130366001673,0.87,606.531274025203,640.802912035019,0.15,0.260869565217391,740.097924232483
225,2,0,0.1,3,10000,200000,0.15,0.6,100,267.186680891123,270.16571500311,2.97903411198721,26.5660197558432,0.53,611.377427769547,614.356461881535,0.15,0.15,750.542724132538
226,2,0.1,0.1,3,10000,200000,0.15,0.6,100,274.617042404188,279.735165450312,5.11812304612391,30.8762258509191,0.53,619.125139164533,624.243262210657,0.15,0.163934426229508,806.47233080864
227,2,0.2,0.1,3,10000,200000,0.15,0.6,100,264.480564291255,281.65493595489,17.1743716636346,33.6295322355316,0.68,609.340246854741,626.514618518375,0.15,0.180722891566265,762.568310976029
228,2,0.3,0.1,3,10000,200000,0.15,0.6,100,273.022749165121,293.562371344488,20.5396221793671,35.6348771785914,0.73,621.149414061127,641.689036240494,0.15,0.201342281879195,745.905770778656
229,2,0.5,0.1,3,10000,200000,0.15,0.6,100,269.097541757256,295.424998921636,26.3274571643798,39.4511658040187,0.75,615.015363684903,641.342820849283,0.15,0.260869565217391,754.177300453186
230,2,0,0.2,3,10000,200000,0.15,0.6,100,268.756529181813,270.884861637091,2.12833245527731,35.6561329901472,0.57,613.913982767831,616.042315223108,0.15,0.15,804.559668302536
231,2,0.1,0.2,3,10000,200000,0.15,0.6,100,267.757149530583,268.006882407499,0.24973287691646,40.718572838352,0.46,617.306910583406,617.556643460322,0.15,0.163934426229508,809.798765182495
232,2,0.2,0.2,3,10000,200000,0.15,0.6,100,267.662823939049,278.479708683128,10.8168847440781,33.2753095722861,0.64,615.166265828598,625.983150572676,0.15,0.180722891566265,748.823156118393
233,2,0.3,0.2,3,10000,200000,0.15,0.6,100,274.559368342079,289.366340493914,14.8069721518357,32.9930916838983,0.65,620.223130743319,635.030102895154,0.15,0.201342281879195,749.039497375488
234,2,0.5,0.2,3,10000,200000,0.15,0.6,100,279.127500696487,302.170663175147,23.0431624786601,34.8294877318835,0.74,622.510160384705,645.553322863365,0.15,0.260869565217391,822.715386629105
235,2,0,0.5,3,10000,200000,0.15,0.6,100,265.976415107717,271.09611989389,5.11970478617339,36.9918084590033,0.58,615.316065075235,620.435769861408,0.15,0.15,832.349445343018
236,2,0.1,0.5,3,10000,200000,0.15,0.6,100,267.475513414391,279.346771280856,11.8712578664647,32.997854918522,0.64,609.55388537173,621.425143238195,0.15,0.163934426229508,751.554311513901
237,2,0.2,0.5,3,10000,200000,0.15,0.6,100,263.389901297661,280.245517918022,16.8556166203612,41.0482959451479,0.71,609.196999134585,626.052615754946,0.15,0.180722891566265,747.567574262619
238,2,0.3,0.5,3,10000,200000,0.15,0.6,100,263.216341313039,286.152879241725,22.9365379286868,36.0258495994899,0.76,611.346169443831,634.282707372518,0.15,0.201342281879195,835.988440513611
239,2,0.5,0.5,3,10000,200000,0.15,0.6,100,262.314046143474,295.072317618079,32.7582714746054,40.1994245077439,0.82,609.320903431692,642.079174906297,0.15,0.260869565217391,847.378339529038
240,2,0,0.1,0,10000,200000,0.3,0.6,100,301.194342083067,302.194610192804,1.00026810973753,22.5680373446822,0.54,647.389783076372,648.39005118611,0.3,0.3,761.096541404724
241,2,0.1,0.1,0,10000,200000,0.3,0.6,100,304.765486430075,305.531976812802,0.766490382727104,24.1463438334504,0.45,649.436933211793,650.20342359452,0.3,0.32258064516129,757.346600294113
242,2,0.2,0.1,0,10000,200000,0.3,0.6,100,312.701352225352,316.820323540328,4.11897131497615,25.4916993412433,0.57,656.744647538955,660.863618853932,0.3,0.348837209302326,798.06839132309
243,2,0.3,0.1,0,10000,200000,0.3,0.6,100,292.330474875584,300.882579894904,8.55210501931992,22.046165934852,0.66,638.897469277921,647.449574297241,0.3,0.379746835443038,792.800076246262
244,2,0.5,0.1,0,10000,200000,0.3,0.6,100,294.906399504244,306.999466997444,12.0930674931998,23.9216840367483,0.65,643.67630348741,655.76937098061,0.3,0.461538461538462,751.825884342194
245,2,0,0.2,0,10000,200000,0.3,0.6,100,306.886296339399,304.183226447189,-2.70306989220996,22.4663990289713,0.43,653.09785457964,650.39478468743,0.3,0.3,760.268243551254
246,2,0.1,0.2,0,10000,200000,0.3,0.6,100,303.667553397583,305.242036236304,1.57448283872012,22.0407996587778,0.53,649.540074189139,651.114557027859,0.3,0.32258064516129,796.206954240799
247,2,0.2,0.2,0,10000,200000,0.3,0.6,100,297.776686991737,299.79575226667,2.01906527493293,23.1774087906539,0.51,639.680489165814,641.699554440747,0.3,0.348837209302326,812.134184360504
248,2,0.3,0.2,0,10000,200000,0.3,0.6,100,309.828138880378,318.908638972497,9.08050009211924,26.0511929591659,0.64,658.313065796777,667.393565888896,0.3,0.379746835443038,751.279768228531
249,2,0.5,0.2,0,10000,200000,0.3,0.6,100,307.636253576763,318.49222842263,10.8559748458665,24.7005039932404,0.66,649.77065004961,660.626624895477,0.3,0.461538461538462,756.347836017609
250,2,0,0.5,0,10000,200000,0.3,0.6,100,306.952884670434,307.362144165797,0.409259495362164,25.8196554856164,0.47,649.477983945696,649.887243441058,0.3,0.3,796.242725610733
251,2,0.1,0.5,0,10000,200000,0.3,0.6,100,295.041516839456,302.29822011498,7.25670327552386,28.0045718211579,0.63,637.139325404196,644.39602867972,0.3,0.32258064516129,748.590495824814
252,2,0.2,0.5,0,10000,200000,0.3,0.6,100,306.689382279336,312.654565942788,5.96518366345248,24.911123515934,0.59,652.747493202427,658.71267686588,0.3,0.348837209302326,748.710539340973
253,2,0.3,0.5,0,10000,200000,0.3,0.6,100,309.594285881488,316.856806530282,7.26252064879422,26.1755602398911,0.61,652.865379983437,660.127900632231,0.3,0.379746835443038,758.708066463471
254,2,0.5,0.5,0,10000,200000,0.3,0.6,100,301.086849305038,314.285263299004,13.1984139939659,24.3134448501713,0.72,643.394945437655,656.593359431621,0.3,0.461538461538462,798.136930942536
255,2,0,0.1,1,10000,200000,0.3,0.6,100,300.939137207778,297.699108112527,-3.24002909525098,25.811653042746,0.43,647.647839918574,644.407810823323,0.3,0.3,806.703919887543
256,2,0.1,0.1,1,10000,200000,0.3,0.6,100,306.724300900313,310.069879014696,3.34557811438268,21.332139316439,0.58,655.307257248745,658.652835363128,0.3,0.32258064516129,754.617118597031
257,2,0.2,0.1,1,10000,200000,0.3,0.6,100,304.253409687821,306.572973118373,2.31956343055106,25.0126451205996,0.5,650.583377080822,652.902940511374,0.3,0.348837209302326,758.300670862198
258,2,0.3,0.1,1,10000,200000,0.3,0.6,100,302.777623165109,307.454267976992,4.67664481188321,19.7353954264555,0.62,649.372004128687,654.04864894057,0.3,0.379746835443038,794.416221380234
259,2,0.5,0.1,1,10000,200000,0.3,0.6,100,304.012774907653,317.392007196503,13.3792322888501,24.4336366251914,0.68,647.631553515065,661.010785803915,0.3,0.461538461538462,851.429818868637
260,2,0,0.2,1,10000,200000,0.3,0.6,100,288.370693045514,287.397098536593,-0.973594508920576,26.7973459057941,0.46,636.095567178857,635.121972669937,0.3,0.3,748.007339477539
261,2,0.1,0.2,1,10000,200000,0.3,0.6,100,298.639683515066,299.792340462652,1.15265694758554,24.1476768265423,0.54,643.804148857455,644.95680580504,0.3,0.32258064516129,755.680525064468
262,2,0.2,0.2,1,10000,200000,0.3,0.6,100,310.511915087636,311.788064967848,1.27614988021176,22.4093461485284,0.49,654.476847382061,655.752997262273,0.3,0.348837209302326,802.98663687706
263,2,0.3,0.2,1,10000,200000,0.3,0.6,100,302.969913906602,306.285999197549,3.31608529094727,23.7297103637492,0.56,651.582556776701,654.898642067649,0.3,0.379746835443038,806.044142723084
264,2,0.5,0.2,1,10000,200000,0.3,0.6,100,307.075699367862,319.373836739997,12.2981373721347,24.4293244014485,0.7,649.414909308368,661.713046680503,0.3,0.461538461538462,748.396208524704
265,2,0,0.5,1,10000,200000,0.3,0.6,100,308.078787282419,309.747788091485,1.66900080906597,23.6387759422887,0.45,653.067125526208,654.736126335274,0.3,0.3,759.696177721024
266,2,0.1,0.5,1,10000,200000,0.3,0.6,100,300.047175116208,299.592879979139,-0.454295137068928,24.5124535256951,0.48,647.108771310313,646.654476173244,0.3,0.32258064516129,794.252296686173
267,2,0.2,0.5,1,10000,200000,0.3,0.6,100,309.343716244278,314.968748485235,5.62503224095764,28.7079667051318,0.57,660.077446183753,665.702478424711,0.3,0.348837209302326,746.899197101593
268,2,0.3,0.5,1,10000,200000,0.3,0.6,100,308.424205984711,315.899867148062,7.47566116335139,23.9864447191501,0.58,650.3891062718,657.864767435151,0.3,0.379746835443038,754.58671951294
269,2,0.5,0.5,1,10000,200000,0.3,0.6,100,301.256411843619,314.636596240907,13.3801843972878,24.0364733424256,0.66,645.089037109178,658.469221506466,0.3,0.461538461538462,759.127804994583
270,2,0,0.1,2,10000,200000,0.3,0.6,100,299.691581631053,303.013346301781,3.32176467072888,25.2191777506879,0.56,647.432032212243,650.753796882971,0.3,0.3,801.219767570496
271,2,0.1,0.1,2,10000,200000,0.3,0.6,100,309.074927740534,303.534181905457,-5.54074583507695,25.9934650049647,0.36,654.231047368081,648.690301533004,0.3,0.32258064516129,822.660572290421
272,2,0.2,0.1,2,10000,200000,0.3,0.6,100,319.622396294104,324.312938508113,4.69054221400899,22.5412525190885,0.55,661.4597784564,666.150320670409,0.3,0.348837209302326,751.389905691147
273,2,0.3,0.1,2,10000,200000,0.3,0.6,100,307.692320236989,316.403073132627,8.71075289563834,24.9502951747875,0.65,654.857786906168,663.568539801806,0.3,0.379746835443038,759.110298633576
274,2,0.5,0.1,2,10000,200000,0.3,0.6,100,293.068782883071,305.834291223592,12.7655083405207,25.2656369721821,0.64,644.978178513016,657.743686853537,0.3,0.461538461538462,811.263241767883
275,2,0,0.2,2,10000,200000,0.3,0.6,100,305.482509883489,301.522961802175,-3.95954808131418,21.9622748948051,0.4,656.460488502965,652.500940421651,0.3,0.3,746.90212392807
276,2,0.1,0.2,2,10000,200000,0.3,0.6,100,302.918805513517,304.487318790129,1.56851327661193,27.2114042185856,0.5,653.205644148232,654.774157424844,0.3,0.32258064516129,753.906232595444
277,2,0.2,0.2,2,10000,200000,0.3,0.6,100,309.221309628002,313.614529020247,4.39321939224508,22.5987533265783,0.52,654.151440088132,658.544659480377,0.3,0.348837209302326,768.78236579895
278,2,0.3,0.2,2,10000,200000,0.3,0.6,100,306.931581202001,312.551271038666,5.61968983666482,29.7711835650726,0.59,653.778386650193,659.398076486858,0.3,0.379746835443038,806.66247010231
279,2,0.5,0.2,2,10000,200000,0.3,0.6,100,305.863312265411,315.504781333148,9.64146906773736,26.8529240851894,0.6,652.639235492184,662.280704559922,0.3,0.461538461538462,813.942815065384
280,2,0,0.5,2,10000,200000,0.3,0.6,100,304.586824994843,310.383867048849,5.79704205400605,24.9813640430533,0.59,651.243219812191,657.040261866197,0.3,0.3,754.677983522415
281,2,0.1,0.5,2,10000,200000,0.3,0.6,100,299.400212018114,301.49608692605,2.09587490793558,30.0575988117226,0.49,646.746785615531,648.842660523467,0.3,0.32258064516129,760.1141974926
282,2,0.2,0.5,2,10000,200000,0.3,0.6,100,299.929698358018,309.134407682763,9.20470932474518,30.3333322316249,0.6,644.982730170199,654.187439494944,0.3,0.348837209302326,827.251782894135
283,2,0.3,0.5,2,10000,200000,0.3,0.6,100,287.43411424596,296.243775561129,8.80966131516929,25.0897909118201,0.6,635.141076171088,643.950737486257,0.3,0.379746835443038,837.288204669953
284,2,0.5,0.5,2,10000,200000,0.3,0.6,100,306.270438785651,319.312651405307,13.0422126196559,24.5512612979865,0.74,653.361813900578,666.404026520234,0.3,0.461538461538462,752.378791093826
285,2,0,0.1,3,10000,200000,0.3,0.6,100,306.415613164573,304.005564071147,-2.41004909342576,21.9904488580799,0.41,652.183043587203,649.772994493778,0.3,0.3,758.287200450897
286,2,0.1,0.1,3,10000,200000,0.3,0.6,100,306.926888762983,308.235939371112,1.30905060812905,25.3709757886311,0.54,654.277276310131,655.58632691826,0.3,0.32258064516129,834.952866077423
287,2,0.2,0.1,3,10000,200000,0.3,0.6,100,302.592671590054,309.290311015459,6.69763942540486,28.7698821061868,0.61,648.37693989493,655.074579320335,0.3,0.348837209302326,849.73991894722
288,2,0.3,0.1,3,10000,200000,0.3,0.6,100,299.363641194729,305.672860088255,6.30921889352614,19.2410711991102,0.62,644.467819744193,650.777038637719,0.3,0.379746835443038,737.86722779274
289,2,0.5,0.1,3,10000,200000,0.3,0.6,100,292.696413536051,307.212925922821,14.5165123867706,26.562278820979,0.62,640.448515870471,654.965028257241,0.3,0.461538461538462,757.964241504669
290,2,0,0.2,3,10000,200000,0.3,0.6,100,301.786935479994,300.166603594877,-1.6203318851168,26.7881144684841,0.46,649.094291124075,647.473959238958,0.3,0.3,794.113465070725
291,2,0.1,0.2,3,10000,200000,0.3,0.6,100,296.521477280776,301.176622802494,4.65514552171821,23.8955372597871,0.61,644.022284167355,648.677429689073,0.3,0.32258064516129,806.726475954056
292,2,0.2,0.2,3,10000,200000,0.3,0.6,100,290.616540843157,299.316557325724,8.70001648256707,24.7771188479509,0.67,637.687795263452,646.387811746019,0.3,0.348837209302326,746.917817115784
293,2,0.3,0.2,3,10000,200000,0.3,0.6,100,305.191612703513,312.25818739861,7.06657469509704,24.3792766973516,0.61,650.169376743674,657.235951438771,0.3,0.379746835443038,759.100830793381
294,2,0.5,0.2,3,10000,200000,0.3,0.6,100,302.739381116719,314.08082786147,11.3414467447508,22.9846649016267,0.67,647.457454291939,658.798901036689,0.3,0.461538461538462,793.198390007019
295,2,0,0.5,3,10000,200000,0.3,0.6,100,292.897447071221,295.555684876462,2.6582378052413,24.3451170514813,0.57,642.473163250193,645.131401055434,0.3,0.3,827.071551799774
296,2,0.1,0.5,3,10000,200000,0.3,0.6,100,297.07520068267,298.392769133675,1.31756845100542,24.558525655282,0.53,639.508495194709,640.826063645714,0.3,0.32258064516129,741.047478914261
297,2,0.2,0.5,3,10000,200000,0.3,0.6,100,305.244768988997,306.870184103281,1.62541511428396,24.8209102723985,0.56,646.047014663898,647.672429778182,0.3,0.348837209302326,758.54234290123
298,2,0.3,0.5,3,10000,200000,0.3,0.6,100,300.472370619293,309.6916243162,9.21925369690681,24.9053360442095,0.63,645.842875504968,655.062129201875,0.3,0.379746835443038,799.595314502716
299,2,0.5,0.5,3,10000,200000,0.3,0.6,100,303.216730106269,309.242083554035,6.02535344776665,21.1377605645428,0.65,647.844554776888,653.869908224655,0.3,0.461538461538462,748.985704898834
300,2,0,0.1,0,10000,200000,0.5,0.6,100,320.686631689412,319.103309396394,-1.58332229301833,15.9116347000705,0.38,665.134537460931,663.551215167913,0.5,0.5,738.182778120041
301,2,0.1,0.1,0,10000,200000,0.5,0.6,100,315.320671622255,317.801161653754,2.48049003149911,18.8967025136123,0.49,661.061760344835,663.542250376334,0.5,0.526315789473684,757.945711612701
302,2,0.2,0.1,0,10000,200000,0.5,0.6,100,318.317692264581,321.282731228105,2.96503896352394,18.9871402888966,0.46,661.066737636212,664.031776599736,0.5,0.555555555555556,794.732851028442
303,2,0.3,0.1,0,10000,200000,0.5,0.6,100,315.729393754581,317.916715920848,2.18732216626691,17.6154884776195,0.44,662.811213228293,664.99853539456,0.5,0.588235294117647,750.631979942322
304,2,0.5,0.1,0,10000,200000,0.5,0.6,100,312.08762811915,317.82940130814,5.74177318899062,14.0938552046785,0.66,655.846523685262,661.588296874253,0.5,0.666666666666667,769.253693342209
305,2,0,0.2,0,10000,200000,0.5,0.6,100,322.699517756541,326.577110777901,3.87759302135936,19.4207247930679,0.6,665.389567768574,669.267160789934,0.5,0.5,758.640951633453
306,2,0.1,0.2,0,10000,200000,0.5,0.6,100,310.041914910234,309.14174931396,-0.900165596274064,18.9941870519928,0.41,654.369047613364,653.46888201709,0.5,0.526315789473684,796.477483987808
307,2,0.2,0.2,0,10000,200000,0.5,0.6,100,297.579893244302,303.260441224167,5.68054797986524,18.1224874737022,0.64,645.188732388829,650.869280368694,0.5,0.555555555555556,747.442041635513
308,2,0.3,0.2,0,10000,200000,0.5,0.6,100,321.146419567671,324.581519816967,3.43510024929579,19.6079284893569,0.53,665.532387256502,668.967487505798,0.5,0.588235294117647,737.164297103882
309,2,0.5,0.2,0,10000,200000,0.5,0.6,100,315.373582961945,321.681389369483,6.30780640753792,17.3481322278299,0.62,657.480191643586,663.787998051123,0.5,0.666666666666667,760.86318063736
310,2,0,0.5,0,10000,200000,0.5,0.6,100,307.834068152858,309.7456553902,1.91158723734215,18.3118434670413,0.49,652.250134902508,654.16172213985,0.5,0.5,798.711844682694
311,2,0.1,0.5,0,10000,200000,0.5,0.6,100,318.293739533244,319.074750324547,0.781010791302215,17.4986659185047,0.53,661.931752868433,662.712763659735,0.5,0.526315789473684,806.664982318878
312,2,0.2,0.5,0,10000,200000,0.5,0.6,100,309.534946483633,311.098883174637,1.56393669100343,16.7126119056253,0.56,658.197572382177,659.76150907318,0.5,0.555555555555556,756.948238134384
313,2,0.3,0.5,0,10000,200000,0.5,0.6,100,315.274314998385,320.980831651398,5.70651665301381,16.0645704808706,0.65,658.932280315094,664.638796968108,0.5,0.588235294117647,762.349645853043
314,2,0.5,0.5,0,10000,200000,0.5,0.6,100,315.410943016013,320.044771503635,4.63382848762225,17.9699688592504,0.61,661.758103678362,666.391932165984,0.5,0.666666666666667,801.742670059204
315,2,0,0.1,1,10000,200000,0.5,0.6,100,322.940561758336,324.593780110336,1.65321835199972,18.3568821359014,0.53,663.346944530089,665.000162882089,0.5,0.5,807.754351854324
316,2,0.1,0.1,1,10000,200000,0.5,0.6,100,320.147784877786,323.523107112486,3.37532223470007,17.0155665823586,0.54,660.397085038898,663.772407273598,0.5,0.526315789473684,737.217203378677
317,2,0.2,0.1,1,10000,200000,0.5,0.6,100,318.500323867581,319.711827095542,1.21150322796038,18.0500961713933,0.51,664.719794102629,665.931297330589,0.5,0.555555555555556,760.872329473496
318,2,0.3,0.1,1,10000,200000,0.5,0.6,100,313.613258635768,316.919916917804,3.30665828203652,18.1289870325902,0.6,661.320441301429,664.627099583466,0.5,0.588235294117647,801.282495975494
319,2,0.5,0.1,1,10000,200000,0.5,0.6,100,312.288119801538,317.744239936295,5.45612013475672,19.1389969841565,0.58,658.273331909447,663.729452044204,0.5,0.666666666666667,834.379433393479
320,2,0,0.2,1,10000,200000,0.5,0.6,100,318.726767786299,316.72546829299,-2.001299493309,18.5107166454854,0.44,661.309482164047,659.308182670738,0.5,0.5,735.799710273743
321,2,0.1,0.2,1,10000,200000,0.5,0.6,100,302.281478119116,306.401486544531,4.12000842541456,19.0262945080085,0.55,651.673221859482,655.793230284896,0.5,0.526315789473684,758.261842489243
322,2,0.2,0.2,1,10000,200000,0.5,0.6,100,309.983557449642,310.437635215026,0.454077765384654,17.6806476876646,0.48,653.777873937078,654.231951702463,0.5,0.555555555555556,807.7078769207
323,2,0.3,0.2,1,10000,200000,0.5,0.6,100,307.67162183224,310.191762832682,2.52014100044245,16.6432203666641,0.52,653.97330880449,656.493449804932,0.5,0.588235294117647,847.152258872986
324,2,0.5,0.2,1,10000,200000,0.5,0.6,100,315.143407401825,316.134694922827,0.99128752100258,21.2466266886456,0.52,662.377290115608,663.36857763661,0.5,0.666666666666667,755.712147712708
325,2,0,0.5,1,10000,200000,0.5,0.6,100,310.5812438213,313.006961959501,2.42571813820026,17.0387931454613,0.57,656.107554533358,658.533272671558,0.5,0.5,759.749251127243
326,2,0.1,0.5,1,10000,200000,0.5,0.6,100,318.813541693341,321.584835718355,2.77129402501389,19.0119372131111,0.51,659.349650155232,662.120944180246,0.5,0.526315789473684,806.538550138474
327,2,0.2,0.5,1,10000,200000,0.5,0.6,100,318.786967332302,321.597458480777,2.81049114847565,16.7957738814488,0.55,662.754069927969,665.564561076445,0.5,0.555555555555556,809.164622545242
328,2,0.3,0.5,1,10000,200000,0.5,0.6,100,313.137092391372,319.015000389766,5.8779079983931,21.744715744659,0.6,655.945442552689,661.823350551082,0.5,0.588235294117647,755.742872476578
329,2,0.5,0.5,1,10000,200000,0.5,0.6,100,316.245484894533,320.725360322561,4.47987542802803,16.3756457669032,0.6,659.586168576305,664.066044004333,0.5,0.666666666666667,766.408352851868
330,2,0,0.1,2,10000,200000,0.5,0.6,100,310.230237648729,309.318194760232,-0.912042888496737,18.2975688573099,0.5,656.691525252894,655.779482364397,0.5,0.5,827.583063364029
331,2,0.1,0.1,2,10000,200000,0.5,0.6,100,308.880691464128,310.826102214163,1.94541075003439,19.2975380189012,0.55,655.38051952754,657.325930277575,0.5,0.526315789473684,840.095643997193
332,2,0.2,0.1,2,10000,200000,0.5,0.6,100,318.457764278698,318.932884415302,0.475120136603366,20.8705637517182,0.52,659.318836497443,659.793956634046,0.5,0.555555555555556,754.401618242264
333,2,0.3,0.1,2,10000,200000,0.5,0.6,100,313.584688004917,315.01751201241,1.43282400749343,14.0118166743123,0.54,657.934538627322,659.367362634815,0.5,0.588235294117647,763.791156768799
334,2,0.5,0.1,2,10000,200000,0.5,0.6,100,316.194307529921,323.286760611257,7.09245308133572,15.3413172069425,0.62,663.577357008948,670.669810090284,0.5,0.666666666666667,839.342533111572
335,2,0,0.2,2,10000,200000,0.5,0.6,100,325.830833828889,327.293714762232,1.46288093334301,16.0938004916624,0.54,672.844867401411,674.307748334754,0.5,0.5,850.724314212799
336,2,0.1,0.2,2,10000,200000,0.5,0.6,100,311.300088939488,311.37684644551,0.0767575060220202,20.7109188325488,0.46,660.00294300359,660.079700509612,0.5,0.526315789473684,734.278351068497
337,2,0.2,0.2,2,10000,200000,0.5,0.6,100,315.188412485661,316.401412081818,1.21299959615699,22.7655810057314,0.51,664.434075732534,665.647075328691,0.5,0.555555555555556,743.115458726883
338,2,0.3,0.2,2,10000,200000,0.5,0.6,100,316.463888753121,321.857224453493,5.39333570037146,20.9567389790647,0.57,659.938944877523,665.332280577895,0.5,0.588235294117647,794.271897554398
339,2,0.5,0.2,2,10000,200000,0.5,0.6,100,319.977565717278,325.180955433313,5.2033897160352,17.0378598671384,0.6,665.059185678959,670.262575394994,0.5,0.666666666666667,806.388768911362
340,2,0,0.5,2,10000,200000,0.5,0.6,100,324.476311245768,323.594900685167,-0.881410560601043,20.7918426407683,0.5,672.594943403389,671.713532842788,0.5,0.5,741.968381643295
341,2,0.1,0.5,2,10000,200000,0.5,0.6,100,314.530663562793,314.147978744324,-0.38268481846952,18.600147354184,0.53,658.672444732531,658.289759914062,0.5,0.526315789473684,742.896626234055
342,2,0.2,0.5,2,10000,200000,0.5,0.6,100,319.855394141879,320.223638613427,0.368244471548321,18.8049088927617,0.5,667.707959714197,668.076204185745,0.5,0.555555555555556,794.463741779327
343,2,0.3,0.5,2,10000,200000,0.5,0.6,100,317.489026053194,323.551619897807,6.06259384461336,19.1720364522113,0.6,663.894292788548,669.956886633161,0.5,0.588235294117647,747.251939058304
344,2,0.5,0.5,2,10000,200000,0.5,0.6,100,315.015027234705,323.332999441983,8.31797220727761,19.6649885262598,0.69,660.793051061638,669.111023268916,0.5,0.666666666666667,741.988511323929
345,2,0,0.1,3,10000,200000,0.5,0.6,100,307.888337278386,311.775727291861,3.88739001347567,16.9520129710842,0.58,654.623918368139,658.511308381614,0.5,0.5,744.69893693924
346,2,0.1,0.1,3,10000,200000,0.5,0.6,100,304.314057157407,306.859340482237,2.54528332482979,20.2013750600921,0.53,650.836709628044,653.381992952874,0.5,0.526315789473684,799.602315425873
347,2,0.2,0.1,3,10000,200000,0.5,0.6,100,317.04801238696,317.285636363036,0.237623976076179,18.6043324566326,0.44,664.10120809362,664.338832069696,0.5,0.555555555555556,826.322911977768
348,2,0.3,0.1,3,10000,200000,0.5,0.6,100,317.554073656255,321.809729871133,4.25565621487761,17.2929142783432,0.59,663.585751519529,667.841407734407,0.5,0.588235294117647,739.517709732056
349,2,0.5,0.1,3,10000,200000,0.5,0.6,100,319.84490985184,325.048525718643,5.20361586680295,17.0750322749147,0.56,664.012659517539,669.216275384342,0.5,0.666666666666667,745.83645272255
350,2,0,0.2,3,10000,200000,0.5,0.6,100,320.185048379426,319.115358510048,-1.06968986937841,19.2218239822506,0.43,668.201254675901,667.131564806522,0.5,0.5,795.381183385849
351,2,0.1,0.2,3,10000,200000,0.5,0.6,100,306.320224434224,308.333746995657,2.01352256143366,19.1344454796763,0.54,652.770754623175,654.784277184608,0.5,0.526315789473684,799.362184286118
352,2,0.2,0.2,3,10000,200000,0.5,0.6,100,313.898729557918,317.071655304262,3.17292574634415,19.4151394376731,0.58,662.296800723789,665.469726470133,0.5,0.555555555555556,735.251227617264
353,2,0.3,0.2,3,10000,200000,0.5,0.6,100,309.110791143528,314.868013454082,5.75722231055423,17.7281792925541,0.62,656.534873040504,662.292095351058,0.5,0.588235294117647,744.160809755325
354,2,0.5,0.2,3,10000,200000,0.5,0.6,100,319.074301553153,321.364309450459,2.29000789730567,18.7166535104649,0.59,664.615172334018,666.905180231324,0.5,0.666666666666667,794.889422178269
355,2,0,0.5,3,10000,200000,0.5,0.6,100,315.135637816819,317.441304604057,2.30566678723836,20.0970026953872,0.5,660.130151228185,662.435818015424,0.5,0.5,745.994418144226
356,2,0.1,0.5,3,10000,200000,0.5,0.6,100,312.191283116115,316.716976491836,4.5256933757205,19.7449244941881,0.58,660.220244479934,664.745937855654,0.5,0.526315789473684,734.647366523743
357,2,0.2,0.5,3,10000,200000,0.5,0.6,100,318.847286806661,321.533101249441,2.68581444278042,20.0882010336401,0.54,667.08818288917,669.773997331951,0.5,0.555555555555556,746.243947982788
358,2,0.3,0.5,3,10000,200000,0.5,0.6,100,322.628077347782,326.878095804105,4.25001845632371,18.410108543715,0.59,667.890039805028,672.140058261352,0.5,0.588235294117647,795.188069820404
359,2,0.5,0.5,3,10000,200000,0.5,0.6,100,321.243980145386,325.296231762178,4.05225161679262,17.4120524949466,0.62,663.904538167037,667.95678978383,0.5,0.666666666666667,808.482628107071
360,2,0,0.1,0,10000,200000,0.15,0.8,100,276.835411758421,277.22101699502,0.385605236599422,26.651598868226,0.48,621.656956305686,622.042561542286,0.15,0.15,737.375654697418
361,2,0.1,0.1,0,10000,200000,0.15,0.8,100,270.192843569005,273.472080199165,3.27923663016087,33.5075850520918,0.53,618.022597524814,621.301834154974,0.15,0.163934426229508,746.589250564575
362,2,0.2,0.1,0,10000,200000,0.15,0.8,100,263.919835847482,276.909684327602,12.9898484801196,34.4110690793517,0.65,609.818297102557,622.808145582676,0.15,0.180722891566265,802.659644126892
363,2,0.3,0.1,0,10000,200000,0.15,0.8,100,272.610670800625,288.892909619089,16.2822388184643,34.5224349056952,0.69,621.908299017598,638.190537836062,0.15,0.201342281879195,805.70357131958
364,2,0.5,0.1,0,10000,200000,0.15,0.8,100,260.871546274181,294.204803456988,33.3332571828071,34.347515316828,0.82,609.194037306025,642.527294488832,0.15,0.260869565217391,738.14001584053
365,2,0,0.2,0,10000,200000,0.15,0.8,100,267.157502557813,266.581765082948,-0.575737474865198,30.2917144892482,0.49,613.204691803094,612.628954328229,0.15,0.15,741.972590684891
366,2,0.1,0.2,0,10000,200000,0.15,0.8,100,268.882844108248,278.006185912032,9.12334180378426,31.718252184551,0.65,610.450106049999,619.573447853784,0.15,0.163934426229508,799.256433486939
367,2,0.2,0.2,0,10000,200000,0.15,0.8,100,263.255975495257,282.134475356096,18.8784998608384,38.0468533845298,0.68,610.618657640889,629.497157501728,0.15,0.180722891566265,824.636948823929
368,2,0.3,0.2,0,10000,200000,0.15,0.8,100,272.822562533065,291.750088705827,18.9275261727627,31.4148600610173,0.73,620.348779301355,639.276305474117,0.15,0.201342281879195,734.063680171967
369,2,0.5,0.2,0,10000,200000,0.15,0.8,100,279.303721754997,316.395198260019,37.0914765050221,41.2479340423164,0.81,620.985836623251,658.077313128273,0.15,0.260869565217391,745.563335895538
370,2,0,0.5,0,10000,200000,0.15,0.8,100,269.456407091062,273.037784427095,3.58137733603306,39.2924127415603,0.53,613.784184423613,617.365561759646,0.15,0.15,805.833633899689
371,2,0.1,0.5,0,10000,200000,0.15,0.8,100,264.549890907294,286.299914159639,21.7500232523443,38.3446105674675,0.74,610.296106104471,632.046129356816,0.15,0.163934426229508,847.833170890808
372,2,0.2,0.5,0,10000,200000,0.15,0.8,100,271.538310233577,287.508362647092,15.9700524135154,37.1721513629176,0.67,614.055583643242,630.025636056758,0.15,0.180722891566265,742.436136245728
373,2,0.3,0.5,0,10000,200000,0.15,0.8,100,265.185318472222,286.935640363549,21.7503218913272,33.4565392652579,0.73,613.784851785545,635.535173676872,0.15,0.201342281879195,745.907760381699
374,2,0.5,0.5,0,10000,200000,0.15,0.8,100,268.826764271827,301.279271313356,32.4525070415292,40.5737952443145,0.8,615.920648951841,648.37315599337,0.15,0.260869565217391,806.126271009445
375,2,0,0.1,1,10000,200000,0.15,0.8,100,266.686941577991,263.14430228256,-3.54263929543062,23.6632047885935,0.45,607.619713351241,604.07707405581,0.15,0.15,749.997311830521
376,2,0.1,0.1,1,10000,200000,0.15,0.8,100,273.706637253664,274.508399671453,0.801762417788416,28.7947199895425,0.51,615.413306827724,616.215069245512,0.15,0.163934426229508,745.588087320328
377,2,0.2,0.1,1,10000,200000,0.15,0.8,100,275.861815261494,284.977262180688,9.11544691919411,33.0330842806578,0.62,624.142223614884,633.257670534078,0.15,0.180722891566265,751.88706612587
378,2,0.3,0.1,1,10000,200000,0.15,0.8,100,265.833802584384,285.588184612699,19.7543820283147,33.9987487976455,0.7,610.561241004893,630.315623033208,0.15,0.201342281879195,828.925689935684
379,2,0.5,0.1,1,10000,200000,0.15,0.8,100,270.567023522487,297.989292746128,27.4222692236413,34.8096853348352,0.82,613.692681678997,641.114950902638,0.15,0.260869565217391,835.453020811081
380,2,0,0.2,1,10000,200000,0.15,0.8,100,265.024227665393,265.658566003608,0.634338338215064,31.9360748060426,0.51,607.854547717713,608.488886055929,0.15,0.15,742.291977405548
381,2,0.1,0.2,1,10000,200000,0.15,0.8,100,278.050831109431,284.709019132148,6.65818802271783,33.0576404664852,0.58,625.119691834674,631.777879857392,0.15,0.163934426229508,744.331413984299
382,2,0.2,0.2,1,10000,200000,0.15,0.8,100,264.283003949395,279.760933563466,15.477929614071,31.3890056655098,0.67,609.084115898795,624.562045512866,0.15,0.180722891566265,832.662496089935
383,2,0.3,0.2,1,10000,200000,0.15,0.8,100,281.893742620024,299.865184578151,17.971441958127,37.8893272388303,0.63,630.801717894117,648.773159852244,0.15,0.201342281879195,849.012261152268
384,2,0.5,0.2,1,10000,200000,0.15,0.8,100,279.123150481979,310.366068284437,31.2429178024582,34.9630760554166,0.82,623.91285086473,655.155768667188,0.15,0.260869565217391,742.562217473984
385,2,0,0.5,1,10000,200000,0.15,0.8,100,267.962406129163,273.323955281983,5.3615491528201,41.0685127106003,0.57,613.496787767971,618.858336920791,0.15,0.15,742.328693628311
386,2,0.1,0.5,1,10000,200000,0.15,0.8,100,278.472478831559,285.254633174764,6.78215434320521,37.0729046728737,0.6,623.092555079226,629.874709422431,0.15,0.163934426229508,795.879065036774
387,2,0.2,0.5,1,10000,200000,0.15,0.8,100,279.536278615839,291.875191567832,12.3389129519924,33.8479809652128,0.64,619.274251557085,631.613164509077,0.15,0.180722891566265,806.603813409805
388,2,0.3,0.5,1,10000,200000,0.15,0.8,100,279.662046541178,299.374351422647,19.7123048814691,35.1681520563646,0.68,624.719221732194,644.431526613663,0.15,0.201342281879195,742.464008569717
389,2,0.5,0.5,1,10000,200000,0.15,0.8,100,262.405818816657,294.613789418982,32.2079706023251,36.6190768368941,0.81,606.040085056241,638.248055658566,0.15,0.260869565217391,743.355881690979
390,2,0,0.1,2,10000,200000,0.15,0.8,100,274.789517876521,273.554669860496,-1.23484801602468,21.5979700857661,0.48,619.744641019526,618.509793003501,0.15,0.15,797.735670089722
391,2,0.1,0.1,2,10000,200000,0.15,0.8,100,276.608473923923,278.556733867449,1.94825994352614,24.7346167580638,0.53,623.617040559826,625.565300503352,0.15,0.163934426229508,748.040861129761
392,2,0.2,0.1,2,10000,200000,0.15,0.8,100,272.528540158262,281.974653970812,9.44611381254986,34.8028742777703,0.6,619.346305322519,628.792419135069,0.15,0.180722891566265,736.096922874451
393,2,0.3,0.1,2,10000,200000,0.15,0.8,100,275.040658834356,291.588722594278,16.5480637599219,37.4975951381793,0.68,620.601611822178,637.1496755821,0.15,0.201342281879195,743.402694702149
394,2,0.5,0.1,2,10000,200000,0.15,0.8,100,263.302917658713,295.491114681147,32.1881970224344,35.7043067745037,0.83,616.622025384825,648.810222407259,0.15,0.260869565217391,794.521253347397
395,2,0,0.2,2,10000,200000,0.15,0.8,100,276.434016469818,279.945797220909,3.51178075109058,35.8284858197495,0.52,624.050714063768,627.562494814858,0.15,0.15,745.635317802429
396,2,0.1,0.2,2,10000,200000,0.15,0.8,100,270.190561581229,277.434834616231,7.24427303500141,35.1879217226457,0.61,617.89478969259,625.139062727591,0.15,0.163934426229508,741.058008432388
397,2,0.2,0.2,2,10000,200000,0.15,0.8,100,274.086979658478,284.052429375289,9.96544971681058,34.2910799396572,0.61,619.485672831297,629.451122548107,0.15,0.180722891566265,746.505490779877
398,2,0.3,0.2,2,10000,200000,0.15,0.8,100,261.317252994947,287.692282385151,26.3750293902035,37.9908803642339,0.72,607.310110852345,633.685140242549,0.15,0.201342281879195,798.782243967056
399,2,0.5,0.2,2,10000,200000,0.15,0.8,100,270.876531742485,304.269047937492,33.3925161950071,35.3341291347944,0.85,618.73596650797,652.128482702977,0.15,0.260869565217391,832.47453045845
400,2,0,0.5,2,10000,200000,0.15,0.8,100,258.66728622382,274.584410897305,15.9171246734852,41.793844348473,0.65,607.802473487301,623.719598160786,0.15,0.15,744.182223796845
401,2,0.1,0.5,2,10000,200000,0.15,0.8,100,271.281678531216,279.996728987325,8.71505045610871,38.0714568275701,0.64,614.93455345462,623.649603910728,0.15,0.163934426229508,743.539411783218
402,2,0.2,0.5,2,10000,200000,0.15,0.8,100,268.919920224327,290.945132845672,22.0252126213451,38.0784064183546,0.7,614.822467286577,636.847679907922,0.15,0.180722891566265,797.060021400452
403,2,0.3,0.5,2,10000,200000,0.15,0.8,100,271.904014253136,297.810938143735,25.9069238905996,37.4237988115767,0.73,616.988214627067,642.895138517666,0.15,0.201342281879195,818.044467687607
404,2,0.5,0.5,2,10000,200000,0.15,0.8,100,268.179467477323,303.449746428482,35.2702789511586,33.7000477736386,0.85,613.876533396512,649.146812347671,0.15,0.260869565217391,734.976964950562
405,2,0,0.1,3,10000,200000,0.15,0.8,100,278.432066984246,273.67754547801,-4.75452150623545,24.5618518656526,0.46,618.685837348972,613.931315842737,0.15,0.15,754.285357952118
406,2,0.1,0.1,3,10000,200000,0.15,0.8,100,275.159116084498,280.116434540425,4.95731845592644,33.5314784139661,0.54,617.331431793406,622.288750249332,0.15,0.163934426229508,796.868932485581
407,2,0.2,0.1,3,10000,200000,0.15,0.8,100,270.894588049389,281.208932966835,10.3143449174464,33.6541435567157,0.63,616.473445589888,626.787790507335,0.15,0.180722891566265,807.550167560578
408,2,0.3,0.1,3,10000,200000,0.15,0.8,100,277.840740142081,288.821312385007,10.9805722429264,29.7668460752818,0.67,623.588917905144,634.56949014807,0.15,0.201342281879195,735.430434703827
409,2,0.5,0.1,3,10000,200000,0.15,0.8,100,265.650900267185,296.676093338305,31.0251930711207,33.3528492772417,0.78,608.438450811339,639.463643882459,0.15,0.260869565217391,744.544956922531
410,2,0,0.2,3,10000,200000,0.15,0.8,100,273.287627551309,267.879591044183,-5.40803650712588,29.5061904979871,0.49,619.33789722932,613.929860722194,0.15,0.15,800.804336547852
411,2,0.1,0.2,3,10000,200000,0.15,0.8,100,274.310616110914,280.729314693176,6.41869858226261,32.9140651729863,0.55,620.528921794575,626.947620376838,0.15,0.163934426229508,803.740669965744
412,2,0.2,0.2,3,10000,200000,0.15,0.8,100,265.687802725982,279.206571731651,13.5187690056687,31.6026106525218,0.61,606.46340663603,619.982175641699,0.15,0.180722891566265,734.379510641098
413,2,0.3,0.2,3,10000,200000,0.15,0.8,100,267.961479386675,288.422000287115,20.46052090044,31.9628145478768,0.7,610.531391399204,630.991912299644,0.15,0.201342281879195,741.39027094841
414,2,0.5,0.2,3,10000,200000,0.15,0.8,100,272.001902947381,307.552366274491,35.5504633271099,34.4930162236375,0.83,614.97855862867,650.52902195578,0.15,0.260869565217391,802.536981105805
415,2,0,0.5,3,10000,200000,0.15,0.8,100,269.084763570399,278.886969362302,9.80220579190259,40.1914771111058,0.57,612.608917297163,622.411123089065,0.15,0.15,824.206242322922
416,2,0.1,0.5,3,10000,200000,0.15,0.8,100,271.326538290624,282.036983605134,10.7104453145105,37.0069640520022,0.58,614.504080586869,625.214525901379,0.15,0.163934426229508,736.984494924545
417,2,0.2,0.5,3,10000,200000,0.15,0.8,100,265.631504444318,289.037920987977,23.4064165436591,31.4449276070211,0.76,610.666489453752,634.072905997411,0.15,0.180722891566265,744.744287014008
418,2,0.3,0.5,3,10000,200000,0.15,0.8,100,272.936020344308,294.913469564865,21.9774492205574,34.6173592375516,0.73,620.126920973325,642.104370193882,0.15,0.201342281879195,804.73987531662
419,2,0.5,0.5,3,10000,200000,0.15,0.8,100,277.992007879095,309.187889648626,31.1958817695305,33.9707540789634,0.82,621.853012799784,653.048894569314,0.15,0.260869565217391,745.56806063652
420,2,0,0.1,0,10000,200000,0.3,0.8,100,304.778203762805,304.21250823026,-0.565695532544696,24.7966606822086,0.5,655.96712496071,655.401429428165,0.3,0.3,736.715308904648
421,2,0.1,0.1,0,10000,200000,0.3,0.8,100,303.542935545347,307.250384245203,3.707448699856,21.0952767998842,0.58,651.727327455824,655.43477615568,0.3,0.32258064516129,743.144403219223
422,2,0.2,0.1,0,10000,200000,0.3,0.8,100,305.468253255872,306.451544707604,0.983291451732828,21.4155106558833,0.47,655.866249487738,656.849540939471,0.3,0.348837209302326,807.060243844986
423,2,0.3,0.1,0,10000,200000,0.3,0.8,100,310.22635612966,315.066171104058,4.83981497439735,20.1609002101751,0.53,651.899885351141,656.739700325539,0.3,0.379746835443038,848.660940408707
424,2,0.5,0.1,0,10000,200000,0.3,0.8,100,308.624641610273,317.361496551675,8.73685494140191,22.7978405256669,0.66,652.961099211534,661.697954152936,0.3,0.461538461538462,737.877691745758
425,2,0,0.2,0,10000,200000,0.3,0.8,100,302.145972530887,308.995120624749,6.84914809386217,23.0507317958318,0.55,647.990773956558,654.83992205042,0.3,0.3,742.484329938889
426,2,0.1,0.2,0,10000,200000,0.3,0.8,100,309.952631097811,310.488883479167,0.53625238135621,22.0139270933297,0.51,656.509762606446,657.046014987802,0.3,0.32258064516129,837.723263502121
427,2,0.2,0.2,0,10000,200000,0.3,0.8,100,306.957397084749,316.8771677555,9.91977067075097,26.4700807514034,0.62,649.51275809137,659.432528762121,0.3,0.348837209302326,840.237032175064
428,2,0.3,0.2,0,10000,200000,0.3,0.8,100,300.237116291305,311.187460769256,10.9503444779507,22.5398884943357,0.66,645.468787938032,656.419132415982,0.3,0.379746835443038,744.333789110184
429,2,0.5,0.2,0,10000,200000,0.3,0.8,100,299.619143896368,314.71645555803,15.0973116616629,19.0669607082189,0.79,646.552634002735,661.649945664398,0.3,0.461538461538462,744.21141910553
430,2,0,0.5,0,10000,200000,0.3,0.8,100,316.146362463051,312.757707632071,-3.38865483098039,22.5700269676013,0.39,659.987099507224,656.598444676244,0.3,0.3,834.718907117844
431,2,0.1,0.5,0,10000,200000,0.3,0.8,100,317.575175993874,322.63979021614,5.06461422226602,24.0808629675667,0.57,662.031429239272,667.096043461538,0.3,0.32258064516129,854.655706644058
432,2,0.2,0.5,0,10000,200000,0.3,0.8,100,308.695760720704,309.703367619127,1.00760689842376,20.6932482943431,0.55,653.585421046779,654.593027945203,0.3,0.348837209302326,736.442538499832
433,2,0.3,0.5,0,10000,200000,0.3,0.8,100,310.605146307147,320.104167210406,9.49902090325879,20.7222581689484,0.66,658.588599172043,668.087620075301,0.3,0.379746835443038,744.553067684174
434,2,0.5,0.5,0,10000,200000,0.3,0.8,100,305.238759050235,318.100145769912,12.8613867196771,21.0532996328763,0.76,654.302328145611,667.163714865288,0.3,0.461538461538462,795.213488578796
435,2,0,0.1,1,10000,200000,0.3,0.8,100,312.695244307806,313.583679782224,0.888435474417474,20.5019687283586,0.43,663.079536067108,663.967971541525,0.3,0.3,746.453892946243
436,2,0.1,0.1,1,10000,200000,0.3,0.8,100,310.593639341863,311.778291546654,1.18465220479091,20.147791723921,0.53,653.624180140346,654.808832345136,0.3,0.32258064516129,742.196265459061
437,2,0.2,0.1,1,10000,200000,0.3,0.8,100,314.437039731164,319.644742319482,5.20770258831889,21.7653918137994,0.62,656.572005373306,661.779707961625,0.3,0.348837209302326,746.531885147095
438,2,0.3,0.1,1,10000,200000,0.3,0.8,100,308.647487586354,313.843124139717,5.19563655336264,20.7522511466032,0.56,663.926172224332,669.121808777695,0.3,0.379746835443038,797.53132224083
439,2,0.5,0.1,1,10000,200000,0.3,0.8,100,310.952641386351,322.679216822832,11.7265754364809,21.087359352231,0.73,656.64574077294,668.372316209421,0.3,0.461538461538462,810.996389627457
440,2,0,0.2,1,10000,200000,0.3,0.8,100,303.839165822067,307.978631417477,4.13946559540996,23.7232795818339,0.59,653.085478274478,657.224943869888,0.3,0.3,746.880760669708
441,2,0.1,0.2,1,10000,200000,0.3,0.8,100,299.328878049923,305.020743796702,5.69186574677916,23.974896998162,0.57,642.600763451737,648.292629198516,0.3,0.32258064516129,745.076809644699
442,2,0.2,0.2,1,10000,200000,0.3,0.8,100,306.649901472046,314.687862936927,8.03796146488098,23.5410732523452,0.61,651.383713035275,659.421674500156,0.3,0.348837209302326,795.924019813538
443,2,0.3,0.2,1,10000,200000,0.3,0.8,100,308.26338348309,311.861250228376,3.59786674528628,21.7736685760614,0.52,653.762352538227,657.360219283513,0.3,0.379746835443038,811.685079813004
444,2,0.5,0.2,1,10000,200000,0.3,0.8,100,304.403969900704,317.317727668666,12.9137577679615,23.3109901911785,0.71,651.267813036341,664.181570804303,0.3,0.461538461538462,734.522322654724
445,2,0,0.5,1,10000,200000,0.3,0.8,100,306.248387912276,307.492032698822,1.24364478654601,21.7645129925501,0.49,652.969126203068,654.212770989614,0.3,0.3,745.708213090897
446,2,0.1,0.5,1,10000,200000,0.3,0.8,100,312.318585536225,316.958825545722,4.64024000949774,20.4028672795701,0.61,659.891944945752,664.53218495525,0.3,0.32258064516129,800.608149766922
447,2,0.2,0.5,1,10000,200000,0.3,0.8,100,299.497339557481,307.20943604563,7.71209648814953,23.6060146994917,0.64,642.988134912493,650.700231400643,0.3,0.348837209302326,754.213042974472
448,2,0.3,0.5,1,10000,200000,0.3,0.8,100,304.122646771796,307.107408913513,2.98476214171651,23.5431243381038,0.56,650.970617702808,653.955379844525,0.3,0.379746835443038,736.098424196243
449,2,0.5,0.5,1,10000,200000,0.3,0.8,100,315.9874149239,327.204905839613,11.217490915713,22.7644110246868,0.68,660.70478065154,671.922271567252,0.3,0.461538461538462,743.725747823715
450,2,0,0.1,2,10000,200000,0.3,0.8,100,302.075648700127,299.976681223049,-2.09896747707736,20.5043741918883,0.45,648.888292559773,646.789325082696,0.3,0.3,794.762047290802
451,2,0.1,0.1,2,10000,200000,0.3,0.8,100,314.543021945966,318.81690526106,4.2738833150937,21.532698010696,0.5,658.637603561721,662.911486876814,0.3,0.32258064516129,819.054156780243
452,2,0.2,0.1,2,10000,200000,0.3,0.8,100,297.400962533347,305.466935195168,8.06597266182152,24.573732759312,0.65,641.674811763083,649.740784424904,0.3,0.348837209302326,742.234162330627
453,2,0.3,0.1,2,10000,200000,0.3,0.8,100,303.262436135291,313.137380297707,9.87494416241627,22.744530657314,0.64,646.018019064032,655.892963226448,0.3,0.379746835443038,745.147858142853
454,2,0.5,0.1,2,10000,200000,0.3,0.8,100,310.325448979339,324.163501601621,13.8380526222812,21.4288196494483,0.74,654.900677123569,668.73872974585,0.3,0.461538461538462,795.483008146286
455,2,0,0.2,2,10000,200000,0.3,0.8,100,301.922369368653,303.206863407069,1.28449403841654,23.8111379644149,0.51,653.652812856727,654.937306895143,0.3,0.3,804.914685964584
456,2,0.1,0.2,2,10000,200000,0.3,0.8,100,298.945432744066,307.178712238014,8.23327949394782,24.182430805312,0.65,644.393658879885,652.626938373833,0.3,0.32258064516129,738.471550703049
457,2,0.2,0.2,2,10000,200000,0.3,0.8,100,301.583040792381,306.473099718753,4.89005892637147,17.6307709520265,0.61,649.933695730041,654.823754656412,0.3,0.348837209302326,759.006972551346
458,2,0.3,0.2,2,10000,200000,0.3,0.8,100,313.219074422893,318.773532323435,5.55445790054215,20.765071508877,0.6,657.642573132195,663.197031032737,0.3,0.379746835443038,798.804498910904
459,2,0.5,0.2,2,10000,200000,0.3,0.8,100,304.074102717159,319.65269379965,15.578591082491,22.3719498353367,0.76,648.364884906921,663.943475989412,0.3,0.461538461538462,803.684701681137
460,2,0,0.5,2,10000,200000,0.3,0.8,100,308.191747482624,309.988601046924,1.79685356429993,24.0565675418968,0.52,656.598196385353,658.395049949653,0.3,0.3,735.498695135117
461,2,0.1,0.5,2,10000,200000,0.3,0.8,100,309.840769593658,313.792006314953,3.95123672129476,23.491941343136,0.58,657.839631350865,661.79086807216,0.3,0.32258064516129,743.681777954102
462,2,0.2,0.5,2,10000,200000,0.3,0.8,100,307.323603039965,312.122659478741,4.7990564387763,21.255056894608,0.59,649.041718501104,653.84077493988,0.3,0.348837209302326,804.126969099045
463,2,0.3,0.5,2,10000,200000,0.3,0.8,100,308.069954806146,316.11948533226,8.0495305261143,22.0195213712346,0.62,652.893344341456,660.94287486757,0.3,0.379746835443038,747.153500080109
464,2,0.5,0.5,2,10000,200000,0.3,0.8,100,311.464762358109,323.403332431993,11.9385700738845,20.9631318815327,0.76,657.193411857118,669.131981931003,0.3,0.461538461538462,735.714655637741
465,2,0,0.1,3,10000,200000,0.3,0.8,100,297.412548358224,298.319260124939,0.90671176671573,23.6608465605434,0.49,646.594797242354,647.50150900907,0.3,0.3,746.069809436798
466,2,0.1,0.1,3,10000,200000,0.3,0.8,100,307.106230152936,307.605685124858,0.499454971921355,20.4909377789943,0.46,651.719530479428,652.218985451349,0.3,0.32258064516129,807.96094083786
467,2,0.2,0.1,3,10000,200000,0.3,0.8,100,301.644053045748,309.317470919376,7.67341787362796,21.7584811251352,0.62,649.065210449856,656.738628323484,0.3,0.348837209302326,825.960569143295
468,2,0.3,0.1,3,10000,200000,0.3,0.8,100,316.521528452302,321.097282872895,4.5757544205934,24.0268458774577,0.53,662.568541036786,667.14429545738,0.3,0.379746835443038,735.727386474609
469,2,0.5,0.1,3,10000,200000,0.3,0.8,100,307.219092497364,317.65329279586,10.4342002984962,20.5489744077394,0.62,652.893624788443,663.32782508694,0.3,0.461538461538462,743.666393518448
470,2,0,0.2,3,10000,200000,0.3,0.8,100,312.807469433992,315.6574753793,2.85000594530712,20.4782617340204,0.61,657.311647099849,660.161653045156,0.3,0.3,807.509371995926
471,2,0.1,0.2,3,10000,200000,0.3,0.8,100,311.62711884492,314.121889938836,2.49477109391566,23.9198166661419,0.5,654.348032163225,656.84280325714,0.3,0.32258064516129,849.249759197235
472,2,0.2,0.2,3,10000,200000,0.3,0.8,100,313.817406703412,317.862970986777,4.04556428336469,21.1101927210637,0.54,658.708550610315,662.75411489368,0.3,0.348837209302326,746.426454305649
473,2,0.3,0.2,3,10000,200000,0.3,0.8,100,305.110458107793,311.348579843277,6.23812173548444,19.4633450973285,0.63,651.65243585751,657.890557592994,0.3,0.379746835443038,742.564404964447
474,2,0.5,0.2,3,10000,200000,0.3,0.8,100,306.950100651139,319.443847577108,12.4937469259684,21.3432610221478,0.71,652.532477538315,665.026224464284,0.3,0.461538461538462,823.66432595253
475,2,0,0.5,3,10000,200000,0.3,0.8,100,308.272700892581,310.215175899586,1.9424750070048,20.3397603676264,0.55,657.748181939249,659.690656946254,0.3,0.3,837.261623382568
476,2,0.1,0.5,3,10000,200000,0.3,0.8,100,306.006704775022,311.609899406948,5.6031946319266,21.9867316098407,0.57,649.695726874753,655.29892150668,0.3,0.32258064516129,744.99080991745
477,2,0.2,0.5,3,10000,200000,0.3,0.8,100,304.424369379207,313.430671230095,9.00630185088825,19.9426700778418,0.68,652.721068196854,661.727370047742,0.3,0.348837209302326,742.531953811646
478,2,0.3,0.5,3,10000,200000,0.3,0.8,100,308.345433485886,320.120393166357,11.7749596804715,22.2740881343793,0.71,654.750616814166,666.525576494638,0.3,0.379746835443038,833.073692560196
479,2,0.5,0.5,3,10000,200000,0.3,0.8,100,309.69004386068,318.724432913097,9.03438905241714,21.9166642926496,0.64,653.788750594353,662.82313964677,0.3,0.461538461538462,844.437480688095
480,2,0,0.1,0,10000,200000,0.5,0.8,100,323.008295613747,324.423330889037,1.41503527528957,16.3586475548432,0.53,668.017491185752,669.432526461041,0.5,0.5,733.978550672531
481,2,0.1,0.1,0,10000,200000,0.5,0.8,100,316.207741717095,315.301451728003,-0.906289989092375,16.2990322989734,0.48,662.5711222145,661.664832225408,0.5,0.526315789473684,739.184369802475
482,2,0.2,0.1,0,10000,200000,0.5,0.8,100,323.84590013083,325.606366628086,1.7604664972557,15.8834377495038,0.53,664.306720013736,666.067186510991,0.5,0.555555555555556,799.202591896057
483,2,0.3,0.1,0,10000,200000,0.5,0.8,100,318.36309060668,324.267908990653,5.90481838397373,15.4046335058098,0.64,661.788263170401,667.693081554375,0.5,0.588235294117647,747.852268218994
484,2,0.5,0.1,0,10000,200000,0.5,0.8,100,328.466970633597,333.414191823122,4.94722118952519,15.2560609588016,0.58,670.056037281323,675.003258470848,0.5,0.666666666666667,735.814447164536
485,2,0,0.2,0,10000,200000,0.5,0.8,100,317.98589025549,317.114011098554,-0.871879156936282,16.3162789398579,0.47,667.401388371875,666.529509214938,0.5,0.5,741.110590934753
486,2,0.1,0.2,0,10000,200000,0.5,0.8,100,322.368380238324,323.796633860083,1.42825362175913,13.9197929857882,0.48,669.348069674891,670.77632329665,0.5,0.526315789473684,794.843048095703
487,2,0.2,0.2,0,10000,200000,0.5,0.8,100,322.459852202626,323.360231044138,0.900378841511645,14.3308738300162,0.49,669.007774664138,669.90815350565,0.5,0.555555555555556,806.321233272553
488,2,0.3,0.2,0,10000,200000,0.5,0.8,100,326.489948455663,328.162339874805,1.67239141914177,15.0423078450131,0.5,668.535519481775,670.207910900917,0.5,0.588235294117647,744.177182912827
489,2,0.5,0.2,0,10000,200000,0.5,0.8,100,319.372995233841,326.443552201104,7.07055696726313,14.8391259243847,0.61,662.906210287946,669.976767255209,0.5,0.666666666666667,743.460137605667
490,2,0,0.5,0,10000,200000,0.5,0.8,100,319.514186918941,319.332222045428,-0.181964873512682,15.1440032738766,0.43,659.547931483409,659.365966609896,0.5,0.5,794.082376241684
491,2,0.1,0.5,0,10000,200000,0.5,0.8,100,326.550797505051,327.707931403773,1.15713389872253,15.5131438232533,0.49,673.949394950025,675.106528848748,0.5,0.526315789473684,826.746217489243
492,2,0.2,0.5,0,10000,200000,0.5,0.8,100,322.327928943938,323.678443258719,1.35051431478151,13.9800279382431,0.5,666.24400205403,667.594516368812,0.5,0.555555555555556,746.053215503693
493,2,0.3,0.5,0,10000,200000,0.5,0.8,100,322.906533318843,325.069569958617,2.16303663977448,11.9402217271295,0.56,668.193854954217,670.356891593992,0.5,0.588235294117647,743.814021110535
494,2,0.5,0.5,0,10000,200000,0.5,0.8,100,315.615176868796,319.516055242779,3.90087837398332,12.7370685609057,0.6,658.763195086212,662.664073460195,0.5,0.666666666666667,798.059946298599
495,2,0,0.1,1,10000,200000,0.5,0.8,100,323.557146216099,323.564780886499,0.00763467040006162,15.8183915286343,0.51,668.460511089978,668.468145760378,0.5,0.5,747.276654243469
496,2,0.1,0.1,1,10000,200000,0.5,0.8,100,319.673629441507,319.689749754588,0.0161203130807098,13.5370054099723,0.5,667.323870169245,667.339990482326,0.5,0.526315789473684,741.217821598053
497,2,0.2,0.1,1,10000,200000,0.5,0.8,100,324.455738674312,324.883739358577,0.428000684264682,15.5633165397925,0.5,670.127028093601,670.555028777866,0.5,0.555555555555556,820.669167518616
498,2,0.3,0.1,1,10000,200000,0.5,0.8,100,325.24395390818,327.254358969591,2.01040506141126,13.3329939883763,0.55,668.193255671437,670.203660732849,0.5,0.588235294117647,795.818210601807
499,2,0.5,0.1,1,10000,200000,0.5,0.8,100,328.909410160213,332.292072614403,3.38266245418996,15.1292404923336,0.54,673.300788139901,676.683450594091,0.5,0.666666666666667,823.777448177338
500,2,0,0.2,1,10000,200000,0.5,0.8,100,321.734852696243,319.790712695855,-1.94414000038809,14.6389020799483,0.42,668.060773082845,666.116633082457,0.5,0.5,739.519503593445
501,2,0.1,0.2,1,10000,200000,0.5,0.8,100,316.218054202789,315.790463112399,-0.427591090389121,14.7600253796633,0.46,661.961296123333,661.533705032944,0.5,0.526315789473684,805.901696920395
502,2,0.2,0.2,1,10000,200000,0.5,0.8,100,325.370864226579,326.016272492552,0.645408265973197,14.3940696751337,0.56,671.026270621287,671.671678887261,0.5,0.555555555555556,792.015173196793
503,2,0.3,0.2,1,10000,200000,0.5,0.8,100,316.243937588109,317.835511562169,1.59157397405973,15.745950953154,0.5,661.203510780475,662.795084754535,0.5,0.588235294117647,808.29017162323
504,2,0.5,0.2,1,10000,200000,0.5,0.8,100,324.300050728441,328.21577172606,3.9157209976186,13.2178466991624,0.62,671.00175917659,674.917480174209,0.5,0.666666666666667,738.537297725678
505,2,0,0.5,1,10000,200000,0.5,0.8,100,323.085804332361,320.676750969129,-2.40905336323161,19.407496108466,0.41,666.869639364218,664.460586000987,0.5,0.5,744.241622447968
506,2,0.1,0.5,1,10000,200000,0.5,0.8,100,317.784192579539,320.16082252437,2.37662994483065,15.5140858017423,0.57,661.098126748325,663.474756693156,0.5,0.526315789473684,792.96087884903
507,2,0.2,0.5,1,10000,200000,0.5,0.8,100,323.833403235335,326.324169178994,2.49076594365877,15.6798455011307,0.49,666.184703846744,668.675469790403,0.5,0.555555555555556,750.863960981369
508,2,0.3,0.5,1,10000,200000,0.5,0.8,100,324.23044071676,325.380263279268,1.14982256250813,11.7926469099696,0.54,668.353675857141,669.503498419649,0.5,0.588235294117647,734.866220712662
509,2,0.5,0.5,1,10000,200000,0.5,0.8,100,319.264814443326,324.974200940953,5.70938649762642,14.2667712206052,0.53,668.632853242602,674.342239740228,0.5,0.666666666666667,742.049400091171
510,2,0,0.1,2,10000,200000,0.5,0.8,100,318.839977401817,318.005932233218,-0.834045168599269,16.1412851315871,0.49,671.116259494651,670.282214326051,0.5,0.5,796.329631090164
511,2,0.1,0.1,2,10000,200000,0.5,0.8,100,328.286108604756,328.945270166854,0.659161562098068,15.3299428125514,0.55,675.821830354531,676.480991916629,0.5,0.526315789473684,804.169929027557
512,2,0.2,0.1,2,10000,200000,0.5,0.8,100,311.360476547902,310.200875924615,-1.15960062328686,14.9841803707951,0.44,657.597792124519,656.438191501232,0.5,0.555555555555556,733.284476995468
513,2,0.3,0.1,2,10000,200000,0.5,0.8,100,325.229724917816,327.318007697871,2.08828278005586,11.7993787587007,0.47,672.713040488978,674.801323269034,0.5,0.588235294117647,739.689227581024
514,2,0.5,0.1,2,10000,200000,0.5,0.8,100,324.512757358444,329.324554762292,4.81179740384789,14.2078325235877,0.6,667.078310238659,671.890107642506,0.5,0.666666666666667,808.42403793335
515,2,0,0.2,2,10000,200000,0.5,0.8,100,321.582587180484,320.865149962831,-0.717437217653585,16.2941631796976,0.48,667.797193197455,667.079755979802,0.5,0.5,818.263637542725
516,2,0.1,0.2,2,10000,200000,0.5,0.8,100,314.93099193811,316.22819484346,1.29720290535079,15.3388280577361,0.54,660.525603875225,661.822806780576,0.5,0.526315789473684,736.064298152924
517,2,0.2,0.2,2,10000,200000,0.5,0.8,100,319.500010026906,321.840855389452,2.34084536254526,13.1330568698561,0.55,668.56291497625,670.903760338795,0.5,0.555555555555556,744.691969394684
518,2,0.3,0.2,2,10000,200000,0.5,0.8,100,319.34398211902,323.015393374447,3.67141125542706,13.7766339986696,0.58,665.721072300071,669.392483555498,0.5,0.588235294117647,801.408182621002
519,2,0.5,0.2,2,10000,200000,0.5,0.8,100,326.133696141402,332.226534468078,6.09283832667662,13.7283540413783,0.65,667.988824391575,674.081662718252,0.5,0.666666666666667,819.028668880463
520,2,0,0.5,2,10000,200000,0.5,0.8,100,329.430584494845,329.142157241179,-0.288427253666155,16.2466307866927,0.45,672.268127576919,671.979700323253,0.5,0.5,733.761569738388
521,2,0.1,0.5,2,10000,200000,0.5,0.8,100,325.876515770413,327.847488727996,1.97097295758332,17.0234345693835,0.52,670.168945986383,672.139918943966,0.5,0.526315789473684,740.043011188507
522,2,0.2,0.5,2,10000,200000,0.5,0.8,100,317.156001278943,322.379046206667,5.22304492772405,17.88637381282,0.56,658.903619428644,664.126664356368,0.5,0.555555555555556,810.126154661179
523,2,0.3,0.5,2,10000,200000,0.5,0.8,100,328.369678529922,330.942424091673,2.57274556175094,12.2210769664452,0.51,671.396990125079,673.96973568683,0.5,0.588235294117647,818.219665527344
524,2,0.5,0.5,2,10000,200000,0.5,0.8,100,321.369136009826,329.218923844234,7.84978783440781,14.7329651786724,0.69,659.962676931504,667.812464765912,0.5,0.666666666666667,734.68675160408
525,2,0,0.1,3,10000,200000,0.5,0.8,100,325.47936471544,324.786811646319,-0.692553069121684,16.752413711622,0.48,669.456871544348,668.764318475226,0.5,0.5,747.531908988953
526,2,0.1,0.1,3,10000,200000,0.5,0.8,100,318.5324793703,319.631169676092,1.09869030579188,15.6688229140951,0.47,656.616235260761,657.714925566553,0.5,0.526315789473684,822.054213047028
527,2,0.2,0.1,3,10000,200000,0.5,0.8,100,314.55806439467,316.229001094315,1.67093669964492,16.0020106238901,0.44,662.544970772827,664.215907472472,0.5,0.555555555555556,747.465832710266
528,2,0.3,0.1,3,10000,200000,0.5,0.8,100,320.298967972996,324.058025994182,3.75905802118626,18.3059748166965,0.55,668.635723899955,672.394781921142,0.5,0.588235294117647,739.558649301529
529,2,0.5,0.1,3,10000,200000,0.5,0.8,100,321.918893834817,329.047675113188,7.12878127837152,16.1501195753703,0.66,666.250867871038,673.37964914941,0.5,0.666666666666667,735.064025878906
530,2,0,0.2,3,10000,200000,0.5,0.8,100,320.377131202557,322.394609411475,2.01747820891793,15.4092021408598,0.45,666.493400972891,668.510879181809,0.5,0.5,770.611306190491
531,2,0.1,0.2,3,10000,200000,0.5,0.8,100,331.238032167008,331.82728258644,0.589250419432333,16.1231524336193,0.53,672.850028766632,673.439279186064,0.5,0.526315789473684,806.205759525299
532,2,0.2,0.2,3,10000,200000,0.5,0.8,100,329.616510481704,333.462198742404,3.84568826070069,13.2035546169182,0.57,676.742344370682,680.588032631383,0.5,0.555555555555556,732.453658103943
533,2,0.3,0.2,3,10000,200000,0.5,0.8,100,322.01554218842,325.260987589392,3.24544540097172,13.6472118852958,0.59,666.069054211104,669.314499612076,0.5,0.588235294117647,733.152002811432
534,2,0.5,0.2,3,10000,200000,0.5,0.8,100,305.621804422496,311.788575217748,6.16677079525225,14.1269790980413,0.67,652.783511088898,658.95028188415,0.5,0.666666666666667,787.887097358704
535,2,0,0.5,3,10000,200000,0.5,0.8,100,323.676685508618,323.326698318601,-0.34998719001705,14.4268172820424,0.5,670.288629076708,669.938641886691,0.5,0.5,785.966728210449
536,2,0.1,0.5,3,10000,200000,0.5,0.8,100,321.913729684611,320.821196831377,-1.09253285323464,14.7295698166933,0.42,669.802122391896,668.709589538662,0.5,0.526315789473684,735.834382772446
537,2,0.2,0.5,3,10000,200000,0.5,0.8,100,322.310382643426,324.57087599871,2.26049335528445,14.2586137955525,0.54,669.290418564581,671.550911919865,0.5,0.555555555555556,733.568422079086
538,2,0.3,0.5,3,10000,200000,0.5,0.8,100,320.128396108499,323.494186858021,3.36579074952204,12.8507371745412,0.59,666.28404225801,669.649833007533,0.5,0.588235294117647,769.043611288071
539,2,0.5,0.5,3,10000,200000,0.5,0.8,100,324.676453616224,330.444549394464,5.76809577824003,11.7567924298078,0.71,669.922026666321,675.690122444561,0.5,0.666666666666667,743.608900785446
