doi,crossref_first_author,crossref_year,crossref_title,crossref_container,verified_crossref,fulltext_read,pdf_file,included_in_extraction,note
10.1002/csc2.21184,Volpato,2024,A retrospective analysis of historical data of multi‐environment trials for dry bean (<i>Phaseolus vulgaris</i> L.) in Michigan,Crop Science,yes,0,,0,Michigan dry bean MET retrospective; fetch failed (Wiley); not clearly a realised-gain estimate
10.1002/csc2.21369,Delgado,2024,Assessing realized genetic gains in biofortified cassava breeding for over a decade: Enhanced nutritional value and agronomic performance,Crop Science,yes,0,,0,CIAT cassava realised gain; fetch failed (Wiley)
10.1002/tpg2.20462,Ongom,2024,Genetic progress in cowpea [ <i>Vigna unguiculata</i> (L.) Walp.] stemming from breeding modernization efforts at the International Institute of Tropical Agriculture,The Plant Genome,yes,0,,0,IITA cowpea; fetch failed 3x (Wiley)
10.1007/s00122-023-04244-x,Lin,2023,Simulations of rate of genetic gain in dry bean breeding programs,Theoretical and Applied Genetics,yes,1,Lin2023_Simulations.pdf,0,simulation study of dry bean programs; not an empirical realised gain
10.1007/s10681-009-9911-x,Beaver,2009,Achievements and limitations of contemporary common bean breeding using conventional and molecular approaches,Euphytica,yes,1,Beaver2009_Achievements.pdf,0,review; no quantitative realised-gain estimates
10.1007/s10681-018-2246-8,de Faria,2018,Efficiency of methods for genetic progress estimation in common bean breeding using database information,Euphytica,yes,1,deFaria2018_Efficiency.pdf,1,Embrapa carioca; direct (reference) + 4 indirect estimates
10.1007/s10681-019-2439-9,Todeschini,2019,"Soybean genetic progress in South Brazil: physiological, phenological and agronomic traits",Euphytica,yes,1,Todeschini2019_Soybean.pdf,1,soybean South Brazil era cultivars
10.1007/s10681-021-02885-x,Houasli,2021,Chickpea (Cicer arietinum L.) breeding in Morocco: genetic gain and stability of grain yield and seed size under winter planting conditions,Euphytica,yes,1,Houasli2021_Chickpea.pdf,0,chickpea Morocco (outside SSA/LatAm); only 100-seed-weight gain estimated by regression; no grain yield slope
10.1007/s10681-021-02920-x,Batte,2021,Traits that define yield and genetic gain in East African highland banana breeding,Euphytica,yes,1,Batte2021_Traits.pdf,1,EAHB banana (perennial); internally inconsistent denominator; context only
10.1016/j.fcr.2012.11.016,de Faria,2013,Genetic progress during 22 years of improvement of carioca-type common bean in Brazil,Field Crops Research,yes,0,,0,"fetch failed 3x; its direct estimate (31.3 kg/ha/yr, 1.34%) is available only second-hand via de Faria 2018 Table 3"
10.1016/j.fcr.2021.108159,Futakuchi,2021,History and progress in genetic improvement for enhancing rice yield in sub-Saharan Africa,Field Crops Research,yes,0,,0,rice SSA history; fetch failed
10.1038/s41598-022-24536-4,Prasanna,2022,Genetic trends in CIMMYT’s tropical maize breeding pipelines,Scientific Reports,yes,1,Prasanna2022_Genetic.pdf,1,CIMMYT pipelines; only 3 per-pipeline numbers in text (rest in radial plot); sensitivity only
10.1155/2020/1315436,Kefelegn,2020,Genetic Advancement and Variability of Released Common Bean (Phaseolus vulgaris L.) Varieties from 1974–2009 GC in Ethiopia,Advances in Agriculture,yes,0,,0,Ethiopia released common bean 1974-2009; fetch failed 2x (found as a reference of Amongi 2023)
10.1186/s12284-023-00677-6,Seck,2023,Realized Genetic Gain in Rice: Achievements from Breeding Programs,Rice,yes,1,Seck2023_Realized.pdf,0,"rice review (secondary compilation, not SSA/legume); not used"
10.12702/1984-7033.v08n03a08,Ribeiro,2008,"Genetic progress in traits of yield, phenology and morphology of common bean",Cropp Breeding and Applied Biotechnology,yes,0,,0,fetch failed 3x
10.1590/1983-40632016v4641371,Barili,2016,Five decades of black common bean genetic breeding in Brazil,Pesquisa Agropecuária Tropical,yes,1,Barili2016_Five.pdf,1,"black bean cultivars Brazil, bi-segmented regression, no SE; sensitivity only"
10.1590/1984-70332015v15n4a38,Alves,2015,Genetic progress and potential of common bean families obtained by recurrent selection,Crop Breeding and Applied Biotechnology,yes,1,Alves2015_Genetic.pdf,1,"recurrent selection per-cycle gain; context only, not pooled"
10.1590/s1984-70332010000400007,Chiorato,2010,Genetic gain in the breeding program of common beans at IAC from 1989 to 2007,Crop Breeding and Applied Biotechnology,yes,1,Chiorato2010_Genetic.pdf,1,"IAC Brazil bean program, regression estimates with SE"
10.1590/s1984-70332010000400010,Silva,2010,Estimation of genetic progress after eight cycles of recurrent selection for common bean grain yield,Crop Breeding and Applied Biotechnology,yes,1,Silva2010_Estimation.pdf,1,recurrent selection per-cycle gain (cycle length not given); context only
10.18034/mjmbr.v4i2.437,Bogale,2017,Genetic Improvement of Lentil [Lens culinaris Medikus] Between 1980 and 2010 in Ethiopia,Malaysian Journal of Medical and Biological Research,yes,0,,0,lentil Ethiopia; fetch failed
10.2135/cropsci2010.12.0698,Kamara,2011,Genetic Gain in Yield and Agronomic Characteristics of Cowpea Cultivars Developed in the Sudan Savannas of Nigeria over the Past Three Decades,Crop Science,yes,0,,0,cowpea Nigeria cultivars; fetch failed 3x (Crop Sci)
10.2135/cropsci2013.11.0783,Badu‐Apraku,2015,Gains in Grain Yield of Early Maize Cultivars Developed During Three Breeding Eras under Multiple Environments,Crop Science,yes,0,,0,West Africa early maize eras; fetch failed (Crop Sci)
10.2135/cropsci2016.04.0214,de Felipe,2016,Soybean Genetic Gain in Maturity Groups III to V in Argentina from 1980 to 2015,Crop Science,yes,0,,0,soybean Argentina; fetch failed 3x
10.2135/cropsci2016.05.0343,Masuka,2017,Gains in Maize Genetic Improvement in Eastern and Southern Africa: I. CIMMYT Hybrid Breeding Pipeline,Crop Science,yes,0,,0,CIMMYT ESA hybrids (Masuka I); fetch failed (Crop Sci)
10.2135/cropsci2016.05.0395,Cláudio de Faria,2017,Genetic Gain in Common Bean with Black Grain by Indirect Estimation Methods,Crop Science,yes,0,,0,"PDF retrieved but corrupt (empty markdown, flate errors), re-fetch failed; only abstract-level knowledge"
10.2135/cropsci2016.05.0408,Masuka,2017,Gains in Maize Genetic Improvement in Eastern and Southern Africa: II. CIMMYT Open‐Pollinated Variety Breeding Pipeline,Crop Science,yes,0,,0,CIMMYT ESA OPVs (Masuka II); fetch failed (Crop Sci)
10.2139/ssrn.5108076,Owusu,2025,Gains in Genetic Enhancement of Early Maturing Advanced Breeding Lines of Cowpea (Vigna Unguiculata (L.) Walp),,yes,0,,0,cowpea preprint (SSRN); fetch failed; preprint anyway
10.31695/ijasre.2020.33851,Ayele,2020,Breeding Advancement for Yield and Yield Related Traits ofDesiChickpea(Cicer arietinumL)Varieties in Ethiopia,International Journal of Advances in Scientific Research and Engineering,yes,0,,0,desi chickpea Ethiopia; fetch failed
10.3389/fgene.2022.1023318,Menkir,2022,Estimating genetic gains for tolerance to stress combinations in tropical maize hybrids,Frontiers in Genetics,yes,1,Menkir2022_Estimating.pdf,1,IITA West Africa maize hybrids
10.3389/fpls.2020.01168,Zeffa,2020,Genetic Progress of Seed Yield and Nitrogen Use Efficiency of Brazilian carioca Common Bean Cultivars Using Bayesian Approaches,Frontiers in Plant Science,yes,1,Zeffa2020_Genetic.pdf,1,"Brazilian carioca cultivars 1970-2017, Bayesian regression"
10.3389/fpls.2021.651992,Manze,2021,Genetic Gains for Yield and Virus Disease Resistance of Cassava Varieties Developed Over the Last Eight Decades in Uganda,Frontiers in Plant Science,yes,1,Manze2021_Genetic.pdf,0,"cassava fresh-root yield, non-significant, units unclear (kg per plot?); no grain yield"
10.3389/fpls.2023.1020667,Asea,2023,Genetic trends for yield and key agronomic traits in pre-commercial and commercial maize varieties between 2008 and 2020 in Uganda,Frontiers in Plant Science,yes,1,Asea2023_Genetic.pdf,1,Uganda maize NPT + era trial
10.3389/fpls.2023.1321308,Tarekegne,2024,Genetic gains in early maturing maize hybrids developed by the International Maize and Wheat Improvement Center in Southern Africa during 2000–2018,Frontiers in Plant Science,yes,1,Tarekegne2024_Genetic.pdf,1,CIMMYT ESA early maize hybrids
10.3389/fpls.2024.1391926,Mukaro,2024,Genetic trends in the Zimbabwe’s national maize breeding program over two decades,Frontiers in Plant Science,yes,1,Mukaro2024_Genetic.pdf,1,Zimbabwe national maize program
10.3389/fpls.2025.1640041,Behera,2025,Realized genetic gain for yield and yield attributes in groundnut breeding at ICRISAT from an ERA trial,Frontiers in Plant Science,yes,1,Behera2025_Realized.pdf,1,groundnut ICRISAT India; outside SSA/LatAm; sensitivity only
10.3389/fpls.2025.1670651,Yadav,2026,Genetic progress in rice yield: preliminary insights from historically released varieties in Sub-Saharan Africa,Frontiers in Plant Science,yes,1,Yadav2026_Genetic.pdf,1,AfricaRice West Africa ERA trials
10.3390/agronomy14020246,Mazibuko,2024,Genetic Gains of Grain Yield among the Maize Cultivars Released over a Century from the National Breeding Program of Zimbabwe,Agronomy,yes,0,,0,Zimbabwe maize cultivars century; fetch failed 3x (MDPI)
10.4238/gmr.15038523,Barili,2016,Genetic progress resulting from forty-three years of breeding of the carioca common bean in Brazil,Genetics and Molecular Research,yes,0,,0,legal_only fetch failed 3x (browser driver error); carioca cultivars 1970-2013; abstract only
10.4314/acsj.v30i4.9,Mukayiranga,1970,Genetic progress achieved in bean breeding in Uganda,African Crop Science Journal,yes,0,,0,Uganda bean cultivars; fetch failed 3x (AJOL)
10.4314/acsj.v31i1.8,Amongi,1970,Gain and performance in yield and micronutrient concentration in common bean improvement,African Crop Science Journal,yes,1,Amongi1970_Gain.pdf,1,PABRA East/Central/Southern Africa varieties 1973-2017
10.47115/bsagriculture.639422,Ayenew,2021,"Genetic Gain in Yield and Yield Attributing Traits of Rice under Upland Ecosystem of Fogera, Northwest Ethiopia",Black Sea Journal of Agriculture,yes,0,,0,rice Ethiopia; fetch failed
10.5539/jas.v10n2p195,Tadesse,2018,Breeding Progress for Grain Yield and Yield Related Characters of Kabuli Chickpea (Cicer arietinum L.) in Ethiopia Using Regression Analysis,Journal of Agricultural Science,yes,0,,0,kabuli chickpea Ethiopia; fetch failed
10.5897/ajar2019.14564,Michael,2020,Genetic gain of maize (Zea mays L.) varieties in Ethiopia over 42 years (1973 - 2015),African Journal of Agricultural Research,yes,1,Michael2020_Genetic.pdf,1,"Ethiopia maize varieties; low quality, sensitivity only"
10.7176/jbah/10-15-04,,2020,Quantifying Genetic Advance of Kabuli Chickpea Varieties for Yield and Yield Related Traits in Ethiopia,"Journal of Biology, Agriculture and Healthcare",yes,0,,0,kabuli chickpea Ethiopia; fetch failed
