effect_id,stratum,primary,cluster,doi,crossref_first_author,crossref_year,crossref_title,crossref_container,label,crop,region,program,design,trait,period,n_entries,n_units,n_unit_type,method,slope_kg_ha_yr,se_kg_ha_yr,se_basis,ci_low_kg,ci_high_kg,yield_ref_kg_ha,yield_ref_type,pct_reported,pct_reported_ref,se_pct,ci_low_pct,ci_high_pct,pct_slope_over_ref,se_pct_slope_over_ref,r2,significance,location,notes
B01,1_common_bean,Y,Chiorato2010_IAC,10.1590/s1984-70332010000400007,Chiorato,2010,Genetic gain in the breeding program of common beans at IAC from 1989 to 2007,Crop Breeding and Applied Biotechnology,"IAC 1989-1996, all genotypes",common bean,Brazil (Sao Paulo state),IAC (Instituto Agronomico de Campinas) bean breeding program,historical VCU multi-environment trial data; regression of adjusted annual means on selection cycle,grain yield,1989-1996,111,5,selection cycles (1.6 y each; 89 experiments),REML-adjusted means; OLS regression on selection cycle; % relative to regression intercept; per-year = per-cycle / mean years per cycle,13.15,5.7,"author SE per cycle (9.12 kg/ha, Table 2) / 1.6 y per cycle",,,1231.5,mean of annual means (Table 2),1.07,regression intercept (per cycle 1.71%; SE 0.74% per cycle),,,,1.068,0.463,0.64,P<0.05 (F=7.33*),Table 2 (PDF p.5/8 = journal p.333); cycle lengths in Methods (PDF p.4/8 = p.332),21.04 kg/ha per cycle (not per year); conversion /1.6 y is the authors' stated mean cycle length.
B02,1_common_bean,Y,Chiorato2010_IAC,10.1590/s1984-70332010000400007,Chiorato,2010,Genetic gain in the breeding program of common beans at IAC from 1989 to 2007,Crop Breeding and Applied Biotechnology,"IAC 1997-2007, all genotypes",common bean,Brazil (Sao Paulo state),IAC (Instituto Agronomico de Campinas) bean breeding program,historical VCU multi-environment trial data; regression of adjusted annual means on selection cycle,grain yield,1997-2007,23,5,selection cycles (2.2 y each; 122 experiments),same as B01,-5.577,2.282,"author SE per cycle (5.02 kg/ha, Table 2) / 2.2 y per cycle",,,2234.9,mean of annual means (Table 2),-0.25,regression intercept (per cycle -0.55%; SE 0.22%),,,,-0.25,0.102,0.67,n.s. (F=3.72),Table 2 (PDF p.5/8 = p.333),Authors attribute the null gain to a switch of breeding goals toward grain quality after 1997 and to the 1998 VCU regulation.
B03,1_common_bean,N,Chiorato2010_IAC,10.1590/s1984-70332010000400007,Chiorato,2010,Genetic gain in the breeding program of common beans at IAC from 1989 to 2007,Crop Breeding and Applied Biotechnology,"IAC 1997-2007, carioca only",common bean,Brazil (Sao Paulo state),IAC (Instituto Agronomico de Campinas) bean breeding program,historical VCU multi-environment trial data; regression of adjusted annual means on selection cycle,grain yield,1997-2007,18,5,selection cycles (2.2 y each; 122 experiments),same as B01,-1.232,3.418,"author SE per cycle (7.52 kg/ha, Table 3, read from page image) / 2.2",,,2238.56,mean of annual means (Table 3),-0.05,regression intercept (per cycle -0.12%; SE 0.34%),,,,-0.055,0.153,0.89,n.s. (F=0.07),Table 3 (PDF p.6/8 = p.334; image table),Subset of B02 - not independent.
B04,1_common_bean,Y,Embrapa_1993-2008,10.1007/s10681-018-2246-8,de Faria,2018,Efficiency of methods for genetic progress estimation in common bean breeding using database information,Euphytica,"Embrapa 1993-2008, DIRECT method (reference estimate; originally Faria et al. 2013, Field Crops Res.)",common bean (carioca),"Brazil (national, all growing regions)",Embrapa Rice & Beans national common bean breeding program (final field trials),direct comparison trial: top-3 elite lines of each of 8 cycles (24 lines) grown together in 20 environments,grain yield,1993-2008,24,8,biennial testing cycles,OLS regression of cycle means on cycle (b1 = 62.70 kg/ha per 2-y cycle -> 31.30/yr); % = b1/b0,31.3,7.863,"derived: SE=|b|/t, t=sqrt(R2(n-2)/(1-R2)), R2=0.726, n=8 cycles",,,2342,regression intercept b0 (Table 3),1.34,regression intercept b0,,,,1.336,0.336,0.726,"marked ** (P printed '0.750' in extraction, probably 0.0075)",Table 3 (PDF p.7/10); direct method description PDF p.4/10; Abstract PDF p.1/10,"Number taken from the 2018 paper's Table 3. Full text of Faria et al. 2013 (doi 10.1016/j.fcr.2012.11.016) could NOT be obtained via legal_only, so it is not itself a source here."
B05,1_common_bean,N,Embrapa_1993-2008,10.1007/s10681-018-2246-8,de Faria,2018,Efficiency of methods for genetic progress estimation in common bean breeding using database information,Euphytica,"Embrapa 1993-2008, indirect: unadjusted means, all lines",common bean (carioca),"Brazil (national, all growing regions)",Embrapa Rice & Beans national common bean breeding program (final field trials),"historical database of final trials (450 trials, 93 genotypes)",grain yield,1993-2008,93,8,"biennial testing cycles (84 elite lines + 9 control cultivars, 450 trials)",regression of cycle means (b1 per 2-y cycle) -> per year = b1/2,19.37,5.627,derived from R2 and n=8 cycles,,,1974,regression intercept b0 (Table 3),0.98,regression intercept b0,,,,0.981,0.285,0.664,P=0.014,Table 3 (PDF p.7/10); text PDF p.8/10,"Same program and period as B04: shows that estimates depend on method (0.4-0.5% when adjusted by fixed/mixed models, 1.0-1.3% unadjusted/direct). Sensitivity row only."
B06,1_common_bean,N,Embrapa_1993-2008,10.1007/s10681-018-2246-8,de Faria,2018,Efficiency of methods for genetic progress estimation in common bean breeding using database information,Euphytica,"Embrapa 1993-2008, indirect: unadjusted means, 3 best lines per cycle",common bean (carioca),"Brazil (national, all growing regions)",Embrapa Rice & Beans national common bean breeding program (final field trials),"historical database of final trials (450 trials, 93 genotypes)",grain yield,1993-2008,93,8,"biennial testing cycles (84 elite lines + 9 control cultivars, 450 trials)",regression of cycle means (b1 per 2-y cycle) -> per year = b1/2,25.66,7.221,derived from R2 and n=8 cycles,,,2040,regression intercept b0 (Table 3),1.26,regression intercept b0,,,,1.258,0.354,0.678,P=0.012,Table 3 (PDF p.7/10); text PDF p.8/10,"Same program and period as B04: shows that estimates depend on method (0.4-0.5% when adjusted by fixed/mixed models, 1.0-1.3% unadjusted/direct). Sensitivity row only."
B07,1_common_bean,N,Embrapa_1993-2008,10.1007/s10681-018-2246-8,de Faria,2018,Efficiency of methods for genetic progress estimation in common bean breeding using database information,Euphytica,"Embrapa 1993-2008, indirect: fixed-model adjusted means",common bean (carioca),"Brazil (national, all growing regions)",Embrapa Rice & Beans national common bean breeding program (final field trials),"historical database of final trials (450 trials, 93 genotypes)",grain yield,1993-2008,93,8,"biennial testing cycles (84 elite lines + 9 control cultivars, 450 trials)",regression of cycle means (b1 per 2-y cycle) -> per year = b1/2,8.8,15.382,derived from reported P=0.587 with df=6 (GLS regression; approximate),,,2108,regression intercept b0 (Table 3),0.42,regression intercept b0,,,,0.417,0.73,0.48,P=0.587,Table 3 (PDF p.7/10); text PDF p.8/10,"Same program and period as B04: shows that estimates depend on method (0.4-0.5% when adjusted by fixed/mixed models, 1.0-1.3% unadjusted/direct). Sensitivity row only."
B08,1_common_bean,N,Embrapa_1993-2008,10.1007/s10681-018-2246-8,de Faria,2018,Efficiency of methods for genetic progress estimation in common bean breeding using database information,Euphytica,"Embrapa 1993-2008, indirect: mixed-model adjusted means",common bean (carioca),"Brazil (national, all growing regions)",Embrapa Rice & Beans national common bean breeding program (final field trials),"historical database of final trials (450 trials, 93 genotypes)",grain yield,1993-2008,93,8,"biennial testing cycles (84 elite lines + 9 control cultivars, 450 trials)",regression of cycle means (b1 per 2-y cycle) -> per year = b1/2,9.45,13.696,derived from reported P=0.516 with df=6 (GLS regression; approximate),,,2107,regression intercept b0 (Table 3),0.45,regression intercept b0,,,,0.449,0.65,0.433,P=0.516,Table 3 (PDF p.7/10); text PDF p.8/10,"Same program and period as B04: shows that estimates depend on method (0.4-0.5% when adjusted by fixed/mixed models, 1.0-1.3% unadjusted/direct). Sensitivity row only."
B09,1_common_bean,Y,Zeffa2020_carioca_cultivars,10.3389/fpls.2020.01168,Zeffa,2020,Genetic Progress of Seed Yield and Nitrogen Use Efficiency of Brazilian carioca Common Bean Cultivars Using Bayesian Approaches,Frontiers in Plant Science,"Brazil carioca cultivars 1970-2017, high-N top-dressing",common bean (carioca),"Brazil (Parana; cultivars from IDR-Parana, Embrapa, IAC and private firms)",40 carioca cultivars released 1970-2017,"era-type cultivar trial, 4 environments (rainy 2017, dry 2018); Bayesian regression of cultivar effects on release year",seed yield,1970-2017 (release years),40,40,cultivars (release-year regression),Bayesian simple linear regression of BAMMI cultivar means on release year; % = slope/intercept b0,13.1,1.964,derived from reported 95% HPD (9.3; 17.0) / 3.92,9.3,17.0,2495.6,regression intercept b0 (Table 6),0.53,intercept b0,,0.39,0.65,0.525,0.079,,95% HPD excludes 0,Results 'Genetic Progress' PDF p.7/14; Table 6 PDF p.8/14; Table 4 PDF p.6/14,Intervals are Bayesian 95% HPD. The paper quotes Faria 2013 (0.72%/yr; 17.3 kg/ha) and Chiorato 2010 (1.07%/yr; 13.17 kg/ha) for comparison.
B10,1_common_bean,N,Zeffa2020_carioca_cultivars,10.3389/fpls.2020.01168,Zeffa,2020,Genetic Progress of Seed Yield and Nitrogen Use Efficiency of Brazilian carioca Common Bean Cultivars Using Bayesian Approaches,Frontiers in Plant Science,"Brazil carioca cultivars 1970-2017, low-N",common bean (carioca),"Brazil (Parana; cultivars from IDR-Parana, Embrapa, IAC and private firms)",40 carioca cultivars released 1970-2017,"era-type cultivar trial, 4 environments (rainy 2017, dry 2018); Bayesian regression of cultivar effects on release year",seed yield,1970-2017 (release years),40,40,cultivars (release-year regression),same as B09,10.2,2.143,derived from reported 95% HPD (6.1; 14.5) / 3.92,6.1,14.5,2123.6,regression intercept b0 (Table 6),0.48,intercept b0,,0.31,0.64,0.48,0.101,,95% HPD excludes 0,Results PDF p.7/14; Table 6 PDF p.8/14,Same cultivars as B09 under low N - not independent.
B11,1_common_bean,Y,Amongi2023_PABRA,10.4314/acsj.v31i1.8,Amongi,1970,Gain and performance in yield and micronutrient concentration in common bean improvement,African Crop Science Journal,PABRA large-seeded bush beans,common bean,"East/Central/Southern Africa (varieties from 12 PABRA countries; trials Kawanda & Kachwekano, Uganda; Kitengule, Tanzania)",PABRA (Alliance Bioversity-CIAT + NARS); 115 varieties released 1973-2017,"era-type trial 2017/18 (3 locations, 2 seasons); simple linear regression of adjusted means on year of variety release",grain yield (YDHA),1973-2017 (release years),56,21,release-year groups listed in Table 2 (approx. number of regression points),OLS slope of adjusted means vs release year; 'relative annual gain' = slope / mean of the oldest variety,4.41,1.588,derived from reported slope P=0.011 assuming df=22 (number of regression points not stated; approximate),,,916.5,"profile mean across environments (Table 4, quoted in Results PDF p.13/27)",0.6,mean of the oldest released variety,,,,0.481,0.173,,P=0.011,Table 2 slope row (PDF p.8/27 = journal p.92); Results PDF p.13/27,"Authors: genetic progress is slow, significant only for large-seeded bush beans (r2 4.3-25.6%). Varieties were released in different countries with different checks (authors' limitation). Crossref issued-year is 1970 (African Journals Online metadata artefact); the paper states vol.31 no.1, 2023."
B12,1_common_bean,Y,Amongi2023_PABRA,10.4314/acsj.v31i1.8,Amongi,1970,Gain and performance in yield and micronutrient concentration in common bean improvement,African Crop Science Journal,PABRA small-seeded bush beans,common bean,"East/Central/Southern Africa (varieties from 12 PABRA countries; trials Kawanda & Kachwekano, Uganda; Kitengule, Tanzania)",PABRA (Alliance Bioversity-CIAT + NARS); 115 varieties released 1973-2017,"era-type trial 2017/18 (3 locations, 2 seasons); simple linear regression of adjusted means on year of variety release",grain yield (YDHA),1973-2017 (release years),32,17,release-year groups listed in Table 2 (approx. number of regression points),OLS slope of adjusted means vs release year; 'relative annual gain' = slope / mean of the oldest variety,4.57,2.881,derived from reported slope P=0.127 assuming df=22 (number of regression points not stated; approximate),,,896.8,"profile mean across environments (Table 4, quoted in Results PDF p.13/27)",0.7,mean of the oldest released variety,,,,0.51,0.321,,P=0.127,Table 2 contd. (PDF p.9/27 = p.93); Abstract; Results PDF p.13/27,"Authors: genetic progress is slow, significant only for large-seeded bush beans (r2 4.3-25.6%). Varieties were released in different countries with different checks (authors' limitation). Crossref issued-year is 1970 (African Journals Online metadata artefact); the paper states vol.31 no.1, 2023."
B13,1_common_bean,Y,Amongi2023_PABRA,10.4314/acsj.v31i1.8,Amongi,1970,Gain and performance in yield and micronutrient concentration in common bean improvement,African Crop Science Journal,PABRA large-seeded climbers beans,common bean,"East/Central/Southern Africa (varieties from 12 PABRA countries; trials Kawanda & Kachwekano, Uganda; Kitengule, Tanzania)",PABRA (Alliance Bioversity-CIAT + NARS); 115 varieties released 1973-2017,"era-type trial 2017/18 (3 locations, 2 seasons); simple linear regression of adjusted means on year of variety release",grain yield (YDHA),1973-2017 (release years),16,8,release-year groups listed in Table 2 (approx. number of regression points),OLS slope of adjusted means vs release year; 'relative annual gain' = slope / mean of the oldest variety,-2.74,6.201,derived from reported slope P=0.669 assuming df=9 (number of regression points not stated; approximate),,,938.4,"profile mean across environments (Table 4, quoted in Results PDF p.13/27)",-0.3,mean of the oldest released variety,,,,-0.292,0.661,,P=0.669,Table 2 contd. (PDF p.9/27 = p.93); Results PDF p.13/27,"Authors: genetic progress is slow, significant only for large-seeded bush beans (r2 4.3-25.6%). Varieties were released in different countries with different checks (authors' limitation). Crossref issued-year is 1970 (African Journals Online metadata artefact); the paper states vol.31 no.1, 2023."
B14,1_common_bean,Y,Amongi2023_PABRA,10.4314/acsj.v31i1.8,Amongi,1970,Gain and performance in yield and micronutrient concentration in common bean improvement,African Crop Science Journal,PABRA small-seeded climbers beans,common bean,"East/Central/Southern Africa (varieties from 12 PABRA countries; trials Kawanda & Kachwekano, Uganda; Kitengule, Tanzania)",PABRA (Alliance Bioversity-CIAT + NARS); 115 varieties released 1973-2017,"era-type trial 2017/18 (3 locations, 2 seasons); simple linear regression of adjusted means on year of variety release",grain yield (YDHA),1973-2017 (release years),11,8,release-year groups listed in Table 2 (approx. number of regression points),OLS slope of adjusted means vs release year; 'relative annual gain' = slope / mean of the oldest variety,21.6,15.924,derived from reported slope P=0.212 assuming df=8 (number of regression points not stated; approximate),,,1118.0,"profile mean across environments (Table 4, quoted in Results PDF p.13/27)",1.6,mean of the oldest released variety,,,,1.932,1.424,,P=0.212,Table 2 contd. (PDF p.10/27 = p.94); Abstract; Results PDF p.13/27,"Authors: genetic progress is slow, significant only for large-seeded bush beans (r2 4.3-25.6%). Varieties were released in different countries with different checks (authors' limitation). Crossref issued-year is 1970 (African Journals Online metadata artefact); the paper states vol.31 no.1, 2023."
B17,1_common_bean,N,Barili2016_black_cultivars,10.1590/1983-40632016v4641371,Barili,2016,Five decades of black common bean genetic breeding in Brazil,Pesquisa Agropecuária Tropical,"Brazil black-grain cultivars 1960-2013, slope after breakpoint (1988)",common bean (black),"Brazil (cultivars from Embrapa, Epagri, IAC, Iapar, UFLA, UFV, Fepagro; trials at Vicosa and Coimbra, MG)",38 recommended cultivars + 2 pre-release lines (40 genotypes),"era-type cultivar trial, 2 locations, dry and winter seasons 2013, RCBD x3; bi-segmented linear-plateau regression on release year",grain yield,release years 1960-2013; significant progress only from 1988,40,40,cultivars,"bi-segmented linear regression (plateau before breakpoint, linear after); GPa = b1 / plateau",57.8,,not reported (R2=90% refers to the segmented model; slope P=0.001),,,2390,estimated plateau before the breakpoint (Table 3),2.42,plateau yield (2390 kg/ha); applies only to the post-1988 segment,,,,2.418,,0.9,P=0.001,Table 3 (PDF p.4-5/8); Results PDF p.4/8; Abstract PDF p.1/8,"Slope is conditional on the estimated breakpoint (no gain assumed before 1988), so it overstates the whole-period average; no SE. Whole-period average gain is much lower. Sensitivity only. Paper also cites Faria 2013 (0.72%/yr) and Matos 2007 (4.36%/yr) as the range for Brazil."
B15,1_common_bean,N,Alves2015_UFV_RS,10.1590/1984-70332015v15n4a38,Alves,2015,Genetic progress and potential of common bean families obtained by recurrent selection,Crop Breeding and Applied Biotechnology,"UFV carioca recurrent selection, cycle 0 -> cycle 1 (top-40 families)",common bean (carioca),"Brazil (Minas Gerais, Vicosa)",UFV recurrent selection program,"direct comparison of the 40 best families of C0 and C1 in winter + rainy season 2011, RBD x3",grain yield,C0 evaluated 2007-2008; C1 2010-2011 (3 y per cycle inferred from dates),80,1,selection cycle,GG(%) = (mean C1 - mean C0)/mean C0,97.667,,not reported,,,3404,"mean of C0 families, combined seasons (Table 7)",8.6,"PER CYCLE (not per year); per-year values here (97.7 kg/ha, 2.9%) are OUR conversion assuming 3 y/cycle",,,,2.869,,,C0 vs C1 contrast significant,Table 7 (PDF p.7/9); Results PDF p.6/9; dates in Methods PDF p.2/9,"Population-improvement scheme, selected top families: an upper-bound-type gain, not comparable to variety-pipeline era/regression estimates. Context only."
B16,1_common_bean,N,Silva2010_UFLA_RS,10.1590/s1984-70332010000400010,Silva,2010,Estimation of genetic progress after eight cycles of recurrent selection for common bean grain yield,Crop Breeding and Applied Biotechnology,"UFLA carioca recurrent selection, 8 cycles",common bean (carioca),"Brazil (Minas Gerais, Lavras)",UFLA recurrent selection program (started 1990),regression of adjusted means of elite lines on cycle number (1..8); 42 experiments at Lavras,grain yield,1990 to c.2008 (cycle length in years not stated),,8,selection cycles,PG% = b1/b0 x 100 with b0 = regression intercept (= cycle 0),,,not reported,,,,,3.3,PER CYCLE (b1 = 68.58 kg/ha per cycle); cannot convert to per year (cycle duration not given),,,,,,,reported as efficient,Results PDF p.3/6; Abstract PDF p.1/6,Context only (per cycle).
L01,2_other_legumes_SSA_LatAm,Y,Todeschini2019_soybean_BR,10.1007/s10681-019-2439-9,Todeschini,2019,"Soybean genetic progress in South Brazil: physiological, phenological and agronomic traits",Euphytica,"Soybean, South Brazil cultivars 1965-2011",soybean,"Brazil (Parana: Realeza, Pato Branco)",29 cultivars released for South Brazil 1965-2011,"era-type cultivar trial, 2 locations, 2016/17, RCBD x3; regression of cultivar means on release year",seed yield,1965-2011 (release years),29,29,cultivars,OLS regression of means on release year,40.06,,not given in text (shown in Fig. 1a),,,,,2.4,not stated (implied ~1.7 t/ha),,,,,,,reported as significant (SY gain 39.44 and 40.67 kg/ha/yr at the two sites),Results PDF p.4/12; Conclusions PDF p.10/12; Abstract PDF p.1/12,"Single season; modern cultivars vs old cultivars, gain includes all breeding-era changes (not a single program)."
L02,2b_CGIAR_legume_outside_SSA_LatAm,N,Behera2025_ICRISAT_groundnut,10.3389/fpls.2025.1640041,Behera,2025,Realized genetic gain for yield and yield attributes in groundnut breeding at ICRISAT from an ERA trial,Frontiers in Plant Science,"ICRISAT groundnut, early-maturing (EYTGG-PC-1)",groundnut,India (ICRISAT Patancheru; trials not in SSA/LatAm),ICRISAT groundnut breeding program (ACI),ERA trials (4 seasons each; alpha-lattice/RCBD); regression of adjusted means on year of first testing,pod yield,1993-2017,40,40,test genotypes,OLS slope on year of first testing; value = average of rainy- and post-rainy-season slopes,8.37,,not reported (P values only in Figs 3-7),,,1800.58,BLUE mean across seasons (Table 4),0.48,not defined in paper (e.g. 38.05 kg/ha is '2%' but 38.05/2580=1.47%),,,,0.465,,,not reported in text,Table 4 (PDF p.9/18); Abstract PDF p.1/18; Conclusion PDF p.14/18,"Outside SSA/LatAm: sensitivity row only. Five trials from the same program, not independent."
L03,2b_CGIAR_legume_outside_SSA_LatAm,N,Behera2025_ICRISAT_groundnut,10.3389/fpls.2025.1640041,Behera,2025,Realized genetic gain for yield and yield attributes in groundnut breeding at ICRISAT from an ERA trial,Frontiers in Plant Science,"ICRISAT groundnut, medium Spanish bunch (EYTGG-SB-PC-2)",groundnut,India (ICRISAT Patancheru; trials not in SSA/LatAm),ICRISAT groundnut breeding program (ACI),ERA trials (4 seasons each; alpha-lattice/RCBD); regression of adjusted means on year of first testing,pod yield,1987-2017,56,56,test genotypes,OLS slope on year of first testing; value = average of rainy- and post-rainy-season slopes,38.05,,not reported (P values only in Figs 3-7),,,2580.24,BLUE mean across seasons (Table 4),2.0,not defined in paper (e.g. 38.05 kg/ha is '2%' but 38.05/2580=1.47%),,,,1.475,,,not reported in text,Table 4 (PDF p.9/18); Abstract PDF p.1/18; Conclusion PDF p.14/18,"Outside SSA/LatAm: sensitivity row only. Five trials from the same program, not independent."
L04,2b_CGIAR_legume_outside_SSA_LatAm,N,Behera2025_ICRISAT_groundnut,10.3389/fpls.2025.1640041,Behera,2025,Realized genetic gain for yield and yield attributes in groundnut breeding at ICRISAT from an ERA trial,Frontiers in Plant Science,"ICRISAT groundnut, medium Virginia bunch (EYTGG-VB-PC-2)",groundnut,India (ICRISAT Patancheru; trials not in SSA/LatAm),ICRISAT groundnut breeding program (ACI),ERA trials (4 seasons each; alpha-lattice/RCBD); regression of adjusted means on year of first testing,pod yield,1988-2017,23,23,test genotypes,OLS slope on year of first testing; value = average of rainy- and post-rainy-season slopes,16.15,,not reported (P values only in Figs 3-7),,,2793.13,BLUE mean across seasons (Table 4),0.64,not defined in paper (e.g. 38.05 kg/ha is '2%' but 38.05/2580=1.47%),,,,0.578,,,not reported in text,Table 4 (PDF p.9/18); Abstract PDF p.1/18; Conclusion PDF p.14/18,"Outside SSA/LatAm: sensitivity row only. Five trials from the same program, not independent."
L05,2b_CGIAR_legume_outside_SSA_LatAm,N,Behera2025_ICRISAT_groundnut,10.3389/fpls.2025.1640041,Behera,2025,Realized genetic gain for yield and yield attributes in groundnut breeding at ICRISAT from an ERA trial,Frontiers in Plant Science,"ICRISAT groundnut, late Spanish bunch (EYTGG-SB-PC-3)",groundnut,India (ICRISAT Patancheru; trials not in SSA/LatAm),ICRISAT groundnut breeding program (ACI),ERA trials (4 seasons each; alpha-lattice/RCBD); regression of adjusted means on year of first testing,pod yield,1995-2014,26,26,test genotypes,OLS slope on year of first testing; value = average of rainy- and post-rainy-season slopes,54.85,,not reported (P values only in Figs 3-7),,,1615.82,BLUE mean across seasons (Table 4),3.91,not defined in paper (e.g. 38.05 kg/ha is '2%' but 38.05/2580=1.47%),,,,3.395,,,not reported in text,Table 4 (PDF p.9/18); Abstract PDF p.1/18; Conclusion PDF p.14/18,"Outside SSA/LatAm: sensitivity row only. Five trials from the same program, not independent."
L06,2b_CGIAR_legume_outside_SSA_LatAm,N,Behera2025_ICRISAT_groundnut,10.3389/fpls.2025.1640041,Behera,2025,Realized genetic gain for yield and yield attributes in groundnut breeding at ICRISAT from an ERA trial,Frontiers in Plant Science,"ICRISAT groundnut, late Virginia bunch (EYTGG-VB-PC-3)",groundnut,India (ICRISAT Patancheru; trials not in SSA/LatAm),ICRISAT groundnut breeding program (ACI),ERA trials (4 seasons each; alpha-lattice/RCBD); regression of adjusted means on year of first testing,pod yield,1988-2014,15,15,test genotypes,OLS slope on year of first testing; value = average of rainy- and post-rainy-season slopes,-4.21,,not reported (P values only in Figs 3-7),,,2449.67,BLUE mean across seasons (Table 4),-0.17,not defined in paper (e.g. 38.05 kg/ha is '2%' but 38.05/2580=1.47%),,,,-0.172,,,not reported in text,Table 4 (PDF p.9/18); Abstract PDF p.1/18; Conclusion PDF p.14/18,"Outside SSA/LatAm: sensitivity row only. Five trials from the same program, not independent."
M01,3_SSA_other_crops,N,Mukaro2024_Zimbabwe_maize,10.3389/fpls.2024.1391926,Mukaro,2024,Genetic trends in the Zimbabwe’s national maize breeding program over two decades,Frontiers in Plant Science,"Zimbabwe maize, IVT all environments",maize,Zimbabwe,"DR&SS national maize breeding program, intermediate (IVT) and advanced (AVT) variety trials","historical multi-environment data 2002-2021 (IVT 107 trials/716 varieties, AVT 162 trials/398 varieties); regression of BLUEs of DR&SS entries on first year of testing",grain yield,2002-2021,558,558,entries,OLS slope on first year of testing; % = slope / grand mean of all entries and checks,28.09,7.906,derived from R2 and n entries (Table 3),,,3557,grand mean (Table 3),0.79,grand mean of entries and checks,,,,0.79,0.222,0.0222,"IVT-all, AVT-all, AVT strata P<0.05; IVT-low n.s.",Table 3 (PDF p.9/15); Results PDF p.8/15; Methods PDF p.7/15,IVT and AVT stages share germplasm (not independent); AVT-all flagged primary.
M02,3_SSA_other_crops,Y,Mukaro2024_Zimbabwe_maize,10.3389/fpls.2024.1391926,Mukaro,2024,Genetic trends in the Zimbabwe’s national maize breeding program over two decades,Frontiers in Plant Science,"Zimbabwe maize, AVT all environments",maize,Zimbabwe,"DR&SS national maize breeding program, intermediate (IVT) and advanced (AVT) variety trials","historical multi-environment data 2002-2021 (IVT 107 trials/716 varieties, AVT 162 trials/398 varieties); regression of BLUEs of DR&SS entries on first year of testing",grain yield,2002-2021,251,251,entries,OLS slope on first year of testing; % = slope / grand mean of all entries and checks,35.02,6.725,derived from R2 and n entries (Table 3),,,3954,grand mean (Table 3),0.89,grand mean of entries and checks,,,,0.886,0.17,0.0982,"IVT-all, AVT-all, AVT strata P<0.05; IVT-low n.s.",Table 3 (PDF p.9/15); Results PDF p.8/15; Methods PDF p.7/15,IVT and AVT stages share germplasm (not independent); AVT-all flagged primary.
M03,3_SSA_other_crops,N,Mukaro2024_Zimbabwe_maize,10.3389/fpls.2024.1391926,Mukaro,2024,Genetic trends in the Zimbabwe’s national maize breeding program over two decades,Frontiers in Plant Science,"Zimbabwe maize, IVT high-yield (>3 t/ha) environments",maize,Zimbabwe,"DR&SS national maize breeding program, intermediate (IVT) and advanced (AVT) variety trials","historical multi-environment data 2002-2021 (IVT 107 trials/716 varieties, AVT 162 trials/398 varieties); regression of BLUEs of DR&SS entries on first year of testing",grain yield,2002-2021,550,550,entries,OLS slope on first year of testing; % = slope / grand mean of all entries and checks,17.02,2.925,derived from R2 and n entries (Table 3),,,4519,grand mean (Table 3),0.38,grand mean of entries and checks,,,,0.377,0.065,0.0582,"IVT-all, AVT-all, AVT strata P<0.05; IVT-low n.s.",Table 3 (PDF p.9/15); Results PDF p.8/15; Methods PDF p.7/15,IVT and AVT stages share germplasm (not independent); AVT-all flagged primary.
M04,3_SSA_other_crops,N,Mukaro2024_Zimbabwe_maize,10.3389/fpls.2024.1391926,Mukaro,2024,Genetic trends in the Zimbabwe’s national maize breeding program over two decades,Frontiers in Plant Science,"Zimbabwe maize, AVT high-yield environments",maize,Zimbabwe,"DR&SS national maize breeding program, intermediate (IVT) and advanced (AVT) variety trials","historical multi-environment data 2002-2021 (IVT 107 trials/716 varieties, AVT 162 trials/398 varieties); regression of BLUEs of DR&SS entries on first year of testing",grain yield,2002-2021,246,246,entries,OLS slope on first year of testing; % = slope / grand mean of all entries and checks,61.38,10.512,derived from R2 and n entries (Table 3),,,5651,grand mean (Table 3),1.09,grand mean of entries and checks,,,,1.086,0.186,0.1226,"IVT-all, AVT-all, AVT strata P<0.05; IVT-low n.s.",Table 3 (PDF p.9/15); Results PDF p.8/15; Methods PDF p.7/15,IVT and AVT stages share germplasm (not independent); AVT-all flagged primary.
M05,3_SSA_other_crops,N,Mukaro2024_Zimbabwe_maize,10.3389/fpls.2024.1391926,Mukaro,2024,Genetic trends in the Zimbabwe’s national maize breeding program over two decades,Frontiers in Plant Science,"Zimbabwe maize, IVT low-yield (<3 t/ha) environments",maize,Zimbabwe,"DR&SS national maize breeding program, intermediate (IVT) and advanced (AVT) variety trials","historical multi-environment data 2002-2021 (IVT 107 trials/716 varieties, AVT 162 trials/398 varieties); regression of BLUEs of DR&SS entries on first year of testing",grain yield,2002-2021,182,182,entries,OLS slope on first year of testing; % = slope / grand mean of all entries and checks,-0.085,,not derivable (R2=0),,,1591,grand mean (Table 3),-0.01,grand mean of entries and checks,,,,-0.005,,0.0,"IVT-all, AVT-all, AVT strata P<0.05; IVT-low n.s.",Table 3 (PDF p.9/15); Results PDF p.8/15; Methods PDF p.7/15,IVT and AVT stages share germplasm (not independent); AVT-all flagged primary.
M06,3_SSA_other_crops,N,Mukaro2024_Zimbabwe_maize,10.3389/fpls.2024.1391926,Mukaro,2024,Genetic trends in the Zimbabwe’s national maize breeding program over two decades,Frontiers in Plant Science,"Zimbabwe maize, AVT low-yield environments",maize,Zimbabwe,"DR&SS national maize breeding program, intermediate (IVT) and advanced (AVT) variety trials","historical multi-environment data 2002-2021 (IVT 107 trials/716 varieties, AVT 162 trials/398 varieties); regression of BLUEs of DR&SS entries on first year of testing",grain yield,2002-2021,242,242,entries,OLS slope on first year of testing; % = slope / grand mean of all entries and checks,15.89,3.89,derived from R2 and n entries (Table 3),,,1283,grand mean (Table 3),1.24,grand mean of entries and checks,,,,1.239,0.303,0.065,"IVT-all, AVT-all, AVT strata P<0.05; IVT-low n.s.",Table 3 (PDF p.9/15); Results PDF p.8/15; Methods PDF p.7/15,IVT and AVT stages share germplasm (not independent); AVT-all flagged primary.
M07,3_SSA_other_crops,N,Tarekegne2024_CIMMYT_ESA_early_maize,10.3389/fpls.2023.1321308,Tarekegne,2024,Genetic gains in early maturing maize hybrids developed by the International Maize and Wheat Improvement Center in Southern Africa during 2000–2018,Frontiers in Plant Science,"CIMMYT ESA early maize, optimum",maize,"Eastern & Southern Africa (7 countries, 68 environments)",CIMMYT Southern Africa early-maturing hybrid pipeline (72 hybrids + 3 checks),era panel from regional on-station trials; regression on year of first testing,grain yield,2000-2018 (year of first regional testing),72,72,hybrids,OLS slope on year of first testing; relative gain = b / intercept,117.6,10.6,"author-reported SE of b (Table 6, t/ha converted to kg/ha)",,,7770,"trial grand mean (text, PDF p.6/17)",1.78,regression intercept (6.61 t/ha),,,,1.514,0.136,0.6359,P<0.001,Table 6 (PDF p.11/17); text PDF p.7/17; means PDF p.6/17,"One hybrid panel evaluated under four management regimes, so only 'random stress' (authors: closest to smallholder conditions) flagged primary. Author % uses intercept; slope/mean is lower (e.g. 1.5% for optimum)."
M08,3_SSA_other_crops,N,Tarekegne2024_CIMMYT_ESA_early_maize,10.3389/fpls.2023.1321308,Tarekegne,2024,Genetic gains in early maturing maize hybrids developed by the International Maize and Wheat Improvement Center in Southern Africa during 2000–2018,Frontiers in Plant Science,"CIMMYT ESA early maize, low N",maize,"Eastern & Southern Africa (7 countries, 68 environments)",CIMMYT Southern Africa early-maturing hybrid pipeline (72 hybrids + 3 checks),era panel from regional on-station trials; regression on year of first testing,grain yield,2000-2018 (year of first regional testing),72,72,hybrids,OLS slope on year of first testing; relative gain = b / intercept,62.9,4.3,"author-reported SE of b (Table 7, t/ha converted to kg/ha)",,,3460,"trial grand mean (text, PDF p.6/17)",2.21,regression intercept (2.84 t/ha),,,,1.818,0.124,0.7529,P<0.001,Table 7 (PDF p.11/17); text PDF p.7/17; means PDF p.6/17,"One hybrid panel evaluated under four management regimes, so only 'random stress' (authors: closest to smallholder conditions) flagged primary. Author % uses intercept; slope/mean is lower (e.g. 1.5% for optimum)."
M09,3_SSA_other_crops,N,Tarekegne2024_CIMMYT_ESA_early_maize,10.3389/fpls.2023.1321308,Tarekegne,2024,Genetic gains in early maturing maize hybrids developed by the International Maize and Wheat Improvement Center in Southern Africa during 2000–2018,Frontiers in Plant Science,"CIMMYT ESA early maize, managed drought",maize,"Eastern & Southern Africa (7 countries, 68 environments)",CIMMYT Southern Africa early-maturing hybrid pipeline (72 hybrids + 3 checks),era panel from regional on-station trials; regression on year of first testing,grain yield,2000-2018 (year of first regional testing),72,72,hybrids,OLS slope on year of first testing; relative gain = b / intercept,46.2,4.5,"author-reported SE of b (Table 8, t/ha converted to kg/ha)",,,2620,"trial grand mean (text, PDF p.6/17)",2.133,regression intercept (2.17 t/ha),,,,1.763,0.172,0.5975,P<0.001,Table 8 (PDF p.12/17); text PDF p.7/17; means PDF p.6/17,"One hybrid panel evaluated under four management regimes, so only 'random stress' (authors: closest to smallholder conditions) flagged primary. Author % uses intercept; slope/mean is lower (e.g. 1.5% for optimum)."
M10,3_SSA_other_crops,Y,Tarekegne2024_CIMMYT_ESA_early_maize,10.3389/fpls.2023.1321308,Tarekegne,2024,Genetic gains in early maturing maize hybrids developed by the International Maize and Wheat Improvement Center in Southern Africa during 2000–2018,Frontiers in Plant Science,"CIMMYT ESA early maize, random stress",maize,"Eastern & Southern Africa (7 countries, 68 environments)",CIMMYT Southern Africa early-maturing hybrid pipeline (72 hybrids + 3 checks),era panel from regional on-station trials; regression on year of first testing,grain yield,2000-2018 (year of first regional testing),72,72,hybrids,OLS slope on year of first testing; relative gain = b / intercept,60.8,6.5,"author-reported SE of b (Table 9, t/ha converted to kg/ha)",,,4300,"trial grand mean (text, PDF p.6/17)",1.635,regression intercept (3.72 t/ha),,,,1.414,0.151,0.5523,P<0.001,Table 9 (PDF p.12/17); text PDF p.7/17; means PDF p.6/17,"One hybrid panel evaluated under four management regimes, so only 'random stress' (authors: closest to smallholder conditions) flagged primary. Author % uses intercept; slope/mean is lower (e.g. 1.5% for optimum)."
M11,3_SSA_other_crops,N,Michael2020_Ethiopia_maize,10.5897/ajar2019.14564,Michael,2020,Genetic gain of maize (Zea mays L.) varieties in Ethiopia over 42 years (1973 - 2015),African Journal of Agricultural Research,"Ethiopia maize, highland (APPRC; releases 1973-2012)",maize,Ethiopia,EIAR/CIMMYT national maize varieties (hybrids and OPVs) released 1973-2012,"one-season, one-site-per-zone variety trial 2015 (RCBD x3); regression of variety means on release year",grain yield,1973-2012,7,7,varieties,OLS slope of variety means on release year; % = slope/intercept (from regression equation in figure),62.263,37.492,derived from R2 (from figure equation) and n,,,5019,regression intercept (figure equation),1.24,regression intercept,,,,1.241,0.747,0.3555,n.s. (P>0.05),PDF p.4/12 (text) and p.6/12 (Fig. 1 equation),"LOW QUALITY: single season, 7-20 varieties, OPVs mixed with hybrids; abstract percentages (0.19, 0.57, -0.16) contradict the Results text (1.24, 0.78, -0.16) - we use slope/intercept. Crossref lists first author as 'Michael' (given name of Michael Kebede); Prasanna 2022 cites it as Kebede et al."
M12,3_SSA_other_crops,N,Michael2020_Ethiopia_maize,10.5897/ajar2019.14564,Michael,2020,Genetic gain of maize (Zea mays L.) varieties in Ethiopia over 42 years (1973 - 2015),African Journal of Agricultural Research,"Ethiopia maize, mid-altitude (BNMRC; releases 1986-2015)",maize,Ethiopia,EIAR/CIMMYT national maize varieties (hybrids and OPVs) released 1973-2012,"one-season, one-site-per-zone variety trial 2015 (RCBD x3); regression of variety means on release year",grain yield,1986-2015,20,20,varieties,OLS slope of variety means on release year; % = slope/intercept (from regression equation in figure),58.973,31.885,derived from R2 (from figure equation) and n,,,7539.4,regression intercept (figure equation),0.78,regression intercept,,,,0.782,0.423,0.1597,n.s. (P>0.05),"PDF p.6-7/12 (text, Fig. 2 equation)","LOW QUALITY: single season, 7-20 varieties, OPVs mixed with hybrids; abstract percentages (0.19, 0.57, -0.16) contradict the Results text (1.24, 0.78, -0.16) - we use slope/intercept. Crossref lists first author as 'Michael' (given name of Michael Kebede); Prasanna 2022 cites it as Kebede et al."
M13,3_SSA_other_crops,N,Michael2020_Ethiopia_maize,10.5897/ajar2019.14564,Michael,2020,Genetic gain of maize (Zea mays L.) varieties in Ethiopia over 42 years (1973 - 2015),African Journal of Agricultural Research,"Ethiopia maize, lowland (MARC; releases 2001-2012)",maize,Ethiopia,EIAR/CIMMYT national maize varieties (hybrids and OPVs) released 1973-2012,"one-season, one-site-per-zone variety trial 2015 (RCBD x3); regression of variety means on release year",grain yield,2001-2012,11,11,varieties,OLS slope of variety means on release year; % = slope/intercept (from regression equation in figure),-2.636,,derived from R2 (from figure equation) and n,,,1628.9,regression intercept (figure equation),-0.16,regression intercept,,,,-0.162,,0.0004,n.s. (P>0.05),PDF p.8/12 (Fig. 3 equation),"LOW QUALITY: single season, 7-20 varieties, OPVs mixed with hybrids; abstract percentages (0.19, 0.57, -0.16) contradict the Results text (1.24, 0.78, -0.16) - we use slope/intercept. Crossref lists first author as 'Michael' (given name of Michael Kebede); Prasanna 2022 cites it as Kebede et al."
M14,3_SSA_other_crops,Y,Yadav2026_AfricaRice,10.3389/fpls.2025.1670651,Yadav,2026,Genetic progress in rice yield: preliminary insights from historically released varieties in Sub-Saharan Africa,Frontiers in Plant Science,"AfricaRice, irrigated lowland",rice,"West Africa (Cote d'Ivoire, Mali, Nigeria, Senegal, Guinea, Burkina Faso)",AfricaRice-bred varieties released 1986-2020,ERA trials 2021-2022; two-stage factor-analytic mixed model; regression of genetic trend on release year,grain yield,1986-2020 (release years),36,36,released varieties,slope b of genetic trend (t/ha/yr); %gg(s1) = first-year percentage change,7,9.0,author-reported SE of b in Table 4 (t/ha/yr x1000),,,,,0.138,first-year yield (%gg(s1)),0.169,0.007,0.269,,,,CI of %gg excludes 0 only for rainfed ecologies,Table 4 (PDF p.11/16); Results PDF p.8/16; sample sizes PDF p.3/16,"Rice, not a legume. Table-4 SE of b (0.009 t/ha) is inconsistent with the 4-14 kg/ha interval quoted in the text; printed value used. Irrigated lowland flagged primary only because it has the largest n."
M15,3_SSA_other_crops,N,Yadav2026_AfricaRice,10.3389/fpls.2025.1670651,Yadav,2026,Genetic progress in rice yield: preliminary insights from historically released varieties in Sub-Saharan Africa,Frontiers in Plant Science,"AfricaRice, rainfed lowland",rice,"West Africa (Cote d'Ivoire, Mali, Nigeria, Senegal, Guinea, Burkina Faso)",AfricaRice-bred varieties released 1986-2020,ERA trials 2021-2022; two-stage factor-analytic mixed model; regression of genetic trend on release year,grain yield,1986-2020 (release years),24,24,released varieties,slope b of genetic trend (t/ha/yr); %gg(s1) = first-year percentage change,12,9.0,author-reported SE of b in Table 4 (t/ha/yr x1000),,,,,0.344,first-year yield (%gg(s1)),0.232,0.034,0.654,,,,CI of %gg excludes 0 only for rainfed ecologies,Table 4 (PDF p.11/16); Results PDF p.8/16; sample sizes PDF p.3/16,"Rice, not a legume. Table-4 SE of b (0.009 t/ha) is inconsistent with the 4-14 kg/ha interval quoted in the text; printed value used. Irrigated lowland flagged primary only because it has the largest n."
M16,3_SSA_other_crops,N,Yadav2026_AfricaRice,10.3389/fpls.2025.1670651,Yadav,2026,Genetic progress in rice yield: preliminary insights from historically released varieties in Sub-Saharan Africa,Frontiers in Plant Science,"AfricaRice, rainfed upland",rice,"West Africa (Cote d'Ivoire, Mali, Nigeria, Senegal, Guinea, Burkina Faso)",AfricaRice-bred varieties released 1986-2020,ERA trials 2021-2022; two-stage factor-analytic mixed model; regression of genetic trend on release year,grain yield,1986-2020 (release years),20,20,released varieties,slope b of genetic trend (t/ha/yr); %gg(s1) = first-year percentage change,10,5.0,author-reported SE of b in Table 4 (t/ha/yr x1000),,,,,0.266,first-year yield (%gg(s1)),0.155,0.058,0.474,,,,CI of %gg excludes 0 only for rainfed ecologies,Table 4 (PDF p.11/16); Results PDF p.8/16; sample sizes PDF p.3/16,"Rice, not a legume. Table-4 SE of b (0.009 t/ha) is inconsistent with the 4-14 kg/ha interval quoted in the text; printed value used. Irrigated lowland flagged primary only because it has the largest n."
A01,3_SSA_other_crops,Y,Asea2023_Uganda_maize,10.3389/fpls.2023.1020667,Asea,2023,Genetic trends for yield and key agronomic traits in pre-commercial and commercial maize varieties between 2008 and 2020 in Uganda,Frontiers in Plant Science,"Uganda maize, NPT 2008-2020, all entries",maize,Uganda,"National Performance Trials (NARO, CIMMYT, private sector) and an era trial of hybrids",historical NPT data (419 varieties in 23 trials); mixed-model BLUEs regressed on first year of testing,grain yield,2008-2020,419,419,entries,OLS slope on first year of testing; slope as % of mean,81.0,14.922,derived from R2 and n entries (Table 6),,,3620.0,mean of entries (Table 6),2.25,mean of entries,,,,2.238,0.412,0.066,"P<0.001 (all), 0.015, <0.001, 0.027",Table 6 (PDF p.7/13); Abstract PDF p.1/13,Sub-source rows overlap the all-entries row (A01).
A02,3_SSA_other_crops,N,Asea2023_Uganda_maize,10.3389/fpls.2023.1020667,Asea,2023,Genetic trends for yield and key agronomic traits in pre-commercial and commercial maize varieties between 2008 and 2020 in Uganda,Frontiers in Plant Science,"Uganda maize, NPT, private-sector entries",maize,Uganda,"National Performance Trials (NARO, CIMMYT, private sector) and an era trial of hybrids",historical NPT data (419 varieties in 23 trials); mixed-model BLUEs regressed on first year of testing,grain yield,2008-2020,122,122,entries,OLS slope on first year of testing; slope as % of mean,79.0,31.109,derived from R2 and n entries (Table 6),,,4620.0,mean of entries (Table 6),1.71,mean of entries,,,,1.71,0.673,0.051,"P<0.001 (all), 0.015, <0.001, 0.027",Table 6 (PDF p.7/13); Abstract PDF p.1/13,Sub-source rows overlap the all-entries row (A01).
A03,3_SSA_other_crops,N,Asea2023_Uganda_maize,10.3389/fpls.2023.1020667,Asea,2023,Genetic trends for yield and key agronomic traits in pre-commercial and commercial maize varieties between 2008 and 2020 in Uganda,Frontiers in Plant Science,"Uganda maize, NPT, CIMMYT entries",maize,Uganda,"National Performance Trials (NARO, CIMMYT, private sector) and an era trial of hybrids",historical NPT data (419 varieties in 23 trials); mixed-model BLUEs regressed on first year of testing,grain yield,2008-2020,211,211,entries,OLS slope on first year of testing; slope as % of mean,106.0,21.182,derived from R2 and n entries (Table 6),,,5370.0,mean of entries (Table 6),1.98,mean of entries,,,,1.974,0.394,0.107,"P<0.001 (all), 0.015, <0.001, 0.027",Table 6 (PDF p.7/13); Abstract PDF p.1/13,Sub-source rows overlap the all-entries row (A01).
A04,3_SSA_other_crops,N,Asea2023_Uganda_maize,10.3389/fpls.2023.1020667,Asea,2023,Genetic trends for yield and key agronomic traits in pre-commercial and commercial maize varieties between 2008 and 2020 in Uganda,Frontiers in Plant Science,"Uganda maize, NPT, NARO entries",maize,Uganda,"National Performance Trials (NARO, CIMMYT, private sector) and an era trial of hybrids",historical NPT data (419 varieties in 23 trials); mixed-model BLUEs regressed on first year of testing,grain yield,2008-2020,74,74,entries,OLS slope on first year of testing; slope as % of mean,59.0,28.282,derived from R2 and n entries (Table 6),,,4560.0,mean of entries (Table 6),1.3,mean of entries,,,,1.294,0.62,0.057,"P<0.001 (all), 0.015, <0.001, 0.027",Table 6 (PDF p.7/13); Abstract PDF p.1/13,Sub-source rows overlap the all-entries row (A01).
A05,3_SSA_other_crops,N,Asea2023_Uganda_maize,10.3389/fpls.2023.1020667,Asea,2023,Genetic trends for yield and key agronomic traits in pre-commercial and commercial maize varieties between 2008 and 2020 in Uganda,Frontiers in Plant Science,"Uganda maize, era trial of 54 hybrids released 1999-2020",maize,Uganda,"National Performance Trials (NARO, CIMMYT, private sector) and an era trial of hybrids","era trial, 6 locations, 2015",grain yield,1999-2020 (release),54,54,hybrids,OLS slope on first year of testing,55,25.691,derived from R2=0.081 and n=54 (Table 8; P=0.037 consistent),,,3250,trial mean (Table 8),1.69,trial mean,,,,1.692,0.79,0.081,P=0.037,Table 8 (PDF p.10/13); Abstract PDF p.1/13,Era-trial alternative to A01 for the same national system (not independent).
A06,3_SSA_other_crops,Y,Menkir2022_IITA_WCA_maize,10.3389/fgene.2022.1023318,Menkir,2022,Estimating genetic gains for tolerance to stress combinations in tropical maize hybrids,Frontiers in Genetics,"IITA West Africa maize, rainfed multi-environment trials (134 environments)",maize,West Africa (IITA regional collaborative hybrid trials),IITA drought + Striga tolerant tropical hybrids,historical regional trials; mixed-model (factor-analytic) breeding values regressed on year,grain yield,8 consecutive years of regional trials (calendar years not stated in text read),,,,regression of breeding values on year (mixed model),53.11,,not reported (n of hybrids/years not extracted),,,,,1.32,not stated,,,,,,,P=0.0001,PDF p.7/13 (Results); Abstract PDF p.1/13,Managed-stress estimates are not representative of farmer conditions; rainfed MET row flagged primary.
A07,3_SSA_other_crops,N,Menkir2022_IITA_WCA_maize,10.3389/fgene.2022.1023318,Menkir,2022,Estimating genetic gains for tolerance to stress combinations in tropical maize hybrids,Frontiers in Genetics,"IITA West Africa maize, managed drought stress",maize,West Africa (IITA regional collaborative hybrid trials),IITA drought + Striga tolerant tropical hybrids,historical regional trials; mixed-model (factor-analytic) breeding values regressed on year,grain yield,8 consecutive years of regional trials (calendar years not stated in text read),,,,regression of breeding values on year (mixed model),11.89,,not reported (n of hybrids/years not extracted),,,,,0.74,not stated,,,,,,,P=0.0437,PDF p.6/13 (Results); Abstract PDF p.1/13,Managed-stress estimates are not representative of farmer conditions; rainfed MET row flagged primary.
A08,3_SSA_other_crops,N,Menkir2022_IITA_WCA_maize,10.3389/fgene.2022.1023318,Menkir,2022,Estimating genetic gains for tolerance to stress combinations in tropical maize hybrids,Frontiers in Genetics,"IITA West Africa maize, well-watered (full irrigation)",maize,West Africa (IITA regional collaborative hybrid trials),IITA drought + Striga tolerant tropical hybrids,historical regional trials; mixed-model (factor-analytic) breeding values regressed on year,grain yield,8 consecutive years of regional trials (calendar years not stated in text read),,,,regression of breeding values on year (mixed model),62.65,,not reported (n of hybrids/years not extracted),,,,,1.47,not stated,,,,,,,P=0.0334,PDF p.6/13 (Results); Abstract PDF p.1/13,Managed-stress estimates are not representative of farmer conditions; rainfed MET row flagged primary.
A09,3_SSA_other_crops,N,Menkir2022_IITA_WCA_maize,10.3389/fgene.2022.1023318,Menkir,2022,Estimating genetic gains for tolerance to stress combinations in tropical maize hybrids,Frontiers in Genetics,"IITA West Africa maize, Striga-infested",maize,West Africa (IITA regional collaborative hybrid trials),IITA drought + Striga tolerant tropical hybrids,historical regional trials; mixed-model (factor-analytic) breeding values regressed on year,grain yield,8 consecutive years of regional trials (calendar years not stated in text read),,,,regression of breeding values on year (mixed model),86.6,,not reported (n of hybrids/years not extracted),,,,,2.58,not stated,,,,,,,P=0.0216,PDF p.7/13 (Results); Abstract PDF p.1/13,Managed-stress estimates are not representative of farmer conditions; rainfed MET row flagged primary.
A10,3_SSA_other_crops,N,Menkir2022_IITA_WCA_maize,10.3389/fgene.2022.1023318,Menkir,2022,Estimating genetic gains for tolerance to stress combinations in tropical maize hybrids,Frontiers in Genetics,"IITA West Africa maize, Striga-free",maize,West Africa (IITA regional collaborative hybrid trials),IITA drought + Striga tolerant tropical hybrids,historical regional trials; mixed-model (factor-analytic) breeding values regressed on year,grain yield,8 consecutive years of regional trials (calendar years not stated in text read),,,,regression of breeding values on year (mixed model),102.44,,not reported (n of hybrids/years not extracted),,,,,2.3,not stated,,,,,,,P=0.0001,PDF p.7/13 (Results); Abstract PDF p.1/13,Managed-stress estimates are not representative of farmer conditions; rainfed MET row flagged primary.
P01,3_SSA_other_crops,N,Prasanna2022_CIMMYT_pipelines,10.1038/s41598-022-24536-4,Prasanna,2022,Genetic trends in CIMMYT’s tropical maize breeding pipelines,Scientific Reports,"CIMMYT EA-PP1a, managed drought",maize,Eastern & Southern Africa,"CIMMYT tropical maize pipelines (EA-PP1a/1b, SA-PP2)","historical advanced trials (4152 trials, 34,813 entries globally); mixed-model genetic trends",grain yield,2009-2020,,,,genetic trend slope from mixed model,64,,not reported,,,,,2.46,not stated,,,,,,,described as significant trends,Discussion PDF p.5/13; Abstract PDF p.1/13,"Per-pipeline optimum/stress estimates are only shown in Fig. 4 (radial plot without numbers), so only the three values quoted in the text are extracted. Same hybrids/pipelines as Tarekegne 2024 (not independent)."
P02,3_SSA_other_crops,N,Prasanna2022_CIMMYT_pipelines,10.1038/s41598-022-24536-4,Prasanna,2022,Genetic trends in CIMMYT’s tropical maize breeding pipelines,Scientific Reports,"CIMMYT EA-PP1b, managed drought",maize,Eastern & Southern Africa,"CIMMYT tropical maize pipelines (EA-PP1a/1b, SA-PP2)","historical advanced trials (4152 trials, 34,813 entries globally); mixed-model genetic trends",grain yield,2009-2020,,,,genetic trend slope from mixed model,54,,not reported,,,,,2.06,not stated,,,,,,,described as significant trends,Discussion PDF p.5/13; Abstract PDF p.1/13,"Per-pipeline optimum/stress estimates are only shown in Fig. 4 (radial plot without numbers), so only the three values quoted in the text are extracted. Same hybrids/pipelines as Tarekegne 2024 (not independent)."
P03,3_SSA_other_crops,N,Prasanna2022_CIMMYT_pipelines,10.1038/s41598-022-24536-4,Prasanna,2022,Genetic trends in CIMMYT’s tropical maize breeding pipelines,Scientific Reports,"CIMMYT SA-PP2, managed drought",maize,Eastern & Southern Africa,"CIMMYT tropical maize pipelines (EA-PP1a/1b, SA-PP2)","historical advanced trials (4152 trials, 34,813 entries globally); mixed-model genetic trends",grain yield,2009-2020,,,,genetic trend slope from mixed model,45,,not reported,,,,,2.13,not stated,,,,,,,described as significant trends,Discussion PDF p.5/13; Abstract PDF p.1/13,"Per-pipeline optimum/stress estimates are only shown in Fig. 4 (radial plot without numbers), so only the three values quoted in the text are extracted. Same hybrids/pipelines as Tarekegne 2024 (not independent)."
BN1,3_SSA_other_crops,N,Batte2021_IITA_banana,10.1007/s10681-021-02920-x,Batte,2021,Traits that define yield and genetic gain in East African highland banana breeding,Euphytica,"East African highland banana: landrace (C0) -> primary tetraploid (C1) -> secondary triploid hybrid (C2), yield potential","banana (East African highland, perennial)",Uganda (Namulonge-Sendusu; IITA/NARO banana breeding),IITA banana breeding program (CGIAR RTB),three breeding generations (cycles of ~10 y) grown together in one lattice trial (56 genotypes); regression of selection cycle on trait,yield potential (t/ha/yr) / bunch weight,~20 years (C0 to C2),56,3,selection cycles (10 y each),slope of trait on selection cycle / trait mean / cycle period x 100 (after Ortiz et al. 2002),,,"not reported (R2=0.199, P<0.001)",,,,,1.3,mean yield 22.6 t/ha/yr; paper states 1.3%/yr yield potential and 1.4%/yr bunch weight,,,,,,0.199,P<0.001,Genetic gains section (PDF p.7-8/10); Abstract PDF p.1/10,"Perennial fruit crop, 3 generations only; arithmetic check: slope 5.95 / mean 22.6 / 20 y = 1.3%, i.e. the authors divided by 20 y although they state a 10-y cycle (10-y denominator would give 2.6%/yr). Low reliability; context only."
