date,source,query,n_hits,n_screened_relevant,notes
2026-10-06,federated search (limit 25),(economic value OR net present value OR cost-benefit OR return on investment OR value of information OR EVPPI) AND (high-throughput phenotyping OR image-based phenotyping OR digital phenotyping OR smartphone phenotyping OR phenomics) AND (breeding simulation OR genetic gain OR breeding program),25,0,"id=001; group=A_boolean_full; keyword-screen passes=2; attempts=2 (first attempt empty/invalid, backend flake; re-run until non-empty); hits also in Crossref-direct top25=25/25; relevant (tier A/B) = none; adjacent tier C=1; contradicting=0"
2026-10-06,"Crossref API (curl, rows=25)",(economic value OR net present value OR cost-benefit OR return on investment OR value of information OR EVPPI) AND (high-throughput phenotyping OR image-based phenotyping OR digital phenotyping OR smartphone phenotyping OR phenomics) AND (breeding simulation OR genetic gain OR breeding program),25,0,id=001; group=A_boolean_full; keyword-screen passes=2; total-results=30698; relevant (tier A/B) = none; adjacent tier C=1; contradicting=0
2026-10-06,federated search (limit 25),(economic value OR net present value OR cost-benefit OR return on investment OR value of information OR EVPPI) AND (high-throughput phenotyping) AND (breeding simulation OR genetic gain OR breeding program),25,0,"id=002; group=A_boolean_perP; keyword-screen passes=2; attempts=2 (first attempt empty/invalid, backend flake; re-run until non-empty); hits also in Crossref-direct top25=25/25; relevant (tier A/B) = none; adjacent tier C=1; contradicting=0"
2026-10-06,"Crossref API (curl, rows=25)",(economic value OR net present value OR cost-benefit OR return on investment OR value of information OR EVPPI) AND (high-throughput phenotyping) AND (breeding simulation OR genetic gain OR breeding program),25,0,id=002; group=A_boolean_perP; keyword-screen passes=2; total-results=112017; relevant (tier A/B) = none; adjacent tier C=1; contradicting=0
2026-10-06,federated search (limit 25),(economic value OR net present value OR cost-benefit OR return on investment OR value of information OR EVPPI) AND (image-based phenotyping) AND (breeding simulation OR genetic gain OR breeding program),25,0,id=003; group=A_boolean_perP; keyword-screen passes=0; attempts=1; hits also in Crossref-direct top25=25/25; relevant (tier A/B) = none; adjacent tier C=0; contradicting=0
2026-10-06,"Crossref API (curl, rows=25)",(economic value OR net present value OR cost-benefit OR return on investment OR value of information OR EVPPI) AND (image-based phenotyping) AND (breeding simulation OR genetic gain OR breeding program),25,0,id=003; group=A_boolean_perP; keyword-screen passes=0; total-results=137724; relevant (tier A/B) = none; adjacent tier C=0; contradicting=0
2026-10-06,federated search (limit 25),(economic value OR net present value OR cost-benefit OR return on investment OR value of information OR EVPPI) AND (digital phenotyping) AND (breeding simulation OR genetic gain OR breeding program),25,0,id=004; group=A_boolean_perP; keyword-screen passes=0; attempts=1; hits also in Crossref-direct top25=25/25; relevant (tier A/B) = none; adjacent tier C=0; contradicting=0
2026-10-06,"Crossref API (curl, rows=25)",(economic value OR net present value OR cost-benefit OR return on investment OR value of information OR EVPPI) AND (digital phenotyping) AND (breeding simulation OR genetic gain OR breeding program),25,0,id=004; group=A_boolean_perP; keyword-screen passes=0; total-results=99838; relevant (tier A/B) = none; adjacent tier C=0; contradicting=0
2026-10-06,federated search (limit 25),(economic value OR net present value OR cost-benefit OR return on investment OR value of information OR EVPPI) AND (smartphone phenotyping) AND (breeding simulation OR genetic gain OR breeding program),25,0,"id=005; group=A_boolean_perP; keyword-screen passes=0; attempts=3 (first attempt empty/invalid, backend flake; re-run until non-empty); hits also in Crossref-direct top25=25/25; relevant (tier A/B) = none; adjacent tier C=0; contradicting=0"
2026-10-06,"Crossref API (curl, rows=25)",(economic value OR net present value OR cost-benefit OR return on investment OR value of information OR EVPPI) AND (smartphone phenotyping) AND (breeding simulation OR genetic gain OR breeding program),25,0,id=005; group=A_boolean_perP; keyword-screen passes=0; total-results=91818; relevant (tier A/B) = none; adjacent tier C=0; contradicting=0
2026-10-06,federated search (limit 25),(economic value OR net present value OR cost-benefit OR return on investment OR value of information OR EVPPI) AND (phenomics) AND (breeding simulation OR genetic gain OR breeding program),25,0,id=006; group=A_boolean_perP; keyword-screen passes=0; attempts=1; hits also in Crossref-direct top25=25/25; relevant (tier A/B) = none; adjacent tier C=0; contradicting=0
2026-10-06,"Crossref API (curl, rows=25)",(economic value OR net present value OR cost-benefit OR return on investment OR value of information OR EVPPI) AND (phenomics) AND (breeding simulation OR genetic gain OR breeding program),25,0,id=006; group=A_boolean_perP; keyword-screen passes=0; total-results=781340; relevant (tier A/B) = none; adjacent tier C=0; contradicting=0
2026-10-06,federated search (limit 25),(economic value) AND (high-throughput phenotyping OR image-based phenotyping OR digital phenotyping OR smartphone phenotyping OR phenomics) AND (breeding simulation OR genetic gain OR breeding program),25,0,"id=007; group=A_boolean_perE; keyword-screen passes=2; attempts=3 (first attempt empty/invalid, backend flake; re-run until non-empty); hits also in Crossref-direct top25=25/25; relevant (tier A/B) = none; adjacent tier C=1; contradicting=0"
2026-10-06,"Crossref API (curl, rows=25)",(economic value) AND (high-throughput phenotyping OR image-based phenotyping OR digital phenotyping OR smartphone phenotyping OR phenomics) AND (breeding simulation OR genetic gain OR breeding program),25,0,id=007; group=A_boolean_perE; keyword-screen passes=2; total-results=153446; relevant (tier A/B) = none; adjacent tier C=1; contradicting=0
2026-10-06,federated search (limit 25),(net present value) AND (high-throughput phenotyping OR image-based phenotyping OR digital phenotyping OR smartphone phenotyping OR phenomics) AND (breeding simulation OR genetic gain OR breeding program),25,0,id=008; group=A_boolean_perE; keyword-screen passes=2; attempts=1; hits also in Crossref-direct top25=25/25; relevant (tier A/B) = none; adjacent tier C=1; contradicting=0
2026-10-06,"Crossref API (curl, rows=25)",(net present value) AND (high-throughput phenotyping OR image-based phenotyping OR digital phenotyping OR smartphone phenotyping OR phenomics) AND (breeding simulation OR genetic gain OR breeding program),25,0,id=008; group=A_boolean_perE; keyword-screen passes=2; total-results=25275; relevant (tier A/B) = none; adjacent tier C=1; contradicting=0
2026-10-06,federated search (limit 25),(cost-benefit) AND (high-throughput phenotyping OR image-based phenotyping OR digital phenotyping OR smartphone phenotyping OR phenomics) AND (breeding simulation OR genetic gain OR breeding program),25,0,id=009; group=A_boolean_perE; keyword-screen passes=2; attempts=1; hits also in Crossref-direct top25=25/25; relevant (tier A/B) = none; adjacent tier C=1; contradicting=0
2026-10-06,"Crossref API (curl, rows=25)",(cost-benefit) AND (high-throughput phenotyping OR image-based phenotyping OR digital phenotyping OR smartphone phenotyping OR phenomics) AND (breeding simulation OR genetic gain OR breeding program),25,0,id=009; group=A_boolean_perE; keyword-screen passes=2; total-results=146010; relevant (tier A/B) = none; adjacent tier C=1; contradicting=0
2026-10-06,federated search (limit 25),(return on investment) AND (high-throughput phenotyping OR image-based phenotyping OR digital phenotyping OR smartphone phenotyping OR phenomics) AND (breeding simulation OR genetic gain OR breeding program),25,0,id=010; group=A_boolean_perE; keyword-screen passes=2; attempts=1; hits also in Crossref-direct top25=25/25; relevant (tier A/B) = none; adjacent tier C=1; contradicting=0
2026-10-06,"Crossref API (curl, rows=25)",(return on investment) AND (high-throughput phenotyping OR image-based phenotyping OR digital phenotyping OR smartphone phenotyping OR phenomics) AND (breeding simulation OR genetic gain OR breeding program),25,0,id=010; group=A_boolean_perE; keyword-screen passes=2; total-results=137989; relevant (tier A/B) = none; adjacent tier C=1; contradicting=0
2026-10-06,federated search (limit 25),(value of information) AND (high-throughput phenotyping OR image-based phenotyping OR digital phenotyping OR smartphone phenotyping OR phenomics) AND (breeding simulation OR genetic gain OR breeding program),25,0,id=011; group=A_boolean_perE; keyword-screen passes=2; attempts=1; hits also in Crossref-direct top25=25/25; relevant (tier A/B) = none; adjacent tier C=1; contradicting=0
2026-10-06,"Crossref API (curl, rows=25)",(value of information) AND (high-throughput phenotyping OR image-based phenotyping OR digital phenotyping OR smartphone phenotyping OR phenomics) AND (breeding simulation OR genetic gain OR breeding program),25,0,id=011; group=A_boolean_perE; keyword-screen passes=2; total-results=220837; relevant (tier A/B) = none; adjacent tier C=1; contradicting=0
2026-10-06,federated search (limit 25),(EVPPI) AND (high-throughput phenotyping OR image-based phenotyping OR digital phenotyping OR smartphone phenotyping OR phenomics) AND (breeding simulation OR genetic gain OR breeding program),25,0,id=012; group=A_boolean_perE; keyword-screen passes=2; attempts=1; hits also in Crossref-direct top25=25/25; relevant (tier A/B) = none; adjacent tier C=1; contradicting=0
2026-10-06,"Crossref API (curl, rows=25)",(EVPPI) AND (high-throughput phenotyping OR image-based phenotyping OR digital phenotyping OR smartphone phenotyping OR phenomics) AND (breeding simulation OR genetic gain OR breeding program),25,0,id=012; group=A_boolean_perE; keyword-screen passes=2; total-results=135398; relevant (tier A/B) = none; adjacent tier C=1; contradicting=0
2026-10-06,federated search (limit 25),economic value high-throughput phenotyping breeding,25,1,id=013; group=B_E_x_P; keyword-screen passes=8; attempts=1; hits also in Crossref-direct top25=0/25; relevant (tier A/B) = Barrett2022-ryegrass (10.33584/jnzg.2021.83.3510); adjacent tier C=0; contradicting=0
2026-10-06,"Crossref API (curl, rows=25)",economic value high-throughput phenotyping breeding,25,0,id=013; group=B_E_x_P; keyword-screen passes=3; total-results=5669114; relevant (tier A/B) = none; adjacent tier C=1; contradicting=0
2026-10-06,federated search (limit 25),economic value image-based phenotyping breeding,25,0,"id=014; group=B_E_x_P; keyword-screen passes=2; attempts=2 (first attempt empty/invalid, backend flake; re-run until non-empty); hits also in Crossref-direct top25=25/25; relevant (tier A/B) = none; adjacent tier C=1; contradicting=0"
2026-10-06,"Crossref API (curl, rows=25)",economic value image-based phenotyping breeding,25,0,id=014; group=B_E_x_P; keyword-screen passes=2; total-results=9804601; relevant (tier A/B) = none; adjacent tier C=1; contradicting=0
2026-10-06,federated search (limit 25),economic value digital phenotyping breeding,25,0,id=015; group=B_E_x_P; keyword-screen passes=2; attempts=1; hits also in Crossref-direct top25=25/25; relevant (tier A/B) = none; adjacent tier C=0; contradicting=0
2026-10-06,"Crossref API (curl, rows=25)",economic value digital phenotyping breeding,25,0,id=015; group=B_E_x_P; keyword-screen passes=2; total-results=3678576; relevant (tier A/B) = none; adjacent tier C=0; contradicting=0
2026-10-06,federated search (limit 25),economic value smartphone phenotyping breeding,25,0,"id=016; group=B_E_x_P; keyword-screen passes=2; attempts=2 (first attempt empty/invalid, backend flake; re-run until non-empty); hits also in Crossref-direct top25=25/25; relevant (tier A/B) = none; adjacent tier C=0; contradicting=0"
2026-10-06,"Crossref API (curl, rows=25)",economic value smartphone phenotyping breeding,25,0,id=016; group=B_E_x_P; keyword-screen passes=2; total-results=2434803; relevant (tier A/B) = none; adjacent tier C=0; contradicting=0
2026-10-06,federated search (limit 25),economic value phenomics breeding,25,0,id=017; group=B_E_x_P; keyword-screen passes=0; attempts=1; hits also in Crossref-direct top25=25/25; relevant (tier A/B) = none; adjacent tier C=1; contradicting=0
2026-10-06,"Crossref API (curl, rows=25)",economic value phenomics breeding,25,0,id=017; group=B_E_x_P; keyword-screen passes=0; total-results=2370692; relevant (tier A/B) = none; adjacent tier C=1; contradicting=0
2026-10-06,federated search (limit 25),net present value high-throughput phenotyping breeding,25,0,id=018; group=B_E_x_P; keyword-screen passes=3; attempts=1; hits also in Crossref-direct top25=25/25; relevant (tier A/B) = none; adjacent tier C=1; contradicting=0
2026-10-06,"Crossref API (curl, rows=25)",net present value high-throughput phenotyping breeding,25,0,id=018; group=B_E_x_P; keyword-screen passes=3; total-results=4607398; relevant (tier A/B) = none; adjacent tier C=1; contradicting=0
2026-10-06,federated search (limit 25),net present value image-based phenotyping breeding,25,0,id=019; group=B_E_x_P; keyword-screen passes=0; attempts=1; hits also in Crossref-direct top25=25/25; relevant (tier A/B) = none; adjacent tier C=0; contradicting=0
2026-10-06,"Crossref API (curl, rows=25)",net present value image-based phenotyping breeding,25,0,id=019; group=B_E_x_P; keyword-screen passes=0; total-results=8754547; relevant (tier A/B) = none; adjacent tier C=0; contradicting=0
2026-10-06,federated search (limit 25),net present value digital phenotyping breeding,25,0,id=020; group=B_E_x_P; keyword-screen passes=1; attempts=1; hits also in Crossref-direct top25=25/25; relevant (tier A/B) = none; adjacent tier C=0; contradicting=0
2026-10-06,"Crossref API (curl, rows=25)",net present value digital phenotyping breeding,25,0,id=020; group=B_E_x_P; keyword-screen passes=1; total-results=2630576; relevant (tier A/B) = none; adjacent tier C=0; contradicting=0
2026-10-06,federated search (limit 25),net present value smartphone phenotyping breeding,25,0,id=021; group=B_E_x_P; keyword-screen passes=0; attempts=1; hits also in Crossref-direct top25=25/25; relevant (tier A/B) = none; adjacent tier C=0; contradicting=0
2026-10-06,"Crossref API (curl, rows=25)",net present value smartphone phenotyping breeding,25,0,id=021; group=B_E_x_P; keyword-screen passes=0; total-results=1367315; relevant (tier A/B) = none; adjacent tier C=0; contradicting=0
2026-10-06,federated search (limit 25),net present value phenomics breeding,25,0,id=022; group=B_E_x_P; keyword-screen passes=0; attempts=1; hits also in Crossref-direct top25=25/25; relevant (tier A/B) = none; adjacent tier C=0; contradicting=0
2026-10-06,"Crossref API (curl, rows=25)",net present value phenomics breeding,25,0,id=022; group=B_E_x_P; keyword-screen passes=0; total-results=1303080; relevant (tier A/B) = none; adjacent tier C=0; contradicting=0
2026-10-06,federated search (limit 25),cost-benefit high-throughput phenotyping breeding,25,0,id=023; group=B_E_x_P; keyword-screen passes=2; attempts=1; hits also in Crossref-direct top25=25/25; relevant (tier A/B) = none; adjacent tier C=1; contradicting=0
2026-10-06,"Crossref API (curl, rows=25)",cost-benefit high-throughput phenotyping breeding,25,0,id=023; group=B_E_x_P; keyword-screen passes=2; total-results=4004442; relevant (tier A/B) = none; adjacent tier C=1; contradicting=0
2026-10-06,federated search (limit 25),cost-benefit image-based phenotyping breeding,25,0,id=024; group=B_E_x_P; keyword-screen passes=3; attempts=1; hits also in Crossref-direct top25=25/25; relevant (tier A/B) = none; adjacent tier C=1; contradicting=0
2026-10-06,"Crossref API (curl, rows=25)",cost-benefit image-based phenotyping breeding,25,0,id=024; group=B_E_x_P; keyword-screen passes=3; total-results=8180584; relevant (tier A/B) = none; adjacent tier C=1; contradicting=0
2026-10-06,federated search (limit 25),cost-benefit digital phenotyping breeding,25,0,id=025; group=B_E_x_P; keyword-screen passes=3; attempts=1; hits also in Crossref-direct top25=25/25; relevant (tier A/B) = none; adjacent tier C=0; contradicting=0
2026-10-06,"Crossref API (curl, rows=25)",cost-benefit digital phenotyping breeding,25,0,id=025; group=B_E_x_P; keyword-screen passes=3; total-results=2032649; relevant (tier A/B) = none; adjacent tier C=0; contradicting=0
2026-10-06,federated search (limit 25),cost-benefit smartphone phenotyping breeding,25,0,id=026; group=B_E_x_P; keyword-screen passes=1; attempts=1; hits also in Crossref-direct top25=23/25; relevant (tier A/B) = none; adjacent tier C=0; contradicting=0
2026-10-06,"Crossref API (curl, rows=25)",cost-benefit smartphone phenotyping breeding,25,0,id=026; group=B_E_x_P; keyword-screen passes=1; total-results=761740; relevant (tier A/B) = none; adjacent tier C=0; contradicting=0
2026-10-06,federated search (limit 25),cost-benefit phenomics breeding,25,0,id=027; group=B_E_x_P; keyword-screen passes=0; attempts=1; hits also in Crossref-direct top25=25/25; relevant (tier A/B) = none; adjacent tier C=0; contradicting=0
2026-10-06,"Crossref API (curl, rows=25)",cost-benefit phenomics breeding,25,0,id=027; group=B_E_x_P; keyword-screen passes=0; total-results=697799; relevant (tier A/B) = none; adjacent tier C=0; contradicting=0
2026-10-06,federated search (limit 25),return on investment high-throughput phenotyping breeding,25,0,id=028; group=B_E_x_P; keyword-screen passes=3; attempts=1; hits also in Crossref-direct top25=25/25; relevant (tier A/B) = none; adjacent tier C=1; contradicting=0
2026-10-06,"Crossref API (curl, rows=25)",return on investment high-throughput phenotyping breeding,25,0,id=028; group=B_E_x_P; keyword-screen passes=3; total-results=3799898; relevant (tier A/B) = none; adjacent tier C=1; contradicting=0
2026-10-06,federated search (limit 25),return on investment image-based phenotyping breeding,25,1,id=029; group=B_E_x_P; keyword-screen passes=3; attempts=1; hits also in Crossref-direct top25=25/25; relevant (tier A/B) = Obsteter2020-preprint (10.1101/2020.08.16.252841); adjacent tier C=1; contradicting=0
2026-10-06,"Crossref API (curl, rows=25)",return on investment image-based phenotyping breeding,25,1,id=029; group=B_E_x_P; keyword-screen passes=3; total-results=7988652; relevant (tier A/B) = Obsteter2020-preprint (10.1101/2020.08.16.252841); adjacent tier C=1; contradicting=0
2026-10-06,federated search (limit 25),return on investment digital phenotyping breeding,25,1,id=030; group=B_E_x_P; keyword-screen passes=3; attempts=1; hits also in Crossref-direct top25=25/25; relevant (tier A/B) = Obsteter2020-preprint (10.1101/2020.08.16.252841); adjacent tier C=0; contradicting=0
2026-10-06,"Crossref API (curl, rows=25)",return on investment digital phenotyping breeding,25,1,id=030; group=B_E_x_P; keyword-screen passes=3; total-results=1807161; relevant (tier A/B) = Obsteter2020-preprint (10.1101/2020.08.16.252841); adjacent tier C=0; contradicting=0
2026-10-06,federated search (limit 25),return on investment smartphone phenotyping breeding,25,1,id=031; group=B_E_x_P; keyword-screen passes=1; attempts=1; hits also in Crossref-direct top25=25/25; relevant (tier A/B) = Obsteter2020-preprint (10.1101/2020.08.16.252841); adjacent tier C=0; contradicting=0
2026-10-06,"Crossref API (curl, rows=25)",return on investment smartphone phenotyping breeding,25,1,id=031; group=B_E_x_P; keyword-screen passes=1; total-results=535377; relevant (tier A/B) = Obsteter2020-preprint (10.1101/2020.08.16.252841); adjacent tier C=0; contradicting=0
2026-10-06,federated search (limit 25),return on investment phenomics breeding,25,0,id=032; group=B_E_x_P; keyword-screen passes=0; attempts=1; hits also in Crossref-direct top25=25/25; relevant (tier A/B) = none; adjacent tier C=1; contradicting=0
2026-10-06,"Crossref API (curl, rows=25)",return on investment phenomics breeding,25,0,id=032; group=B_E_x_P; keyword-screen passes=0; total-results=470821; relevant (tier A/B) = none; adjacent tier C=1; contradicting=0
2026-10-06,federated search (limit 25),value of information high-throughput phenotyping breeding,25,0,id=033; group=B_E_x_P; keyword-screen passes=2; attempts=1; hits also in Crossref-direct top25=24/25; relevant (tier A/B) = none; adjacent tier C=1; contradicting=0
2026-10-06,"Crossref API (curl, rows=25)",value of information high-throughput phenotyping breeding,25,0,id=033; group=B_E_x_P; keyword-screen passes=2; total-results=7801459; relevant (tier A/B) = none; adjacent tier C=1; contradicting=0
2026-10-06,federated search (limit 25),value of information image-based phenotyping breeding,25,0,"id=034; group=B_E_x_P; keyword-screen passes=2; attempts=2 (first attempt empty/invalid, backend flake; re-run until non-empty); hits also in Crossref-direct top25=25/25; relevant (tier A/B) = none; adjacent tier C=1; contradicting=0"
2026-10-06,"Crossref API (curl, rows=25)",value of information image-based phenotyping breeding,25,0,id=034; group=B_E_x_P; keyword-screen passes=2; total-results=11569489; relevant (tier A/B) = none; adjacent tier C=1; contradicting=0
2026-10-06,federated search (limit 25),value of information digital phenotyping breeding,25,0,"id=035; group=B_E_x_P; keyword-screen passes=2; attempts=2 (first attempt empty/invalid, backend flake; re-run until non-empty); hits also in Crossref-direct top25=25/25; relevant (tier A/B) = none; adjacent tier C=0; contradicting=0"
2026-10-06,"Crossref API (curl, rows=25)",value of information digital phenotyping breeding,25,0,id=035; group=B_E_x_P; keyword-screen passes=2; total-results=5831647; relevant (tier A/B) = none; adjacent tier C=0; contradicting=0
2026-10-06,federated search (limit 25),value of information smartphone phenotyping breeding,25,0,id=036; group=B_E_x_P; keyword-screen passes=2; attempts=1; hits also in Crossref-direct top25=25/25; relevant (tier A/B) = none; adjacent tier C=0; contradicting=0
2026-10-06,"Crossref API (curl, rows=25)",value of information smartphone phenotyping breeding,25,0,id=036; group=B_E_x_P; keyword-screen passes=2; total-results=4639576; relevant (tier A/B) = none; adjacent tier C=0; contradicting=0
2026-10-06,federated search (limit 25),value of information phenomics breeding,25,0,id=037; group=B_E_x_P; keyword-screen passes=0; attempts=1; hits also in Crossref-direct top25=25/25; relevant (tier A/B) = none; adjacent tier C=1; contradicting=0
2026-10-06,"Crossref API (curl, rows=25)",value of information phenomics breeding,25,0,id=037; group=B_E_x_P; keyword-screen passes=0; total-results=4578196; relevant (tier A/B) = none; adjacent tier C=1; contradicting=0
2026-10-06,federated search (limit 25),EVPPI high-throughput phenotyping breeding,25,0,"id=038; group=B_E_x_P; keyword-screen passes=3; attempts=2 (first attempt empty/invalid, backend flake; re-run until non-empty); hits also in Crossref-direct top25=25/25; relevant (tier A/B) = none; adjacent tier C=1; contradicting=0"
2026-10-06,"Crossref API (curl, rows=25)",EVPPI high-throughput phenotyping breeding,25,0,id=038; group=B_E_x_P; keyword-screen passes=3; total-results=3478516; relevant (tier A/B) = none; adjacent tier C=1; contradicting=0
2026-10-06,federated search (limit 25),EVPPI image-based phenotyping breeding,25,0,"id=039; group=B_E_x_P; keyword-screen passes=2; attempts=2 (first attempt empty/invalid, backend flake; re-run until non-empty); hits also in Crossref-direct top25=25/25; relevant (tier A/B) = none; adjacent tier C=1; contradicting=0"
2026-10-06,"Crossref API (curl, rows=25)",EVPPI image-based phenotyping breeding,25,0,id=039; group=B_E_x_P; keyword-screen passes=2; total-results=7674613; relevant (tier A/B) = none; adjacent tier C=1; contradicting=0
2026-10-06,federated search (limit 25),EVPPI digital phenotyping breeding,25,0,id=040; group=B_E_x_P; keyword-screen passes=2; attempts=1; hits also in Crossref-direct top25=25/25; relevant (tier A/B) = none; adjacent tier C=0; contradicting=0
2026-10-06,"Crossref API (curl, rows=25)",EVPPI digital phenotyping breeding,25,0,id=040; group=B_E_x_P; keyword-screen passes=2; total-results=1485905; relevant (tier A/B) = none; adjacent tier C=0; contradicting=0
2026-10-06,federated search (limit 25),EVPPI smartphone phenotyping breeding,25,0,"id=041; group=B_E_x_P; keyword-screen passes=2; attempts=2 (first attempt empty/invalid, backend flake; re-run until non-empty); hits also in Crossref-direct top25=25/25; relevant (tier A/B) = none; adjacent tier C=0; contradicting=0"
2026-10-06,"Crossref API (curl, rows=25)",EVPPI smartphone phenotyping breeding,25,0,id=041; group=B_E_x_P; keyword-screen passes=2; total-results=209817; relevant (tier A/B) = none; adjacent tier C=0; contradicting=0
2026-10-06,federated search (limit 25),EVPPI phenomics breeding,25,0,id=042; group=B_E_x_P; keyword-screen passes=0; attempts=1; hits also in Crossref-direct top25=25/25; relevant (tier A/B) = none; adjacent tier C=1; contradicting=0
2026-10-06,"Crossref API (curl, rows=25)",EVPPI phenomics breeding,25,0,id=042; group=B_E_x_P; keyword-screen passes=0; total-results=145227; relevant (tier A/B) = none; adjacent tier C=1; contradicting=0
2026-10-06,federated search (limit 25),economic value breeding simulation phenotyping,25,0,"id=043; group=C_E_x_B; keyword-screen passes=4; attempts=2 (first attempt empty/invalid, backend flake; re-run until non-empty); hits also in Crossref-direct top25=25/25; relevant (tier A/B) = none; adjacent tier C=1; contradicting=0"
2026-10-06,"Crossref API (curl, rows=25)",economic value breeding simulation phenotyping,25,0,id=043; group=C_E_x_B; keyword-screen passes=4; total-results=3360825; relevant (tier A/B) = none; adjacent tier C=1; contradicting=0
2026-10-06,federated search (limit 25),economic value genetic gain,25,0,id=044; group=C_E_x_B; keyword-screen passes=1; attempts=1; hits also in Crossref-direct top25=25/25; relevant (tier A/B) = none; adjacent tier C=0; contradicting=0
2026-10-06,"Crossref API (curl, rows=25)",economic value genetic gain,25,0,id=044; group=C_E_x_B; keyword-screen passes=1; total-results=3025072; relevant (tier A/B) = none; adjacent tier C=0; contradicting=0
2026-10-06,federated search (limit 25),economic value breeding program,25,1,id=045; group=C_E_x_B; keyword-screen passes=1; attempts=1; hits also in Crossref-direct top25=25/25; relevant (tier A/B) = WheatQualityTesting1991 (10.1111/j.1439-0523.1991.tb00491.x); adjacent tier C=0; contradicting=0
2026-10-06,"Crossref API (curl, rows=25)",economic value breeding program,25,1,id=045; group=C_E_x_B; keyword-screen passes=1; total-results=4780894; relevant (tier A/B) = WheatQualityTesting1991 (10.1111/j.1439-0523.1991.tb00491.x); adjacent tier C=0; contradicting=0
2026-10-06,federated search (limit 25),net present value breeding simulation phenotyping,25,0,id=046; group=C_E_x_B; keyword-screen passes=0; attempts=1; hits also in Crossref-direct top25=25/25; relevant (tier A/B) = none; adjacent tier C=0; contradicting=0
2026-10-06,"Crossref API (curl, rows=25)",net present value breeding simulation phenotyping,25,0,id=046; group=C_E_x_B; keyword-screen passes=0; total-results=2295714; relevant (tier A/B) = none; adjacent tier C=0; contradicting=0
2026-10-06,federated search (limit 25),net present value genetic gain,25,0,id=047; group=C_E_x_B; keyword-screen passes=0; attempts=1; hits also in Crossref-direct top25=25/25; relevant (tier A/B) = none; adjacent tier C=0; contradicting=0
2026-10-06,"Crossref API (curl, rows=25)",net present value genetic gain,25,0,id=047; group=C_E_x_B; keyword-screen passes=0; total-results=1957805; relevant (tier A/B) = none; adjacent tier C=0; contradicting=0
2026-10-06,federated search (limit 25),net present value breeding program,25,0,"id=048; group=C_E_x_B; keyword-screen passes=0; attempts=2 (first attempt empty/invalid, backend flake; re-run until non-empty); hits also in Crossref-direct top25=25/25; relevant (tier A/B) = none; adjacent tier C=0; contradicting=0"
2026-10-06,"Crossref API (curl, rows=25)",net present value breeding program,25,0,id=048; group=C_E_x_B; keyword-screen passes=0; total-results=3721635; relevant (tier A/B) = none; adjacent tier C=0; contradicting=0
2026-10-06,federated search (limit 25),cost-benefit breeding simulation phenotyping,25,0,"id=049; group=C_E_x_B; keyword-screen passes=2; attempts=2 (first attempt empty/invalid, backend flake; re-run until non-empty); hits also in Crossref-direct top25=25/25; relevant (tier A/B) = none; adjacent tier C=1; contradicting=0"
2026-10-06,"Crossref API (curl, rows=25)",cost-benefit breeding simulation phenotyping,25,0,id=049; group=C_E_x_B; keyword-screen passes=2; total-results=1690997; relevant (tier A/B) = none; adjacent tier C=1; contradicting=0
2026-10-06,federated search (limit 25),cost-benefit genetic gain,25,0,"id=050; group=C_E_x_B; keyword-screen passes=0; attempts=2 (first attempt empty/invalid, backend flake; re-run until non-empty); hits also in Crossref-direct top25=25/25; relevant (tier A/B) = none; adjacent tier C=0; contradicting=0"
2026-10-06,"Crossref API (curl, rows=25)",cost-benefit genetic gain,25,0,id=050; group=C_E_x_B; keyword-screen passes=0; total-results=1352426; relevant (tier A/B) = none; adjacent tier C=0; contradicting=0
2026-10-06,federated search (limit 25),cost-benefit breeding program,25,0,id=051; group=C_E_x_B; keyword-screen passes=0; attempts=1; hits also in Crossref-direct top25=24/25; relevant (tier A/B) = none; adjacent tier C=0; contradicting=0
2026-10-06,"Crossref API (curl, rows=25)",cost-benefit breeding program,25,0,id=051; group=C_E_x_B; keyword-screen passes=0; total-results=3119890; relevant (tier A/B) = none; adjacent tier C=0; contradicting=0
2026-10-06,federated search (limit 25),return on investment breeding simulation phenotyping,25,1,"id=052; group=C_E_x_B; keyword-screen passes=2; attempts=2 (first attempt empty/invalid, backend flake; re-run until non-empty); hits also in Crossref-direct top25=24/25; relevant (tier A/B) = Obsteter2020-preprint (10.1101/2020.08.16.252841); adjacent tier C=1; contradicting=0"
2026-10-06,"Crossref API (curl, rows=25)",return on investment breeding simulation phenotyping,25,1,id=052; group=C_E_x_B; keyword-screen passes=2; total-results=1467659; relevant (tier A/B) = Obsteter2020-preprint (10.1101/2020.08.16.252841); adjacent tier C=1; contradicting=0
2026-10-06,federated search (limit 25),return on investment genetic gain,25,0,id=053; group=C_E_x_B; keyword-screen passes=0; attempts=1; hits also in Crossref-direct top25=25/25; relevant (tier A/B) = none; adjacent tier C=0; contradicting=0
2026-10-06,"Crossref API (curl, rows=25)",return on investment genetic gain,25,0,id=053; group=C_E_x_B; keyword-screen passes=0; total-results=1127874; relevant (tier A/B) = none; adjacent tier C=0; contradicting=0
2026-10-06,federated search (limit 25),return on investment breeding program,25,0,id=054; group=C_E_x_B; keyword-screen passes=0; attempts=1; hits also in Crossref-direct top25=25/25; relevant (tier A/B) = none; adjacent tier C=0; contradicting=0
2026-10-06,"Crossref API (curl, rows=25)",return on investment breeding program,25,0,id=054; group=C_E_x_B; keyword-screen passes=0; total-results=2902449; relevant (tier A/B) = none; adjacent tier C=0; contradicting=0
2026-10-06,federated search (limit 25),value of information breeding simulation phenotyping,25,0,id=055; group=C_E_x_B; keyword-screen passes=3; attempts=1; hits also in Crossref-direct top25=25/25; relevant (tier A/B) = none; adjacent tier C=1; contradicting=0
2026-10-06,"Crossref API (curl, rows=25)",value of information breeding simulation phenotyping,25,0,id=055; group=C_E_x_B; keyword-screen passes=3; total-results=5544119; relevant (tier A/B) = none; adjacent tier C=1; contradicting=0
2026-10-06,federated search (limit 25),value of information genetic gain,25,0,id=056; group=C_E_x_B; keyword-screen passes=1; attempts=1; hits also in Crossref-direct top25=25/25; relevant (tier A/B) = none; adjacent tier C=0; contradicting=0
2026-10-06,"Crossref API (curl, rows=25)",value of information genetic gain,25,0,id=056; group=C_E_x_B; keyword-screen passes=1; total-results=5218308; relevant (tier A/B) = none; adjacent tier C=0; contradicting=0
2026-10-06,federated search (limit 25),value of information breeding program,25,0,"id=057; group=C_E_x_B; keyword-screen passes=0; attempts=2 (first attempt empty/invalid, backend flake; re-run until non-empty); hits also in Crossref-direct top25=25/25; relevant (tier A/B) = none; adjacent tier C=0; contradicting=0"
2026-10-06,"Crossref API (curl, rows=25)",value of information breeding program,25,0,id=057; group=C_E_x_B; keyword-screen passes=0; total-results=6948575; relevant (tier A/B) = none; adjacent tier C=0; contradicting=0
2026-10-06,federated search (limit 25),EVPPI breeding simulation phenotyping,25,0,id=058; group=C_E_x_B; keyword-screen passes=3; attempts=1; hits also in Crossref-direct top25=25/25; relevant (tier A/B) = none; adjacent tier C=1; contradicting=0
2026-10-06,"Crossref API (curl, rows=25)",EVPPI breeding simulation phenotyping,25,0,id=058; group=C_E_x_B; keyword-screen passes=3; total-results=1143231; relevant (tier A/B) = none; adjacent tier C=1; contradicting=0
2026-10-06,federated search (limit 25),EVPPI genetic gain,25,0,id=059; group=C_E_x_B; keyword-screen passes=2; attempts=1; hits also in Crossref-direct top25=25/25; relevant (tier A/B) = none; adjacent tier C=0; contradicting=0
2026-10-06,"Crossref API (curl, rows=25)",EVPPI genetic gain,25,0,id=059; group=C_E_x_B; keyword-screen passes=2; total-results=802810; relevant (tier A/B) = none; adjacent tier C=0; contradicting=0
2026-10-06,federated search (limit 25),EVPPI breeding program,25,1,id=060; group=C_E_x_B; keyword-screen passes=3; attempts=1; hits also in Crossref-direct top25=24/25; relevant (tier A/B) = Peixoto-thesis (10.47328/ufvbbt.2023.135); adjacent tier C=0; contradicting=0
2026-10-06,"Crossref API (curl, rows=25)",EVPPI breeding program,25,1,id=060; group=C_E_x_B; keyword-screen passes=3; total-results=2581539; relevant (tier A/B) = Peixoto-thesis (10.47328/ufvbbt.2023.135); adjacent tier C=0; contradicting=0
2026-10-06,federated search (limit 25),high-throughput phenotyping breeding simulation,25,0,id=061; group=D_P_x_B; keyword-screen passes=3; attempts=1; hits also in Crossref-direct top25=25/25; relevant (tier A/B) = none; adjacent tier C=1; contradicting=0
2026-10-06,"Crossref API (curl, rows=25)",high-throughput phenotyping breeding simulation,25,0,id=061; group=D_P_x_B; keyword-screen passes=3; total-results=4424499; relevant (tier A/B) = none; adjacent tier C=1; contradicting=0
2026-10-06,federated search (limit 25),high-throughput phenotyping genetic gain,25,0,"id=062; group=D_P_x_B; keyword-screen passes=1; attempts=2 (first attempt empty/invalid, backend flake; re-run until non-empty); hits also in Crossref-direct top25=25/25; relevant (tier A/B) = none; adjacent tier C=1; contradicting=0"
2026-10-06,"Crossref API (curl, rows=25)",high-throughput phenotyping genetic gain,25,0,id=062; group=D_P_x_B; keyword-screen passes=1; total-results=4109617; relevant (tier A/B) = none; adjacent tier C=1; contradicting=0
2026-10-06,federated search (limit 25),high-throughput phenotyping breeding program,25,0,id=063; group=D_P_x_B; keyword-screen passes=3; attempts=1; hits also in Crossref-direct top25=25/25; relevant (tier A/B) = none; adjacent tier C=1; contradicting=0
2026-10-06,"Crossref API (curl, rows=25)",high-throughput phenotyping breeding program,25,0,id=063; group=D_P_x_B; keyword-screen passes=3; total-results=5750378; relevant (tier A/B) = none; adjacent tier C=1; contradicting=0
2026-10-06,federated search (limit 25),image-based phenotyping breeding simulation,25,0,"id=064; group=D_P_x_B; keyword-screen passes=2; attempts=2 (first attempt empty/invalid, backend flake; re-run until non-empty); hits also in Crossref-direct top25=25/25; relevant (tier A/B) = none; adjacent tier C=1; contradicting=0"
2026-10-06,"Crossref API (curl, rows=25)",image-based phenotyping breeding simulation,25,0,id=064; group=D_P_x_B; keyword-screen passes=2; total-results=8523019; relevant (tier A/B) = none; adjacent tier C=1; contradicting=0
2026-10-06,federated search (limit 25),image-based phenotyping genetic gain,25,0,id=065; group=D_P_x_B; keyword-screen passes=2; attempts=1; hits also in Crossref-direct top25=25/25; relevant (tier A/B) = none; adjacent tier C=1; contradicting=0
2026-10-06,"Crossref API (curl, rows=25)",image-based phenotyping genetic gain,25,0,id=065; group=D_P_x_B; keyword-screen passes=2; total-results=8274639; relevant (tier A/B) = none; adjacent tier C=1; contradicting=0
2026-10-06,federated search (limit 25),image-based phenotyping breeding program,25,1,"id=066; group=D_P_x_B; keyword-screen passes=3; attempts=3 (first attempt empty/invalid, backend flake; re-run until non-empty); hits also in Crossref-direct top25=25/25; relevant (tier A/B) = Obsteter2020-preprint (10.1101/2020.08.16.252841); adjacent tier C=1; contradicting=0"
2026-10-06,"Crossref API (curl, rows=25)",image-based phenotyping breeding program,25,1,id=066; group=D_P_x_B; keyword-screen passes=3; total-results=9808940; relevant (tier A/B) = Obsteter2020-preprint (10.1101/2020.08.16.252841); adjacent tier C=1; contradicting=0
2026-10-06,federated search (limit 25),digital phenotyping breeding simulation,25,0,id=067; group=D_P_x_B; keyword-screen passes=4; attempts=1; hits also in Crossref-direct top25=25/25; relevant (tier A/B) = none; adjacent tier C=1; contradicting=0
2026-10-06,"Crossref API (curl, rows=25)",digital phenotyping breeding simulation,25,0,id=067; group=D_P_x_B; keyword-screen passes=4; total-results=2456638; relevant (tier A/B) = none; adjacent tier C=1; contradicting=0
2026-10-06,federated search (limit 25),digital phenotyping genetic gain,25,0,id=068; group=D_P_x_B; keyword-screen passes=2; attempts=1; hits also in Crossref-direct top25=25/25; relevant (tier A/B) = none; adjacent tier C=1; contradicting=0
2026-10-06,"Crossref API (curl, rows=25)",digital phenotyping genetic gain,25,0,id=068; group=D_P_x_B; keyword-screen passes=2; total-results=2142093; relevant (tier A/B) = none; adjacent tier C=1; contradicting=0
2026-10-06,federated search (limit 25),digital phenotyping breeding program,25,1,id=069; group=D_P_x_B; keyword-screen passes=4; attempts=1; hits also in Crossref-direct top25=25/25; relevant (tier A/B) = Obsteter2020-preprint (10.1101/2020.08.16.252841); adjacent tier C=1; contradicting=0
2026-10-06,"Crossref API (curl, rows=25)",digital phenotyping breeding program,25,1,id=069; group=D_P_x_B; keyword-screen passes=4; total-results=3902096; relevant (tier A/B) = Obsteter2020-preprint (10.1101/2020.08.16.252841); adjacent tier C=1; contradicting=0
2026-10-06,federated search (limit 25),smartphone phenotyping breeding simulation,25,0,id=070; group=D_P_x_B; keyword-screen passes=3; attempts=1; hits also in Crossref-direct top25=25/25; relevant (tier A/B) = none; adjacent tier C=1; contradicting=0
2026-10-06,"Crossref API (curl, rows=25)",smartphone phenotyping breeding simulation,25,0,id=070; group=D_P_x_B; keyword-screen passes=3; total-results=1193384; relevant (tier A/B) = none; adjacent tier C=1; contradicting=0
2026-10-06,federated search (limit 25),smartphone phenotyping genetic gain,25,0,id=071; group=D_P_x_B; keyword-screen passes=2; attempts=1; hits also in Crossref-direct top25=25/25; relevant (tier A/B) = none; adjacent tier C=2; contradicting=0
2026-10-06,"Crossref API (curl, rows=25)",smartphone phenotyping genetic gain,25,0,id=071; group=D_P_x_B; keyword-screen passes=2; total-results=869043; relevant (tier A/B) = none; adjacent tier C=2; contradicting=0
2026-10-06,federated search (limit 25),smartphone phenotyping breeding program,25,1,id=072; group=D_P_x_B; keyword-screen passes=4; attempts=1; hits also in Crossref-direct top25=25/25; relevant (tier A/B) = Obsteter2020-preprint (10.1101/2020.08.16.252841); adjacent tier C=1; contradicting=0
2026-10-06,"Crossref API (curl, rows=25)",smartphone phenotyping breeding program,25,1,id=072; group=D_P_x_B; keyword-screen passes=4; total-results=2646074; relevant (tier A/B) = Obsteter2020-preprint (10.1101/2020.08.16.252841); adjacent tier C=1; contradicting=0
2026-10-06,federated search (limit 25),phenomics breeding simulation,25,0,id=073; group=D_P_x_B; keyword-screen passes=0; attempts=1; hits also in Crossref-direct top25=25/25; relevant (tier A/B) = none; adjacent tier C=1; contradicting=0
2026-10-06,"Crossref API (curl, rows=25)",phenomics breeding simulation,25,0,id=073; group=D_P_x_B; keyword-screen passes=0; total-results=1128932; relevant (tier A/B) = none; adjacent tier C=1; contradicting=0
2026-10-06,federated search (limit 25),phenomics genetic gain,25,0,"id=074; group=D_P_x_B; keyword-screen passes=1; attempts=3 (first attempt empty/invalid, backend flake; re-run until non-empty); hits also in Crossref-direct top25=25/25; relevant (tier A/B) = none; adjacent tier C=1; contradicting=0"
2026-10-06,"Crossref API (curl, rows=25)",phenomics genetic gain,25,0,id=074; group=D_P_x_B; keyword-screen passes=1; total-results=804689; relevant (tier A/B) = none; adjacent tier C=1; contradicting=0
2026-10-06,federated search (limit 25),phenomics breeding program,25,0,"id=075; group=D_P_x_B; keyword-screen passes=0; attempts=2 (first attempt empty/invalid, backend flake; re-run until non-empty); hits also in Crossref-direct top25=25/25; relevant (tier A/B) = none; adjacent tier C=1; contradicting=0"
2026-10-06,"Crossref API (curl, rows=25)",phenomics breeding program,25,0,id=075; group=D_P_x_B; keyword-screen passes=0; total-results=2583125; relevant (tier A/B) = none; adjacent tier C=1; contradicting=0
2026-10-06,federated search (limit 25),value of information plant breeding,25,0,"id=076; group=E_named; keyword-screen passes=0; attempts=2 (first attempt empty/invalid, backend flake; re-run until non-empty); hits also in Crossref-direct top25=25/25; relevant (tier A/B) = none; adjacent tier C=0; contradicting=0"
2026-10-06,"Crossref API (curl, rows=25)",value of information plant breeding,25,0,id=076; group=E_named; keyword-screen passes=0; total-results=5745767; relevant (tier A/B) = none; adjacent tier C=0; contradicting=0
2026-10-06,federated search (limit 25),AlphaSimR economic,25,0,"id=077; group=E_named; keyword-screen passes=3; attempts=2 (first attempt empty/invalid, backend flake; re-run until non-empty); hits also in Crossref-direct top25=25/25; relevant (tier A/B) = none; adjacent tier C=3; contradicting=0"
2026-10-06,"Crossref API (curl, rows=25)",AlphaSimR economic,25,0,id=077; group=E_named; keyword-screen passes=3; total-results=1507359; relevant (tier A/B) = none; adjacent tier C=3; contradicting=0
2026-10-06,federated search (limit 25),phenotyping cost genetic gain simulation,25,1,id=078; group=E_named; keyword-screen passes=4; attempts=1; hits also in Crossref-direct top25=25/25; relevant (tier A/B) = Lorenz2013 (10.1534/g3.112.004911); adjacent tier C=1; contradicting=0
2026-10-06,"Crossref API (curl, rows=25)",phenotyping cost genetic gain simulation,25,1,id=078; group=E_named; keyword-screen passes=4; total-results=2257931; relevant (tier A/B) = Lorenz2013 (10.1534/g3.112.004911); adjacent tier C=1; contradicting=0
2026-10-06,federated search (limit 25),EVPPI plant breeding,25,0,id=079; group=F_extra; keyword-screen passes=0; attempts=1; hits also in Crossref-direct top25=25/25; relevant (tier A/B) = none; adjacent tier C=0; contradicting=0
2026-10-06,"Crossref API (curl, rows=25)",EVPPI plant breeding,25,0,id=079; group=F_extra; keyword-screen passes=0; total-results=1325550; relevant (tier A/B) = none; adjacent tier C=0; contradicting=0
2026-10-06,federated search (limit 25),expected value of perfect information crop breeding investment,25,0,id=080; group=F_extra; keyword-screen passes=0; attempts=1; hits also in Crossref-direct top25=25/25; relevant (tier A/B) = none; adjacent tier C=0; contradicting=0
2026-10-06,"Crossref API (curl, rows=25)",expected value of perfect information crop breeding investment,25,0,id=080; group=F_extra; keyword-screen passes=0; total-results=5064406; relevant (tier A/B) = none; adjacent tier C=0; contradicting=0
2026-10-06,federated search (limit 25),value of information crop variety trials,25,0,id=081; group=F_extra; keyword-screen passes=0; attempts=1; hits also in Crossref-direct top25=25/25; relevant (tier A/B) = none; adjacent tier C=0; contradicting=0
2026-10-06,"Crossref API (curl, rows=25)",value of information crop variety trials,25,0,id=081; group=F_extra; keyword-screen passes=0; total-results=4954374; relevant (tier A/B) = none; adjacent tier C=0; contradicting=0
2026-10-06,federated search (limit 25),value of information phenotyping,25,0,id=082; group=F_extra; keyword-screen passes=0; attempts=1; hits also in Crossref-direct top25=25/25; relevant (tier A/B) = none; adjacent tier C=0; contradicting=0
2026-10-06,"Crossref API (curl, rows=25)",value of information phenotyping,25,0,id=082; group=F_extra; keyword-screen passes=0; total-results=4452951; relevant (tier A/B) = none; adjacent tier C=0; contradicting=0
2026-10-06,federated search (limit 25),global sensitivity analysis breeding program simulation,25,0,"id=083; group=F_extra; keyword-screen passes=0; attempts=3 (first attempt empty/invalid, backend flake; re-run until non-empty); hits also in Crossref-direct top25=25/25; relevant (tier A/B) = none; adjacent tier C=0; contradicting=0"
2026-10-06,"Crossref API (curl, rows=25)",global sensitivity analysis breeding program simulation,25,0,id=083; group=F_extra; keyword-screen passes=0; total-results=11541913; relevant (tier A/B) = none; adjacent tier C=0; contradicting=0
2026-10-06,federated search (limit 25),AlphaSimR phenotyping cost budget,25,0,"id=084; group=F_extra; keyword-screen passes=1; attempts=4 (first attempt empty/invalid, backend flake; re-run until non-empty); hits also in Crossref-direct top25=25/25; relevant (tier A/B) = none; adjacent tier C=1; contradicting=0"
2026-10-06,"Crossref API (curl, rows=25)",AlphaSimR phenotyping cost budget,25,0,id=084; group=F_extra; keyword-screen passes=1; total-results=548232; relevant (tier A/B) = none; adjacent tier C=1; contradicting=0
2026-10-06,federated search (limit 25),AlphaSimR phenotyping tool simulation genetic gain,25,0,id=085; group=F_extra; keyword-screen passes=2; attempts=1; hits also in Crossref-direct top25=25/25; relevant (tier A/B) = none; adjacent tier C=1; contradicting=0
2026-10-06,"Crossref API (curl, rows=25)",AlphaSimR phenotyping tool simulation genetic gain,25,0,id=085; group=F_extra; keyword-screen passes=2; total-results=2200322; relevant (tier A/B) = none; adjacent tier C=1; contradicting=0
2026-10-06,federated search (limit 25),stochastic simulation breeding program phenotyping cost budget optimization,25,2,id=086; group=F_extra; keyword-screen passes=4; attempts=1; hits also in Crossref-direct top25=25/25; relevant (tier A/B) = Hassanpour2024 (10.1093/g3journal/jkae248); Hassanpour2023 (10.1093/g3journal/jkad217); adjacent tier C=1; contradicting=0
2026-10-06,"Crossref API (curl, rows=25)",stochastic simulation breeding program phenotyping cost budget optimization,25,2,id=086; group=F_extra; keyword-screen passes=4; total-results=5233629; relevant (tier A/B) = Hassanpour2024 (10.1093/g3journal/jkae248); Hassanpour2023 (10.1093/g3journal/jkad217); adjacent tier C=1; contradicting=0
2026-10-06,federated search (limit 25),economic evaluation phenotyping platform breeding program,25,1,"id=087; group=F_extra; keyword-screen passes=2; attempts=2 (first attempt empty/invalid, backend flake; re-run until non-empty); hits also in Crossref-direct top25=25/25; relevant (tier A/B) = Obsteter2020-preprint (10.1101/2020.08.16.252841); adjacent tier C=1; contradicting=0"
2026-10-06,"Crossref API (curl, rows=25)",economic evaluation phenotyping platform breeding program,25,1,id=087; group=F_extra; keyword-screen passes=2; total-results=6353555; relevant (tier A/B) = Obsteter2020-preprint (10.1101/2020.08.16.252841); adjacent tier C=1; contradicting=0
2026-10-06,federated search (limit 25),cost-benefit analysis high-throughput phenotyping,25,0,"id=088; group=F_extra; keyword-screen passes=0; attempts=2 (first attempt empty/invalid, backend flake; re-run until non-empty); hits also in Crossref-direct top25=25/25; relevant (tier A/B) = none; adjacent tier C=0; contradicting=0"
2026-10-06,"Crossref API (curl, rows=25)",cost-benefit analysis high-throughput phenotyping,25,0,id=088; group=F_extra; keyword-screen passes=0; total-results=10194924; relevant (tier A/B) = none; adjacent tier C=0; contradicting=0
2026-10-06,federated search (limit 25),return on investment phenotyping breeding program,25,2,id=089; group=F_extra; keyword-screen passes=3; attempts=1; hits also in Crossref-direct top25=25/25; relevant (tier A/B) = Obsteter2020-preprint (10.1101/2020.08.16.252841); Obsteter2021 (10.3389/fgene.2021.637017); adjacent tier C=1; contradicting=0
2026-10-06,"Crossref API (curl, rows=25)",return on investment phenotyping breeding program,25,2,id=089; group=F_extra; keyword-screen passes=3; total-results=2918161; relevant (tier A/B) = Obsteter2020-preprint (10.1101/2020.08.16.252841); Obsteter2021 (10.3389/fgene.2021.637017); adjacent tier C=1; contradicting=0
2026-10-06,federated search (limit 25),adoption economics phenotyping technology breeding program,25,2,"id=090; group=F_extra; keyword-screen passes=2; attempts=4 (first attempt empty/invalid, backend flake; re-run until non-empty); hits also in Crossref-direct top25=25/25; relevant (tier A/B) = Obsteter2020-preprint (10.1101/2020.08.16.252841); Awada-chapter (10.1201/9781315177304-18); adjacent tier C=2; contradicting=0"
2026-10-06,"Crossref API (curl, rows=25)",adoption economics phenotyping technology breeding program,25,2,id=090; group=F_extra; keyword-screen passes=2; total-results=9899238; relevant (tier A/B) = Obsteter2020-preprint (10.1101/2020.08.16.252841); Awada-chapter (10.1201/9781315177304-18); adjacent tier C=2; contradicting=0
2026-10-06,federated search (limit 25),ex ante impact assessment phenotyping technology crop breeding,25,0,"id=091; group=F_extra; keyword-screen passes=1; attempts=2 (first attempt empty/invalid, backend flake; re-run until non-empty); hits also in Crossref-direct top25=9/25; relevant (tier A/B) = none; adjacent tier C=1; contradicting=0"
2026-10-06,"Crossref API (curl, rows=25)",ex ante impact assessment phenotyping technology crop breeding,25,0,id=091; group=F_extra; keyword-screen passes=0; total-results=10402673; relevant (tier A/B) = none; adjacent tier C=1; contradicting=0
2026-10-06,federated search (limit 25),AI phenotyping smallholder common bean breeding economic value,25,0,id=092; group=F_extra; keyword-screen passes=1; attempts=1; hits also in Crossref-direct top25=25/25; relevant (tier A/B) = none; adjacent tier C=0; contradicting=0
2026-10-06,"Crossref API (curl, rows=25)",AI phenotyping smallholder common bean breeding economic value,25,0,id=092; group=F_extra; keyword-screen passes=1; total-results=3427019; relevant (tier A/B) = none; adjacent tier C=0; contradicting=0
2026-10-06,federated search (limit 25),deep learning phenotyping economic value breeding program,25,1,id=093; group=F_extra; keyword-screen passes=4; attempts=1; hits also in Crossref-direct top25=25/25; relevant (tier A/B) = Obsteter2020-preprint (10.1101/2020.08.16.252841); adjacent tier C=1; contradicting=0
2026-10-06,"Crossref API (curl, rows=25)",deep learning phenotyping economic value breeding program,25,1,id=093; group=F_extra; keyword-screen passes=4; total-results=7835194; relevant (tier A/B) = Obsteter2020-preprint (10.1101/2020.08.16.252841); adjacent tier C=1; contradicting=0
2026-10-06,federated search (limit 25),net present value breeding program simulation genetic gain,25,0,id=094; group=F_extra; keyword-screen passes=0; attempts=1; hits also in Crossref-direct top25=25/25; relevant (tier A/B) = none; adjacent tier C=0; contradicting=0
2026-10-06,"Crossref API (curl, rows=25)",net present value breeding program simulation genetic gain,25,0,id=094; group=F_extra; keyword-screen passes=0; total-results=5438277; relevant (tier A/B) = none; adjacent tier C=0; contradicting=0
2026-10-06,federated search (limit 25),economic value of phenotyping accuracy selection response,25,0,id=095; group=F_extra; keyword-screen passes=2; attempts=1; hits also in Crossref-direct top25=25/25; relevant (tier A/B) = none; adjacent tier C=2; contradicting=0
2026-10-06,"Crossref API (curl, rows=25)",economic value of phenotyping accuracy selection response,25,0,id=095; group=F_extra; keyword-screen passes=2; total-results=4375561; relevant (tier A/B) = none; adjacent tier C=2; contradicting=0
2026-10-06,federated search (limit 25),phenotyping throughput versus accuracy genetic gain simulation,25,2,"id=096; group=F_extra; keyword-screen passes=3; attempts=2 (first attempt empty/invalid, backend flake; re-run until non-empty); hits also in Crossref-direct top25=25/25; relevant (tier A/B) = CSAnews2021 (10.1002/csan.20493); Lorenz2013 (10.1534/g3.112.004911); adjacent tier C=2; contradicting=0"
2026-10-06,"Crossref API (curl, rows=25)",phenotyping throughput versus accuracy genetic gain simulation,25,2,id=096; group=F_extra; keyword-screen passes=3; total-results=2694728; relevant (tier A/B) = CSAnews2021 (10.1002/csan.20493); Lorenz2013 (10.1534/g3.112.004911); adjacent tier C=2; contradicting=0
2026-10-06,federated search (limit 25),genomic selection versus phenotyping cost genetic gain simulation economic,25,1,id=097; group=F_extra; keyword-screen passes=10; attempts=1; hits also in Crossref-direct top25=25/25; relevant (tier A/B) = Lorenz2013 (10.1534/g3.112.004911); adjacent tier C=0; contradicting=0
2026-10-06,"Crossref API (curl, rows=25)",genomic selection versus phenotyping cost genetic gain simulation economic,25,1,id=097; group=F_extra; keyword-screen passes=10; total-results=4898519; relevant (tier A/B) = Lorenz2013 (10.1534/g3.112.004911); adjacent tier C=0; contradicting=0
2026-10-06,federated search (limit 25),economic analysis of high-throughput phenotyping investment plant breeding,25,0,"id=098; group=F_extra; keyword-screen passes=3; attempts=3 (first attempt empty/invalid, backend flake; re-run until non-empty); hits also in Crossref-direct top25=24/25; relevant (tier A/B) = none; adjacent tier C=0; contradicting=0"
2026-10-06,"Crossref API (curl, rows=25)",economic analysis of high-throughput phenotyping investment plant breeding,25,0,id=098; group=F_extra; keyword-screen passes=3; total-results=12505030; relevant (tier A/B) = none; adjacent tier C=0; contradicting=0
2026-10-06,federated search (limit 25),economic evaluation of phenotyping technology plant breeding,25,0,id=099; group=G_extra_crossref_backup; keyword-screen passes=1; attempts=1; hits also in Crossref-direct top25=25/25; relevant (tier A/B) = none; adjacent tier C=1; contradicting=0
2026-10-06,"Crossref API (curl, rows=25)",economic evaluation of phenotyping technology plant breeding,25,0,id=099; group=G_extra_crossref_backup; keyword-screen passes=1; total-results=11349305; relevant (tier A/B) = none; adjacent tier C=1; contradicting=0
2026-10-06,federated search (limit 25),phenotyping technology adoption plant breeders economic model,25,2,id=100; group=G_extra_crossref_backup; keyword-screen passes=1; attempts=1; hits also in Crossref-direct top25=24/25; relevant (tier A/B) = Awada-chapter (10.1201/9781315177304-18); Awada2018 (10.1007/s10681-018-2226-z); adjacent tier C=1; contradicting=0
2026-10-06,"Crossref API (curl, rows=25)",phenotyping technology adoption plant breeders economic model,25,2,id=100; group=G_extra_crossref_backup; keyword-screen passes=1; total-results=12353825; relevant (tier A/B) = Awada-chapter (10.1201/9781315177304-18); Awada2018 (10.1007/s10681-018-2226-z); adjacent tier C=1; contradicting=0
2026-10-06,federated search (limit 25),breeding program simulation economic return phenotyping,25,1,"id=101; group=G_extra_crossref_backup; keyword-screen passes=3; attempts=2 (first attempt empty/invalid, backend flake; re-run until non-empty); hits also in Crossref-direct top25=25/25; relevant (tier A/B) = Obsteter2020-preprint (10.1101/2020.08.16.252841); adjacent tier C=1; contradicting=0"
2026-10-06,"Crossref API (curl, rows=25)",breeding program simulation economic return phenotyping,25,1,id=101; group=G_extra_crossref_backup; keyword-screen passes=3; total-results=5149215; relevant (tier A/B) = Obsteter2020-preprint (10.1101/2020.08.16.252841); adjacent tier C=1; contradicting=0
2026-10-06,federated search (limit 25),benefit cost phenotyping platform breeding,25,0,id=102; group=G_extra_crossref_backup; keyword-screen passes=2; attempts=1; hits also in Crossref-direct top25=24/25; relevant (tier A/B) = none; adjacent tier C=1; contradicting=0
2026-10-06,"Crossref API (curl, rows=25)",benefit cost phenotyping platform breeding,25,0,id=102; group=G_extra_crossref_backup; keyword-screen passes=2; total-results=999167; relevant (tier A/B) = none; adjacent tier C=1; contradicting=0
2026-10-06,federated search (limit 25),value of phenotyping information breeding decision,25,0,"id=103; group=G_extra_crossref_backup; keyword-screen passes=0; attempts=2 (first attempt empty/invalid, backend flake; re-run until non-empty); hits also in Crossref-direct top25=25/25; relevant (tier A/B) = none; adjacent tier C=0; contradicting=0"
2026-10-06,"Crossref API (curl, rows=25)",value of phenotyping information breeding decision,25,0,id=103; group=G_extra_crossref_backup; keyword-screen passes=0; total-results=5385844; relevant (tier A/B) = none; adjacent tier C=0; contradicting=0
2026-10-06,federated search (limit 25),AI-assisted phenotyping cost savings genetic gain,25,0,id=104; group=G_extra_crossref_backup; keyword-screen passes=2; attempts=1; hits also in Crossref-direct top25=25/25; relevant (tier A/B) = none; adjacent tier C=1; contradicting=0
2026-10-06,"Crossref API (curl, rows=25)",AI-assisted phenotyping cost savings genetic gain,25,0,id=104; group=G_extra_crossref_backup; keyword-screen passes=2; total-results=2387616; relevant (tier A/B) = none; adjacent tier C=1; contradicting=0
2026-10-06,federated search (limit 25),sensitivity analysis breeding program simulation economic,25,1,id=105; group=G_extra_crossref_backup; keyword-screen passes=2; attempts=1; hits also in Crossref-direct top25=25/25; relevant (tier A/B) = WheatQualityTesting1991 (10.1111/j.1439-0523.1991.tb00491.x); adjacent tier C=1; contradicting=0
2026-10-06,"Crossref API (curl, rows=25)",sensitivity analysis breeding program simulation economic,25,1,id=105; group=G_extra_crossref_backup; keyword-screen passes=2; total-results=11499604; relevant (tier A/B) = WheatQualityTesting1991 (10.1111/j.1439-0523.1991.tb00491.x); adjacent tier C=1; contradicting=0
2026-10-06,federated search (limit 25),expected value of information agricultural research priority setting breeding,25,0,id=106; group=G_extra_crossref_backup; keyword-screen passes=0; attempts=1; hits also in Crossref-direct top25=25/25; relevant (tier A/B) = none; adjacent tier C=1; contradicting=0
2026-10-06,"Crossref API (curl, rows=25)",expected value of information agricultural research priority setting breeding,25,0,id=106; group=G_extra_crossref_backup; keyword-screen passes=0; total-results=19295624; relevant (tier A/B) = none; adjacent tier C=1; contradicting=0
2026-10-06,federated search (limit 25),phenotyping error genetic gain economic value common bean,25,0,id=107; group=G_extra_crossref_backup; keyword-screen passes=3; attempts=1; hits also in Crossref-direct top25=25/25; relevant (tier A/B) = none; adjacent tier C=0; contradicting=0
2026-10-06,"Crossref API (curl, rows=25)",phenotyping error genetic gain economic value common bean,25,0,id=107; group=G_extra_crossref_backup; keyword-screen passes=3; total-results=3648323; relevant (tier A/B) = none; adjacent tier C=0; contradicting=0
2026-10-06,federated search (limit 25),ex ante evaluation phenotyping technology CGIAR breeding,25,0,id=108; group=G_extra_crossref_backup; keyword-screen passes=0; attempts=1; hits also in Crossref-direct top25=25/25; relevant (tier A/B) = none; adjacent tier C=0; contradicting=0
2026-10-06,"Crossref API (curl, rows=25)",ex ante evaluation phenotyping technology CGIAR breeding,25,0,id=108; group=G_extra_crossref_backup; keyword-screen passes=0; total-results=8955798; relevant (tier A/B) = none; adjacent tier C=0; contradicting=0
2026-10-06,federated search (limit 25),phenotyping accuracy versus throughput genetic gain breeding simulation,25,1,"id=109; group=G_extra_crossref_backup; keyword-screen passes=3; attempts=2 (first attempt empty/invalid, backend flake; re-run until non-empty); hits also in Crossref-direct top25=25/25; relevant (tier A/B) = Lorenz2013 (10.1534/g3.112.004911); adjacent tier C=1; contradicting=0"
2026-10-06,"Crossref API (curl, rows=25)",phenotyping accuracy versus throughput genetic gain breeding simulation,25,1,id=109; group=G_extra_crossref_backup; keyword-screen passes=3; total-results=2823096; relevant (tier A/B) = Lorenz2013 (10.1534/g3.112.004911); adjacent tier C=1; contradicting=0
2026-10-06,federated search (limit 25),mobile phone imagery phenotyping breeding program economic impact,25,0,id=110; group=G_extra_crossref_backup; keyword-screen passes=1; attempts=1; hits also in Crossref-direct top25=25/25; relevant (tier A/B) = none; adjacent tier C=0; contradicting=0
2026-10-06,"Crossref API (curl, rows=25)",mobile phone imagery phenotyping breeding program economic impact,25,0,id=110; group=G_extra_crossref_backup; keyword-screen passes=1; total-results=6393579; relevant (tier A/B) = none; adjacent tier C=0; contradicting=0
2026-10-06,Europe PMC REST API (supplementary; TITLE_ABS Boolean),"(TITLE_ABS:""value of information"" OR TITLE_ABS:EVPPI OR TITLE_ABS:EVPI OR TITLE_ABS:""expected value of perfect"") AND (TITLE_ABS:""plant breeding"" OR TITLE_ABS:""crop breeding"" OR TITLE_ABS:""breeding program*"" OR TITLE_ABS:cultivar OR TITLE_ABS:phenotyp*)",23,0,epmc-id=01; hitCount=23; relevant (tier A/B) = none; adjacent tier C=0; contradicting=0; added because OpenAlex and Semantic Scholar were rate-limited
2026-10-06,Europe PMC REST API (supplementary; TITLE_ABS Boolean),"(TITLE_ABS:phenotyp* OR TITLE_ABS:phenomic*) AND (TITLE_ABS:""net present value"" OR TITLE_ABS:""cost-benefit"" OR TITLE_ABS:""return on investment"" OR TITLE_ABS:""economic value"" OR TITLE_ABS:""economic analysis"" OR TITLE_ABS:""economic evaluation"") AND TITLE_ABS:breeding",25,0,epmc-id=02; hitCount=182; relevant (tier A/B) = none; adjacent tier C=0; contradicting=0; added because OpenAlex and Semantic Scholar were rate-limited
2026-10-06,Europe PMC REST API (supplementary; TITLE_ABS Boolean),"TITLE_ABS:AlphaSimR AND (TITLE_ABS:economic OR TITLE_ABS:cost OR TITLE_ABS:""net present value"" OR TITLE_ABS:budget OR TITLE_ABS:phenotyping)",12,1,epmc-id=03; hitCount=12; relevant (tier A/B) = Jannink2024 (10.1002/csc2.21124); adjacent tier C=2; contradicting=0; added because OpenAlex and Semantic Scholar were rate-limited
2026-10-06,Europe PMC REST API (supplementary; TITLE_ABS Boolean),"(TITLE_ABS:phenotyp* OR TITLE_ABS:phenomic*) AND (TITLE_ABS:""genetic gain"" OR TITLE_ABS:""response to selection"") AND TITLE_ABS:simulat* AND (TITLE_ABS:cost OR TITLE_ABS:budget OR TITLE_ABS:economic OR TITLE_ABS:""net present value"")",25,2,epmc-id=04; hitCount=64; relevant (tier A/B) = Hassanpour2024 (10.1093/g3journal/jkae248); Obsteter2021 (10.3389/fgene.2021.637017); adjacent tier C=1; contradicting=0; added because OpenAlex and Semantic Scholar were rate-limited
2026-10-06,Europe PMC REST API (supplementary; TITLE_ABS Boolean),"(TITLE_ABS:phenotyp* OR TITLE_ABS:phenomic*) AND TITLE_ABS:adoption AND (TITLE_ABS:""plant breeding"" OR TITLE_ABS:""breeding program"") AND (TITLE_ABS:economic OR TITLE_ABS:""net present value"")",0,0,epmc-id=05; hitCount=0; relevant (tier A/B) = none; adjacent tier C=0; contradicting=0; added because OpenAlex and Semantic Scholar were rate-limited
2026-10-06,Europe PMC REST API (supplementary; TITLE_ABS Boolean),"(TITLE_ABS:""global sensitivity analysis"" OR TITLE_ABS:Sobol) AND (TITLE_ABS:""breeding program"" OR TITLE_ABS:AlphaSimR OR TITLE_ABS:""breeding simulation"")",0,0,epmc-id=06; hitCount=0; relevant (tier A/B) = none; adjacent tier C=0; contradicting=0; added because OpenAlex and Semantic Scholar were rate-limited
2026-10-06,Europe PMC REST API (supplementary; TITLE_ABS Boolean),"(TITLE_ABS:""artificial intelligence"" OR TITLE_ABS:""deep learning"" OR TITLE_ABS:smartphone) AND TITLE_ABS:phenotyp* AND (TITLE_ABS:""economic value"" OR TITLE_ABS:""net present value"" OR TITLE_ABS:""return on investment"" OR TITLE_ABS:""cost-benefit"") AND TITLE_ABS:breeding",3,0,epmc-id=07; hitCount=3; relevant (tier A/B) = none; adjacent tier C=0; contradicting=0; added because OpenAlex and Semantic Scholar were rate-limited
2026-10-06,Europe PMC REST API (supplementary; TITLE_ABS Boolean),"(TITLE_ABS:""common bean"" OR TITLE_ABS:""Phaseolus vulgaris"") AND TITLE_ABS:phenotyp* AND (TITLE_ABS:economic OR TITLE_ABS:""net present value"" OR TITLE_ABS:""return on investment"" OR TITLE_ABS:""cost-benefit"")",17,0,epmc-id=08; hitCount=17; relevant (tier A/B) = none; adjacent tier C=0; contradicting=0; added because OpenAlex and Semantic Scholar were rate-limited
2026-10-06,Europe PMC REST API (supplementary; TITLE_ABS Boolean),"TITLE_ABS:""value of information"" AND (TITLE_ABS:""variety trials"" OR TITLE_ABS:""crop breeding"" OR TITLE_ABS:""plant breeding"" OR TITLE_ABS:""genetic improvement"" OR TITLE_ABS:""genetic gain"")",1,0,epmc-id=09; hitCount=1; relevant (tier A/B) = none; adjacent tier C=0; contradicting=0; added because OpenAlex and Semantic Scholar were rate-limited
2026-10-06,Europe PMC REST API (supplementary; TITLE_ABS Boolean),"(TITLE_ABS:""high-throughput phenotyping"" OR TITLE_ABS:""image-based phenotyping"" OR TITLE_ABS:""digital phenotyping"" OR TITLE_ABS:""smartphone phenotyping"" OR TITLE_ABS:phenomics) AND (TITLE_ABS:""economic value"" OR TITLE_ABS:""net present value"" OR TITLE_ABS:cost-benefit OR TITLE_ABS:""return on investment"" OR TITLE_ABS:""value of information"" OR TITLE_ABS:EVPPI) AND (TITLE_ABS:""genetic gain"" OR TITLE_ABS:""breeding program"" OR TITLE_ABS:""breeding simulation"")",3,1,epmc-id=10; hitCount=3; relevant (tier A/B) = KSU-wheat-GS (10.1101/2020.10.07.330415); adjacent tier C=0; contradicting=0; added because OpenAlex and Semantic Scholar were rate-limited
2026-10-06,Europe PMC REST API (supplementary; TITLE_ABS Boolean),"TITLE_ABS:phenotyp* AND TITLE_ABS:""breeding program"" AND (TITLE_ABS:economic OR TITLE_ABS:cost) AND (TITLE_ABS:simulation OR TITLE_ABS:stochastic)",23,2,epmc-id=11; hitCount=23; relevant (tier A/B) = Peixoto2024 (10.1002/csc2.21139); RyegrassAlloc2017 (10.2135/cropsci2016.07.0577); adjacent tier C=1; contradicting=0; added because OpenAlex and Semantic Scholar were rate-limited
2026-10-06,Europe PMC REST API (supplementary; TITLE_ABS Boolean),"(TITLE_ABS:""value of information"" OR TITLE_ABS:EVPPI OR TITLE_ABS:EVPI) AND (TITLE_ABS:agricultur* OR TITLE_ABS:crop* OR TITLE_ABS:breeding OR TITLE_ABS:cultivar)",25,0,epmc-id=12; hitCount=42; relevant (tier A/B) = none; adjacent tier C=0; contradicting=0; added because OpenAlex and Semantic Scholar were rate-limited
2026-10-06,"OpenAlex API (direct, title_and_abstract.search)","(phenotyping OR phenomics) AND (""value of information"" OR EVPPI OR EVPI OR ""expected value of perfect information"")",0,0,NOT RUN: HTTP 429 'Rate limit exceeded: daily budget used up' (raw/openalex_failed/oa_rate_limit_response.json); attempt 1 of 10; no results; contradicting=0
2026-10-06,"OpenAlex API (direct, title_and_abstract.search)","(""plant breeding"" OR ""crop breeding"" OR ""breeding program"" OR cultivar) AND (""value of information"" OR EVPPI OR EVPI OR ""expected value of perfect"")",0,0,NOT RUN: HTTP 429 'Rate limit exceeded: daily budget used up' (raw/openalex_failed/oa_rate_limit_response.json); attempt 2 of 10; no results; contradicting=0
2026-10-06,"OpenAlex API (direct, title_and_abstract.search)","(phenotyping OR phenomics) AND breeding AND (""net present value"" OR ""cost-benefit"" OR ""benefit-cost"" OR ""return on investment"" OR ""economic value"" OR ""economic analysis"" OR ""economic evaluation"")",0,0,NOT RUN: HTTP 429 'Rate limit exceeded: daily budget used up' (raw/openalex_failed/oa_rate_limit_response.json); attempt 3 of 10; no results; contradicting=0
2026-10-06,"OpenAlex API (direct, title_and_abstract.search)","AlphaSimR AND (economic OR cost OR ""net present value"" OR budget OR phenotyping)",0,0,NOT RUN: HTTP 429 'Rate limit exceeded: daily budget used up' (raw/openalex_failed/oa_rate_limit_response.json); attempt 4 of 10; no results; contradicting=0
2026-10-06,"OpenAlex API (direct, title_and_abstract.search)","(phenotyping OR phenomics) AND (""genetic gain"" OR ""response to selection"") AND (simulation OR simulated) AND (cost OR budget OR economic OR ""net present value"")",0,0,NOT RUN: HTTP 429 'Rate limit exceeded: daily budget used up' (raw/openalex_failed/oa_rate_limit_response.json); attempt 5 of 10; no results; contradicting=0
2026-10-06,"OpenAlex API (direct, title_and_abstract.search)","(phenotyping OR phenomics) AND adoption AND (""plant breeding"" OR ""breeding program"") AND (economic OR ""net present value"" OR model)",0,0,NOT RUN: HTTP 429 'Rate limit exceeded: daily budget used up' (raw/openalex_failed/oa_rate_limit_response.json); attempt 6 of 10; no results; contradicting=0
2026-10-06,"OpenAlex API (direct, title_and_abstract.search)","(""global sensitivity analysis"" OR Sobol) AND (""breeding program"" OR AlphaSimR OR ""breeding simulation"")",0,0,NOT RUN: HTTP 429 'Rate limit exceeded: daily budget used up' (raw/openalex_failed/oa_rate_limit_response.json); attempt 7 of 10; no results; contradicting=0
2026-10-06,"OpenAlex API (direct, title_and_abstract.search)","(""artificial intelligence"" OR ""deep learning"" OR smartphone) AND phenotyping AND (""economic value"" OR ""net present value"" OR ""return on investment"" OR ""cost-benefit"")",0,0,NOT RUN: HTTP 429 'Rate limit exceeded: daily budget used up' (raw/openalex_failed/oa_rate_limit_response.json); attempt 8 of 10; no results; contradicting=0
2026-10-06,"OpenAlex API (direct, title_and_abstract.search)","(""common bean"" OR ""Phaseolus vulgaris"") AND phenotyping AND (economic OR ""net present value"" OR ""return on investment"" OR ""cost-benefit"")",0,0,NOT RUN: HTTP 429 'Rate limit exceeded: daily budget used up' (raw/openalex_failed/oa_rate_limit_response.json); attempt 9 of 10; no results; contradicting=0
2026-10-06,"OpenAlex API (direct, title_and_abstract.search)","""value of information"" AND (""variety trials"" OR ""crop breeding"" OR ""plant breeding"" OR ""genetic improvement"")",0,0,NOT RUN: HTTP 429 'Rate limit exceeded: daily budget used up' (raw/openalex_failed/oa_rate_limit_response.json); attempt 10 of 10; no results; contradicting=0
2026-10-06,Semantic Scholar Graph API (direct),value of information plant breeding phenotyping,0,0,NOT RUN: HTTP 429 Too Many Requests (no API key); no results; contradicting=0
2026-10-06,Semantic Scholar Graph API (direct),economic value high-throughput phenotyping breeding program simulation,0,0,NOT RUN: HTTP 429 Too Many Requests (no API key); no results; contradicting=0
2026-10-06,Semantic Scholar Graph API (direct),value of information plant breeding,0,0,NOT RUN: HTTP 429 Too Many Requests (no API key); no results; contradicting=0
2026-10-06,WebSearch (supplementary web check),"""Robustness of plant breeding systems under automated phenotyping"" Smart Agricultural Technology abstract",9,0,"title lookup for candidate 10.1016/j.atech.2023.100225 (Gerullis & Schulz 2023); social-ecological-technical analysis of automated phenotyping and crop genetic diversity; no simulation, no economics; tier C; contradicting=0"
2026-10-06,WebSearch (supplementary web check),"""Phenotyping Throughput Is More Important than Accuracy"" Crops & Soils 2021",10,2,"title lookup for 10.1002/csan.20493; identified Lane & Murray 2021 (10.1002/csc2.20514), the simulation behind it; relevant = CSA News piece + Lane & Murray; contradicting=0"
2026-10-06,WebSearch (supplementary web check),value of information EVPPI plant breeding phenotyping investment,10,0,all hits health-economics VOI methods; no plant breeding VOI study; contradicting=0
2026-10-06,WebSearch (supplementary web check),net present value high-throughput phenotyping breeding program AlphaSimR simulation economic,9,2,"AlphaSimR papers + Barrett 2022 ryegrass (genetic modelling + farm-system economics of GS and HTP, 10.33584/jnzg.2021.83.3510) + Jahufer 2021; contradicting=0"
2026-10-06,WebSearch (supplementary web check),economic value of AI image-based phenotyping breeding program return on investment genetic gain simulation,10,0,"no economic valuation of AI phenotyping found; hits were phenotyping/selection-accuracy papers (e.g. 10.3389/fpls.2021.768742, tier C); contradicting=0"
2026-10-06,WebSearch (supplementary web check),cost-benefit analysis high-throughput phenotyping plant breeding genetic gain,9,3,"KSU wheat GS economics preprint (10.1101/2020.10.07.330415), Jahufer 2021 (10.1038/s41598-021-92537-w), Araus 2018 review (tier C); contradicting=0"
2026-10-06,WebSearch (supplementary web check),expected value of partial perfect information crop breeding research investment uncertainty,9,1,"health-economics EVPPI methods; IFPRI experiment on plant-breeding R&D investment under ambiguity (Do Nascimento Miguel, Kramer, Trachtman; SSRN 10.2139/ssrn.6596534, Crossref-verified 2026-10-06; AgEcon version 10.22004/ag.econ.361021; behavioural experiment on willingness to pay for market information, not a VOI model of a phenotyping tool); contradicting=0"
2026-10-06,WebSearch (supplementary web check),smartphone phenotyping breeding program economic adoption model simulation smallholder,9,1,Lasdun et al. 2024 (already cited; no economics); contradicting=0
2026-10-06,WebSearch (supplementary web check),"Kramer Trachtman ""Reducing ambiguity in agricultural research and development"" plant breeding professionals experiment IFPRI",9,1,"identified IFPRI Discussion Paper 02314 'Market Information and R&D Investment under Ambiguity' (SSRN 10.2139/ssrn.6596534; AgEcon 10.22004/ag.econ.361021); framed artefactual experiment with plant-breeding experts on buying market information; VOI-adjacent, no model of phenotyping; contradicting=0"
2026-10-06,WebSearch (supplementary web check),"Gerullis Schulz 2023 ""plant breeding systems"" automated phenotyping robustness Smart Agricultural Technology 5 100225 abstract",10,0,"abstract lookup; confirmed qualitative systems analysis, not an economic or simulation valuation; contradicting=0"
2026-10-06,WebSearch (supplementary web check),"""Robustness of plant breeding systems under automated phenotyping"" Gerullis Schulz resilience breeding programs automated phenotyping framework (extended mode)",9,0,abstract confirmed qualitative; tier C; contradicting=0
